#,Arquivo:,C:/Documents,and,Settings/AULA/Desktop/Edmur,-,Giga/He_1.txt
#,Tensao,inicial:,10.0,,,
#,Tensao,final:,50.0,,,
#,Passo:,0.0242,,,,
1.000000000000000000e+01	3.000000000000000000e+00,,,,,,
1.002420000000000044e+01	3.000000000000000000e+00,,,,,,
1.004840000000000089e+01	3.000000000000000000e+00,,,,,,
1.007260000000000133e+01	4.000000000000000000e+00,,,,,,
1.009680000000000177e+01	3.000000000000000000e+00,,,,,,
1.012100000000000222e+01	3.000000000000000000e+00,,,,,,
1.014520000000000266e+01	3.000000000000000000e+00,,,,,,
1.016940000000000310e+01	4.000000000000000000e+00,,,,,,
1.019360000000000355e+01	4.000000000000000000e+00,,,,,,
1.021780000000000399e+01	4.000000000000000000e+00,,,,,,
1.024200000000000443e+01	5.000000000000000000e+00,,,,,,
1.026620000000000488e+01	5.000000000000000000e+00,,,,,,
1.029040000000000532e+01	4.000000000000000000e+00,,,,,,
1.031460000000000576e+01	4.000000000000000000e+00,,,,,,
1.033880000000000621e+01	4.000000000000000000e+00,,,,,,
1.036300000000000665e+01	5.000000000000000000e+00,,,,,,
1.038720000000000709e+01	5.000000000000000000e+00,,,,,,
1.041140000000000754e+01	5.000000000000000000e+00,,,,,,
1.043560000000000798e+01	5.000000000000000000e+00,,,,,,
1.045980000000000842e+01	5.000000000000000000e+00,,,,,,
1.048400000000000887e+01	5.000000000000000000e+00,,,,,,
1.050820000000000931e+01	5.000000000000000000e+00,,,,,,
1.053240000000000975e+01	5.000000000000000000e+00,,,,,,
1.055660000000001020e+01	6.000000000000000000e+00,,,,,,
1.058080000000001064e+01	6.000000000000000000e+00,,,,,,
1.060500000000001108e+01	5.000000000000000000e+00,,,,,,
1.062920000000001153e+01	4.000000000000000000e+00,,,,,,
1.065340000000001197e+01	4.000000000000000000e+00,,,,,,
1.067760000000001241e+01	3.000000000000000000e+00,,,,,,
1.070180000000001286e+01	3.000000000000000000e+00,,,,,,
1.072600000000001330e+01	4.000000000000000000e+00,,,,,,
1.075020000000001374e+01	4.000000000000000000e+00,,,,,,
1.077440000000001419e+01	4.000000000000000000e+00,,,,,,
1.079860000000001463e+01	4.000000000000000000e+00,,,,,,
1.082280000000001507e+01	4.000000000000000000e+00,,,,,,
1.084700000000001552e+01	4.000000000000000000e+00,,,,,,
1.087120000000001596e+01	4.000000000000000000e+00,,,,,,
1.089540000000001641e+01	4.000000000000000000e+00,,,,,,
1.091960000000001685e+01	5.000000000000000000e+00,,,,,,
1.094380000000001729e+01	5.000000000000000000e+00,,,,,,
1.096800000000001774e+01	5.000000000000000000e+00,,,,,,
1.099220000000001818e+01	5.000000000000000000e+00,,,,,,
1.101640000000001862e+01	5.000000000000000000e+00,,,,,,
1.104060000000001907e+01	5.000000000000000000e+00,,,,,,
1.106480000000001951e+01	5.000000000000000000e+00,,,,,,
1.108900000000001995e+01	5.000000000000000000e+00,,,,,,
1.111320000000002040e+01	6.000000000000000000e+00,,,,,,
1.113740000000002084e+01	6.000000000000000000e+00,,,,,,
1.116160000000002128e+01	6.000000000000000000e+00,,,,,,
1.118580000000002173e+01	6.000000000000000000e+00,,,,,,
1.121000000000002217e+01	6.000000000000000000e+00,,,,,,
1.123420000000002261e+01	6.000000000000000000e+00,,,,,,
1.125840000000002306e+01	6.000000000000000000e+00,,,,,,
1.128260000000002350e+01	6.000000000000000000e+00,,,,,,
1.130680000000002394e+01	7.000000000000000000e+00,,,,,,
1.133100000000002439e+01	7.000000000000000000e+00,,,,,,
1.135520000000002483e+01	7.000000000000000000e+00,,,,,,
1.137940000000002527e+01	7.000000000000000000e+00,,,,,,
1.140360000000002572e+01	6.000000000000000000e+00,,,,,,
1.142780000000002616e+01	7.000000000000000000e+00,,,,,,
1.145200000000002660e+01	7.000000000000000000e+00,,,,,,
1.147620000000002705e+01	7.000000000000000000e+00,,,,,,
1.150040000000002749e+01	8.000000000000000000e+00,,,,,,
1.152460000000002793e+01	8.000000000000000000e+00,,,,,,
1.154880000000002838e+01	8.000000000000000000e+00,,,,,,
1.157300000000002882e+01	7.000000000000000000e+00,,,,,,
1.159720000000002926e+01	7.000000000000000000e+00,,,,,,
1.162140000000002971e+01	8.000000000000000000e+00,,,,,,
1.164560000000003015e+01	8.000000000000000000e+00,,,,,,
1.166980000000003059e+01	9.000000000000000000e+00,,,,,,
1.169400000000003104e+01	9.000000000000000000e+00,,,,,,
1.171820000000003148e+01	9.000000000000000000e+00,,,,,,
1.174240000000003192e+01	8.000000000000000000e+00,,,,,,
1.176660000000003237e+01	8.000000000000000000e+00,,,,,,
1.179080000000003281e+01	9.000000000000000000e+00,,,,,,
1.181500000000003325e+01	9.000000000000000000e+00,,,,,,
1.183920000000003370e+01	9.000000000000000000e+00,,,,,,
1.186340000000003414e+01	1.000000000000000000e+01,,,,,,
1.188760000000003458e+01	1.000000000000000000e+01,,,,,,
1.191180000000003503e+01	1.000000000000000000e+01,,,,,,
1.193600000000003547e+01	9.000000000000000000e+00,,,,,,
1.196020000000003591e+01	1.100000000000000000e+01,,,,,,
1.198440000000003636e+01	1.900000000000000000e+01,,,,,,
1.200860000000003680e+01	0.000000000000000000e+00,,,,,,
1.203280000000003724e+01	1.000000000000000000e+00,,,,,,
1.205700000000003769e+01	5.000000000000000000e+00,,,,,,
1.208120000000003813e+01	9.000000000000000000e+00,,,,,,
1.210540000000003857e+01	1.000000000000000000e+01,,,,,,
1.212960000000003902e+01	1.100000000000000000e+01,,,,,,
1.215380000000003946e+01	1.100000000000000000e+01,,,,,,
1.217800000000003990e+01	1.200000000000000000e+01,,,,,,
1.220220000000004035e+01	1.300000000000000000e+01,,,,,,
1.222640000000004079e+01	1.400000000000000000e+01,,,,,,
1.225060000000004123e+01	1.500000000000000000e+01,,,,,,
1.227480000000004168e+01	1.400000000000000000e+01,,,,,,
1.229900000000004212e+01	1.700000000000000000e+01,,,,,,
1.232320000000004256e+01	1.900000000000000000e+01,,,,,,
1.234740000000004301e+01	2.000000000000000000e+01,,,,,,
1.237160000000004345e+01	2.000000000000000000e+01,,,,,,
1.239580000000004389e+01	2.000000000000000000e+01,,,,,,
1.242000000000004434e+01	2.000000000000000000e+01,,,,,,
1.244420000000004478e+01	1.900000000000000000e+01,,,,,,
1.246840000000004522e+01	1.700000000000000000e+01,,,,,,
1.249260000000004567e+01	1.600000000000000000e+01,,,,,,
1.251680000000004611e+01	1.500000000000000000e+01,,,,,,
1.254100000000004655e+01	1.500000000000000000e+01,,,,,,
1.256520000000004700e+01	1.600000000000000000e+01,,,,,,
1.258940000000004744e+01	1.600000000000000000e+01,,,,,,
1.261360000000004788e+01	1.700000000000000000e+01,,,,,,
1.263780000000004833e+01	1.700000000000000000e+01,,,,,,
1.266200000000004877e+01	1.700000000000000000e+01,,,,,,
1.268620000000004922e+01	1.700000000000000000e+01,,,,,,
1.271040000000004966e+01	1.700000000000000000e+01,,,,,,
1.273460000000005010e+01	1.700000000000000000e+01,,,,,,
1.275880000000005055e+01	1.800000000000000000e+01,,,,,,
1.278300000000005099e+01	1.800000000000000000e+01,,,,,,
1.280720000000005143e+01	1.900000000000000000e+01,,,,,,
1.283140000000005188e+01	1.900000000000000000e+01,,,,,,
1.285560000000005232e+01	1.900000000000000000e+01,,,,,,
1.287980000000005276e+01	1.900000000000000000e+01,,,,,,
1.290400000000005321e+01	1.900000000000000000e+01,,,,,,
1.292820000000005365e+01	1.900000000000000000e+01,,,,,,
1.295240000000005409e+01	2.000000000000000000e+01,,,,,,
1.297660000000005454e+01	2.000000000000000000e+01,,,,,,
1.300080000000005498e+01	2.100000000000000000e+01,,,,,,
1.302500000000005542e+01	2.100000000000000000e+01,,,,,,
1.304920000000005587e+01	2.100000000000000000e+01,,,,,,
1.307340000000005631e+01	2.100000000000000000e+01,,,,,,
1.309760000000005675e+01	2.100000000000000000e+01,,,,,,
1.312180000000005720e+01	2.100000000000000000e+01,,,,,,
1.314600000000005764e+01	2.100000000000000000e+01,,,,,,
1.317020000000005808e+01	2.200000000000000000e+01,,,,,,
1.319440000000005853e+01	2.200000000000000000e+01,,,,,,
1.321860000000005897e+01	2.300000000000000000e+01,,,,,,
1.324280000000005941e+01	2.300000000000000000e+01,,,,,,
1.326700000000005986e+01	2.300000000000000000e+01,,,,,,
1.329120000000006030e+01	2.300000000000000000e+01,,,,,,
1.331540000000006074e+01	2.300000000000000000e+01,,,,,,
1.333960000000006119e+01	2.400000000000000000e+01,,,,,,
1.336380000000006163e+01	2.400000000000000000e+01,,,,,,
1.338800000000006207e+01	2.500000000000000000e+01,,,,,,
1.341220000000006252e+01	2.600000000000000000e+01,,,,,,
1.343640000000006296e+01	2.600000000000000000e+01,,,,,,
1.346060000000006340e+01	2.600000000000000000e+01,,,,,,
1.348480000000006385e+01	2.600000000000000000e+01,,,,,,
1.350900000000006429e+01	2.600000000000000000e+01,,,,,,
1.353320000000006473e+01	2.600000000000000000e+01,,,,,,
1.355740000000006518e+01	2.700000000000000000e+01,,,,,,
1.358160000000006562e+01	2.700000000000000000e+01,,,,,,
1.360580000000006606e+01	2.800000000000000000e+01,,,,,,
1.363000000000006651e+01	2.800000000000000000e+01,,,,,,
1.365420000000006695e+01	2.900000000000000000e+01,,,,,,
1.367840000000006739e+01	2.900000000000000000e+01,,,,,,
1.370260000000006784e+01	2.900000000000000000e+01,,,,,,
1.372680000000006828e+01	2.900000000000000000e+01,,,,,,
1.375100000000006872e+01	3.200000000000000000e+01,,,,,,
1.377520000000006917e+01	3.300000000000000000e+01,,,,,,
1.379940000000006961e+01	3.100000000000000000e+01,,,,,,
1.382360000000007005e+01	3.100000000000000000e+01,,,,,,
1.384780000000007050e+01	3.200000000000000000e+01,,,,,,
1.387200000000007094e+01	3.200000000000000000e+01,,,,,,
1.389620000000007138e+01	3.300000000000000000e+01,,,,,,
1.392040000000007183e+01	3.400000000000000000e+01,,,,,,
1.394460000000007227e+01	3.400000000000000000e+01,,,,,,
1.396880000000007271e+01	3.500000000000000000e+01,,,,,,
1.399300000000007316e+01	3.600000000000000000e+01,,,,,,
1.401720000000007360e+01	3.600000000000000000e+01,,,,,,
1.404140000000007404e+01	3.600000000000000000e+01,,,,,,
1.406560000000007449e+01	3.700000000000000000e+01,,,,,,
1.408980000000007493e+01	3.700000000000000000e+01,,,,,,
1.411400000000007537e+01	3.800000000000000000e+01,,,,,,
1.413820000000007582e+01	3.900000000000000000e+01,,,,,,
1.416240000000007626e+01	3.900000000000000000e+01,,,,,,
1.418660000000007670e+01	4.000000000000000000e+01,,,,,,
1.421080000000007715e+01	4.000000000000000000e+01,,,,,,
1.423500000000007759e+01	4.100000000000000000e+01,,,,,,
1.425920000000007803e+01	4.100000000000000000e+01,,,,,,
1.428340000000007848e+01	4.100000000000000000e+01,,,,,,
1.430760000000007892e+01	4.200000000000000000e+01,,,,,,
1.433180000000007936e+01	4.300000000000000000e+01,,,,,,
1.435600000000007981e+01	4.400000000000000000e+01,,,,,,
1.438020000000008025e+01	4.400000000000000000e+01,,,,,,
1.440440000000008069e+01	4.400000000000000000e+01,,,,,,
1.442860000000008114e+01	4.500000000000000000e+01,,,,,,
1.445280000000008158e+01	4.500000000000000000e+01,,,,,,
1.447700000000008203e+01	4.600000000000000000e+01,,,,,,
1.450120000000008247e+01	4.600000000000000000e+01,,,,,,
1.452540000000008291e+01	4.700000000000000000e+01,,,,,,
1.454960000000008336e+01	4.800000000000000000e+01,,,,,,
1.457380000000008380e+01	4.900000000000000000e+01,,,,,,
1.459800000000008424e+01	4.900000000000000000e+01,,,,,,
1.462220000000008469e+01	4.900000000000000000e+01,,,,,,
1.464640000000008513e+01	4.900000000000000000e+01,,,,,,
1.467060000000008557e+01	5.000000000000000000e+01,,,,,,
1.469480000000008602e+01	5.100000000000000000e+01,,,,,,
1.471900000000008646e+01	5.200000000000000000e+01,,,,,,
1.474320000000008690e+01	5.300000000000000000e+01,,,,,,
1.476740000000008735e+01	5.000000000000000000e+01,,,,,,
1.479160000000008779e+01	5.400000000000000000e+01,,,,,,
1.481580000000008823e+01	5.700000000000000000e+01,,,,,,
1.484000000000008868e+01	5.800000000000000000e+01,,,,,,
1.486420000000008912e+01	5.900000000000000000e+01,,,,,,
1.488840000000008956e+01	5.900000000000000000e+01,,,,,,
1.491260000000009001e+01	6.100000000000000000e+01,,,,,,
1.493680000000009045e+01	6.000000000000000000e+01,,,,,,
1.496100000000009089e+01	6.100000000000000000e+01,,,,,,
1.498520000000009134e+01	6.200000000000000000e+01,,,,,,
1.500940000000009178e+01	6.200000000000000000e+01,,,,,,
1.503360000000009222e+01	6.200000000000000000e+01,,,,,,
1.505780000000009267e+01	6.200000000000000000e+01,,,,,,
1.508200000000009311e+01	6.300000000000000000e+01,,,,,,
1.510620000000009355e+01	6.400000000000000000e+01,,,,,,
1.513040000000009400e+01	6.500000000000000000e+01,,,,,,
1.515460000000009444e+01	6.500000000000000000e+01,,,,,,
1.517880000000009488e+01	6.600000000000000000e+01,,,,,,
1.520300000000009533e+01	6.500000000000000000e+01,,,,,,
1.522720000000009577e+01	6.600000000000000000e+01,,,,,,
1.525140000000009621e+01	6.600000000000000000e+01,,,,,,
1.527560000000009666e+01	6.700000000000000000e+01,,,,,,
1.529980000000009710e+01	6.800000000000000000e+01,,,,,,
1.532400000000009754e+01	6.900000000000000000e+01,,,,,,
1.534820000000009799e+01	6.900000000000000000e+01,,,,,,
1.537240000000009843e+01	7.000000000000000000e+01,,,,,,
1.539660000000009887e+01	7.000000000000000000e+01,,,,,,
1.542080000000009932e+01	7.100000000000000000e+01,,,,,,
1.544500000000009976e+01	7.100000000000000000e+01,,,,,,
1.546920000000010020e+01	7.100000000000000000e+01,,,,,,
1.549340000000010065e+01	7.100000000000000000e+01,,,,,,
1.551760000000010109e+01	7.700000000000000000e+01,,,,,,
1.554180000000010153e+01	8.200000000000000000e+01,,,,,,
1.556600000000010198e+01	8.300000000000000000e+01,,,,,,
1.559020000000010242e+01	8.400000000000000000e+01,,,,,,
1.561440000000010286e+01	8.400000000000000000e+01,,,,,,
1.563860000000010331e+01	8.500000000000000000e+01,,,,,,
1.566280000000010375e+01	8.500000000000000000e+01,,,,,,
1.568700000000010419e+01	8.600000000000000000e+01,,,,,,
1.571120000000010464e+01	8.600000000000000000e+01,,,,,,
1.573540000000010508e+01	8.600000000000000000e+01,,,,,,
1.575960000000010552e+01	8.600000000000000000e+01,,,,,,
1.578380000000010597e+01	8.600000000000000000e+01,,,,,,
1.580800000000010641e+01	8.700000000000000000e+01,,,,,,
1.583220000000010685e+01	8.600000000000000000e+01,,,,,,
1.585640000000010730e+01	8.600000000000000000e+01,,,,,,
1.588060000000010774e+01	8.600000000000000000e+01,,,,,,
1.590480000000010818e+01	8.600000000000000000e+01,,,,,,
1.592900000000010863e+01	8.600000000000000000e+01,,,,,,
1.595320000000010907e+01	8.700000000000000000e+01,,,,,,
1.597740000000010951e+01	8.800000000000000000e+01,,,,,,
1.600160000000010996e+01	8.800000000000000000e+01,,,,,,
1.602580000000011040e+01	8.900000000000000000e+01,,,,,,
1.605000000000011084e+01	8.900000000000000000e+01,,,,,,
1.607420000000011129e+01	8.900000000000000000e+01,,,,,,
1.609840000000011173e+01	9.000000000000000000e+01,,,,,,
1.612260000000011217e+01	9.000000000000000000e+01,,,,,,
1.614680000000011262e+01	9.000000000000000000e+01,,,,,,
1.617100000000011306e+01	9.000000000000000000e+01,,,,,,
1.619520000000011350e+01	9.100000000000000000e+01,,,,,,
1.621940000000011395e+01	9.200000000000000000e+01,,,,,,
1.624360000000011439e+01	9.200000000000000000e+01,,,,,,
1.626780000000011484e+01	9.300000000000000000e+01,,,,,,
1.629200000000011528e+01	9.300000000000000000e+01,,,,,,
1.631620000000011572e+01	9.400000000000000000e+01,,,,,,
1.634040000000011617e+01	9.500000000000000000e+01,,,,,,
1.636460000000011661e+01	9.600000000000000000e+01,,,,,,
1.638880000000011705e+01	9.600000000000000000e+01,,,,,,
1.641300000000011750e+01	9.800000000000000000e+01,,,,,,
1.643720000000011794e+01	9.900000000000000000e+01,,,,,,
1.646140000000011838e+01	1.000000000000000000e+02,,,,,,
1.648560000000011883e+01	1.010000000000000000e+02,,,,,,
1.650980000000011927e+01	1.020000000000000000e+02,,,,,,
1.653400000000011971e+01	1.030000000000000000e+02,,,,,,
1.655820000000012016e+01	1.030000000000000000e+02,,,,,,
1.658240000000012060e+01	1.050000000000000000e+02,,,,,,
1.660660000000012104e+01	1.060000000000000000e+02,,,,,,
1.663080000000012149e+01	1.080000000000000000e+02,,,,,,
1.665500000000012193e+01	1.100000000000000000e+02,,,,,,
1.667920000000012237e+01	1.120000000000000000e+02,,,,,,
1.670340000000012282e+01	1.130000000000000000e+02,,,,,,
1.672760000000012326e+01	1.150000000000000000e+02,,,,,,
1.675180000000012370e+01	1.170000000000000000e+02,,,,,,
1.677600000000012415e+01	1.190000000000000000e+02,,,,,,
1.680020000000012459e+01	1.210000000000000000e+02,,,,,,
1.682440000000012503e+01	1.250000000000000000e+02,,,,,,
1.684860000000012548e+01	1.270000000000000000e+02,,,,,,
1.687280000000012592e+01	1.300000000000000000e+02,,,,,,
1.689700000000012636e+01	1.310000000000000000e+02,,,,,,
1.692120000000012681e+01	1.320000000000000000e+02,,,,,,
1.694540000000012725e+01	1.330000000000000000e+02,,,,,,
1.696960000000012769e+01	1.350000000000000000e+02,,,,,,
1.699380000000012814e+01	1.390000000000000000e+02,,,,,,
1.701800000000012858e+01	1.420000000000000000e+02,,,,,,
1.704220000000012902e+01	1.450000000000000000e+02,,,,,,
1.706640000000012947e+01	1.490000000000000000e+02,,,,,,
1.709060000000012991e+01	1.510000000000000000e+02,,,,,,
1.711480000000013035e+01	1.550000000000000000e+02,,,,,,
1.713900000000013080e+01	1.590000000000000000e+02,,,,,,
1.716320000000013124e+01	1.630000000000000000e+02,,,,,,
1.718740000000013168e+01	1.690000000000000000e+02,,,,,,
1.721160000000013213e+01	1.730000000000000000e+02,,,,,,
1.723580000000013257e+01	1.750000000000000000e+02,,,,,,
1.726000000000013301e+01	1.770000000000000000e+02,,,,,,
1.728420000000013346e+01	1.800000000000000000e+02,,,,,,
1.730840000000013390e+01	1.840000000000000000e+02,,,,,,
1.733260000000013434e+01	1.880000000000000000e+02,,,,,,
1.735680000000013479e+01	1.900000000000000000e+02,,,,,,
1.738100000000013523e+01	1.930000000000000000e+02,,,,,,
1.740520000000013567e+01	1.950000000000000000e+02,,,,,,
1.742940000000013612e+01	1.990000000000000000e+02,,,,,,
1.745360000000013656e+01	2.010000000000000000e+02,,,,,,
1.747780000000013700e+01	2.040000000000000000e+02,,,,,,
1.750200000000013745e+01	2.050000000000000000e+02,,,,,,
1.752620000000013789e+01	2.060000000000000000e+02,,,,,,
1.755040000000013833e+01	2.060000000000000000e+02,,,,,,
1.757460000000013878e+01	2.080000000000000000e+02,,,,,,
1.759880000000013922e+01	2.080000000000000000e+02,,,,,,
1.762300000000013966e+01	2.080000000000000000e+02,,,,,,
1.764720000000014011e+01	2.080000000000000000e+02,,,,,,
1.767140000000014055e+01	2.070000000000000000e+02,,,,,,
1.769560000000014099e+01	2.040000000000000000e+02,,,,,,
1.771980000000014144e+01	2.020000000000000000e+02,,,,,,
1.774400000000014188e+01	2.000000000000000000e+02,,,,,,
1.776820000000014232e+01	1.970000000000000000e+02,,,,,,
1.779240000000014277e+01	1.940000000000000000e+02,,,,,,
1.781660000000014321e+01	1.920000000000000000e+02,,,,,,
1.784080000000014365e+01	1.900000000000000000e+02,,,,,,
1.786500000000014410e+01	1.890000000000000000e+02,,,,,,
1.788920000000014454e+01	1.880000000000000000e+02,,,,,,
1.791340000000014498e+01	1.880000000000000000e+02,,,,,,
1.793760000000014543e+01	1.880000000000000000e+02,,,,,,
1.796180000000014587e+01	1.870000000000000000e+02,,,,,,
1.798600000000014631e+01	1.870000000000000000e+02,,,,,,
1.801020000000014676e+01	1.880000000000000000e+02,,,,,,
1.803440000000014720e+01	1.880000000000000000e+02,,,,,,
1.805860000000014765e+01	1.870000000000000000e+02,,,,,,
1.808280000000014809e+01	1.870000000000000000e+02,,,,,,
1.810700000000014853e+01	1.870000000000000000e+02,,,,,,
1.813120000000014898e+01	1.870000000000000000e+02,,,,,,
1.815540000000014942e+01	1.880000000000000000e+02,,,,,,
1.817960000000014986e+01	1.880000000000000000e+02,,,,,,
1.820380000000015031e+01	1.890000000000000000e+02,,,,,,
1.822800000000015075e+01	1.890000000000000000e+02,,,,,,
1.825220000000015119e+01	1.900000000000000000e+02,,,,,,
1.827640000000015164e+01	1.900000000000000000e+02,,,,,,
1.830060000000015208e+01	1.910000000000000000e+02,,,,,,
1.832480000000015252e+01	1.900000000000000000e+02,,,,,,
1.834900000000015297e+01	1.910000000000000000e+02,,,,,,
1.837320000000015341e+01	1.910000000000000000e+02,,,,,,
1.839740000000015385e+01	1.900000000000000000e+02,,,,,,
1.842160000000015430e+01	1.900000000000000000e+02,,,,,,
1.844580000000015474e+01	1.890000000000000000e+02,,,,,,
1.847000000000015518e+01	1.880000000000000000e+02,,,,,,
1.849420000000015563e+01	1.870000000000000000e+02,,,,,,
1.851840000000015607e+01	1.860000000000000000e+02,,,,,,
1.854260000000015651e+01	1.840000000000000000e+02,,,,,,
1.856680000000015696e+01	1.830000000000000000e+02,,,,,,
1.859100000000015740e+01	1.820000000000000000e+02,,,,,,
1.861520000000015784e+01	1.800000000000000000e+02,,,,,,
1.863940000000015829e+01	1.770000000000000000e+02,,,,,,
1.866360000000015873e+01	1.750000000000000000e+02,,,,,,
1.868780000000015917e+01	1.720000000000000000e+02,,,,,,
1.871200000000015962e+01	1.700000000000000000e+02,,,,,,
1.873620000000016006e+01	1.690000000000000000e+02,,,,,,
1.876040000000016050e+01	1.670000000000000000e+02,,,,,,
1.878460000000016095e+01	1.660000000000000000e+02,,,,,,
1.880880000000016139e+01	1.640000000000000000e+02,,,,,,
1.883300000000016183e+01	1.630000000000000000e+02,,,,,,
1.885720000000016228e+01	1.600000000000000000e+02,,,,,,
1.888140000000016272e+01	1.570000000000000000e+02,,,,,,
1.890560000000016316e+01	1.550000000000000000e+02,,,,,,
1.892980000000016361e+01	1.530000000000000000e+02,,,,,,
1.895400000000016405e+01	1.530000000000000000e+02,,,,,,
1.897820000000016449e+01	1.530000000000000000e+02,,,,,,
1.900240000000016494e+01	1.520000000000000000e+02,,,,,,
1.902660000000016538e+01	1.510000000000000000e+02,,,,,,
1.905080000000016582e+01	1.490000000000000000e+02,,,,,,
1.907500000000016627e+01	1.480000000000000000e+02,,,,,,
1.909920000000016671e+01	1.470000000000000000e+02,,,,,,
1.912340000000016715e+01	1.450000000000000000e+02,,,,,,
1.914760000000016760e+01	1.450000000000000000e+02,,,,,,
1.917180000000016804e+01	1.440000000000000000e+02,,,,,,
1.919600000000016848e+01	1.440000000000000000e+02,,,,,,
1.922020000000016893e+01	1.430000000000000000e+02,,,,,,
1.924440000000016937e+01	1.410000000000000000e+02,,,,,,
1.926860000000016981e+01	1.410000000000000000e+02,,,,,,
1.929280000000017026e+01	1.390000000000000000e+02,,,,,,
1.931700000000017070e+01	1.400000000000000000e+02,,,,,,
1.934120000000017114e+01	1.390000000000000000e+02,,,,,,
1.936540000000017159e+01	1.390000000000000000e+02,,,,,,
1.938960000000017203e+01	1.390000000000000000e+02,,,,,,
1.941380000000017247e+01	1.390000000000000000e+02,,,,,,
1.943800000000017292e+01	1.400000000000000000e+02,,,,,,
1.946220000000017336e+01	1.400000000000000000e+02,,,,,,
1.948640000000017380e+01	1.400000000000000000e+02,,,,,,
1.951060000000017425e+01	1.400000000000000000e+02,,,,,,
1.953480000000017469e+01	1.400000000000000000e+02,,,,,,
1.955900000000017513e+01	1.420000000000000000e+02,,,,,,
1.958320000000017558e+01	1.420000000000000000e+02,,,,,,
1.960740000000017602e+01	1.430000000000000000e+02,,,,,,
1.963160000000017646e+01	1.440000000000000000e+02,,,,,,
1.965580000000017691e+01	1.440000000000000000e+02,,,,,,
1.968000000000017735e+01	1.450000000000000000e+02,,,,,,
1.970420000000017779e+01	1.460000000000000000e+02,,,,,,
1.972840000000017824e+01	1.480000000000000000e+02,,,,,,
1.975260000000017868e+01	1.490000000000000000e+02,,,,,,
1.977680000000017912e+01	1.510000000000000000e+02,,,,,,
1.980100000000017957e+01	1.530000000000000000e+02,,,,,,
1.982520000000018001e+01	1.530000000000000000e+02,,,,,,
1.984940000000018046e+01	1.550000000000000000e+02,,,,,,
1.987360000000018090e+01	1.560000000000000000e+02,,,,,,
1.989780000000018134e+01	1.580000000000000000e+02,,,,,,
1.992200000000018179e+01	1.590000000000000000e+02,,,,,,
1.994620000000018223e+01	1.600000000000000000e+02,,,,,,
1.997040000000018267e+01	1.630000000000000000e+02,,,,,,
1.999460000000018312e+01	1.650000000000000000e+02,,,,,,
2.001880000000018356e+01	1.660000000000000000e+02,,,,,,
2.004300000000018400e+01	1.680000000000000000e+02,,,,,,
2.006720000000018445e+01	1.700000000000000000e+02,,,,,,
2.009140000000018489e+01	1.730000000000000000e+02,,,,,,
2.011560000000018533e+01	1.750000000000000000e+02,,,,,,
2.013980000000018578e+01	1.780000000000000000e+02,,,,,,
2.016400000000018622e+01	1.800000000000000000e+02,,,,,,
2.018820000000018666e+01	1.820000000000000000e+02,,,,,,
2.021240000000018711e+01	1.840000000000000000e+02,,,,,,
2.023660000000018755e+01	1.860000000000000000e+02,,,,,,
2.026080000000018799e+01	1.870000000000000000e+02,,,,,,
2.028500000000018844e+01	1.890000000000000000e+02,,,,,,
2.030920000000018888e+01	1.900000000000000000e+02,,,,,,
2.033340000000018932e+01	1.920000000000000000e+02,,,,,,
2.035760000000018977e+01	1.940000000000000000e+02,,,,,,
2.038180000000019021e+01	1.950000000000000000e+02,,,,,,
2.040600000000019065e+01	1.960000000000000000e+02,,,,,,
2.043020000000019110e+01	1.960000000000000000e+02,,,,,,
2.045440000000019154e+01	1.960000000000000000e+02,,,,,,
2.047860000000019198e+01	1.970000000000000000e+02,,,,,,
2.050280000000019243e+01	1.970000000000000000e+02,,,,,,
2.052700000000019287e+01	1.970000000000000000e+02,,,,,,
2.055120000000019331e+01	1.970000000000000000e+02,,,,,,
2.057540000000019376e+01	1.960000000000000000e+02,,,,,,
2.059960000000019420e+01	1.950000000000000000e+02,,,,,,
2.062380000000019464e+01	1.960000000000000000e+02,,,,,,
2.064800000000019509e+01	1.950000000000000000e+02,,,,,,
2.067220000000019553e+01	1.940000000000000000e+02,,,,,,
2.069640000000019597e+01	1.940000000000000000e+02,,,,,,
2.072060000000019642e+01	1.940000000000000000e+02,,,,,,
2.074480000000019686e+01	1.930000000000000000e+02,,,,,,
2.076900000000019730e+01	1.930000000000000000e+02,,,,,,
2.079320000000019775e+01	1.910000000000000000e+02,,,,,,
2.081740000000019819e+01	1.890000000000000000e+02,,,,,,
2.084160000000019863e+01	1.880000000000000000e+02,,,,,,
2.086580000000019908e+01	1.870000000000000000e+02,,,,,,
2.089000000000019952e+01	1.880000000000000000e+02,,,,,,
2.091420000000019996e+01	1.890000000000000000e+02,,,,,,
2.093840000000020041e+01	1.880000000000000000e+02,,,,,,
2.096260000000020085e+01	1.900000000000000000e+02,,,,,,
2.098680000000020129e+01	1.920000000000000000e+02,,,,,,
2.101100000000020174e+01	1.910000000000000000e+02,,,,,,
2.103520000000020218e+01	1.910000000000000000e+02,,,,,,
2.105940000000020262e+01	1.910000000000000000e+02,,,,,,
2.108360000000020307e+01	1.920000000000000000e+02,,,,,,
2.110780000000020351e+01	1.920000000000000000e+02,,,,,,
2.113200000000020395e+01	1.930000000000000000e+02,,,,,,
2.115620000000020440e+01	1.940000000000000000e+02,,,,,,
2.118040000000020484e+01	1.940000000000000000e+02,,,,,,
2.120460000000020528e+01	1.950000000000000000e+02,,,,,,
2.122880000000020573e+01	1.950000000000000000e+02,,,,,,
2.125300000000020617e+01	1.960000000000000000e+02,,,,,,
2.127720000000020661e+01	1.970000000000000000e+02,,,,,,
2.130140000000020706e+01	1.980000000000000000e+02,,,,,,
2.132560000000020750e+01	1.990000000000000000e+02,,,,,,
2.134980000000020794e+01	1.990000000000000000e+02,,,,,,
2.137400000000020839e+01	1.990000000000000000e+02,,,,,,
2.139820000000020883e+01	1.990000000000000000e+02,,,,,,
2.142240000000020927e+01	2.000000000000000000e+02,,,,,,
2.144660000000020972e+01	2.000000000000000000e+02,,,,,,
2.147080000000021016e+01	2.010000000000000000e+02,,,,,,
2.149500000000021060e+01	2.020000000000000000e+02,,,,,,
2.151920000000021105e+01	2.020000000000000000e+02,,,,,,
2.154340000000021149e+01	2.020000000000000000e+02,,,,,,
2.156760000000021194e+01	2.020000000000000000e+02,,,,,,
2.159180000000021238e+01	2.020000000000000000e+02,,,,,,
2.161600000000021282e+01	2.020000000000000000e+02,,,,,,
2.164020000000021327e+01	2.030000000000000000e+02,,,,,,
2.166440000000021371e+01	2.040000000000000000e+02,,,,,,
2.168860000000021415e+01	2.050000000000000000e+02,,,,,,
2.171280000000021460e+01	2.050000000000000000e+02,,,,,,
2.173700000000021504e+01	2.050000000000000000e+02,,,,,,
2.176120000000021548e+01	2.060000000000000000e+02,,,,,,
2.178540000000021593e+01	2.050000000000000000e+02,,,,,,
2.180960000000021637e+01	2.070000000000000000e+02,,,,,,
2.183380000000021681e+01	2.080000000000000000e+02,,,,,,
2.185800000000021726e+01	2.080000000000000000e+02,,,,,,
2.188220000000021770e+01	2.090000000000000000e+02,,,,,,
2.190640000000021814e+01	2.090000000000000000e+02,,,,,,
2.193060000000021859e+01	2.090000000000000000e+02,,,,,,
2.195480000000021903e+01	2.100000000000000000e+02,,,,,,
2.197900000000021947e+01	2.100000000000000000e+02,,,,,,
2.200320000000021992e+01	2.100000000000000000e+02,,,,,,
2.202740000000022036e+01	2.110000000000000000e+02,,,,,,
2.205160000000022080e+01	2.110000000000000000e+02,,,,,,
2.207580000000022125e+01	2.120000000000000000e+02,,,,,,
2.210000000000022169e+01	2.130000000000000000e+02,,,,,,
2.212420000000022213e+01	2.140000000000000000e+02,,,,,,
2.214840000000022258e+01	2.140000000000000000e+02,,,,,,
2.217260000000022302e+01	2.150000000000000000e+02,,,,,,
2.219680000000022346e+01	2.150000000000000000e+02,,,,,,
2.222100000000022391e+01	2.160000000000000000e+02,,,,,,
2.224520000000022435e+01	2.180000000000000000e+02,,,,,,
2.226940000000022479e+01	2.190000000000000000e+02,,,,,,
2.229360000000022524e+01	2.200000000000000000e+02,,,,,,
2.231780000000022568e+01	2.210000000000000000e+02,,,,,,
2.234200000000022612e+01	2.210000000000000000e+02,,,,,,
2.236620000000022657e+01	2.220000000000000000e+02,,,,,,
2.239040000000022701e+01	2.230000000000000000e+02,,,,,,
2.241460000000022745e+01	2.240000000000000000e+02,,,,,,
2.243880000000022790e+01	2.270000000000000000e+02,,,,,,
2.246300000000022834e+01	2.280000000000000000e+02,,,,,,
2.248720000000022878e+01	2.280000000000000000e+02,,,,,,
2.251140000000022923e+01	2.260000000000000000e+02,,,,,,
2.253560000000022967e+01	2.230000000000000000e+02,,,,,,
2.255980000000023011e+01	2.250000000000000000e+02,,,,,,
2.258400000000023056e+01	2.280000000000000000e+02,,,,,,
2.260820000000023100e+01	2.290000000000000000e+02,,,,,,
2.263240000000023144e+01	2.290000000000000000e+02,,,,,,
2.265660000000023189e+01	2.290000000000000000e+02,,,,,,
2.268080000000023233e+01	2.300000000000000000e+02,,,,,,
2.270500000000023277e+01	2.310000000000000000e+02,,,,,,
2.272920000000023322e+01	2.310000000000000000e+02,,,,,,
2.275340000000023366e+01	2.320000000000000000e+02,,,,,,
2.277760000000023410e+01	2.320000000000000000e+02,,,,,,
2.280180000000023455e+01	2.320000000000000000e+02,,,,,,
2.282600000000023499e+01	2.330000000000000000e+02,,,,,,
2.285020000000023543e+01	2.340000000000000000e+02,,,,,,
2.287440000000023588e+01	2.350000000000000000e+02,,,,,,
2.289860000000023632e+01	2.360000000000000000e+02,,,,,,
2.292280000000023676e+01	2.370000000000000000e+02,,,,,,
2.294700000000023721e+01	2.370000000000000000e+02,,,,,,
2.297120000000023765e+01	2.370000000000000000e+02,,,,,,
2.299540000000023809e+01	2.380000000000000000e+02,,,,,,
2.301960000000023854e+01	2.380000000000000000e+02,,,,,,
2.304380000000023898e+01	2.390000000000000000e+02,,,,,,
2.306800000000023942e+01	2.400000000000000000e+02,,,,,,
2.309220000000023987e+01	2.410000000000000000e+02,,,,,,
2.311640000000024031e+01	2.420000000000000000e+02,,,,,,
2.314060000000024075e+01	2.420000000000000000e+02,,,,,,
2.316480000000024120e+01	2.420000000000000000e+02,,,,,,
2.318900000000024164e+01	2.430000000000000000e+02,,,,,,
2.321320000000024208e+01	2.430000000000000000e+02,,,,,,
2.323740000000024253e+01	2.440000000000000000e+02,,,,,,
2.326160000000024297e+01	2.430000000000000000e+02,,,,,,
2.328580000000024341e+01	2.410000000000000000e+02,,,,,,
2.331000000000024386e+01	2.420000000000000000e+02,,,,,,
2.333420000000024430e+01	2.420000000000000000e+02,,,,,,
2.335840000000024475e+01	2.420000000000000000e+02,,,,,,
2.338260000000024519e+01	2.430000000000000000e+02,,,,,,
2.340680000000024563e+01	2.430000000000000000e+02,,,,,,
2.343100000000024608e+01	2.450000000000000000e+02,,,,,,
2.345520000000024652e+01	2.450000000000000000e+02,,,,,,
2.347940000000024696e+01	2.450000000000000000e+02,,,,,,
2.350360000000024741e+01	2.440000000000000000e+02,,,,,,
2.352780000000024785e+01	2.440000000000000000e+02,,,,,,
2.355200000000024829e+01	2.450000000000000000e+02,,,,,,
2.357620000000024874e+01	2.460000000000000000e+02,,,,,,
2.360040000000024918e+01	2.470000000000000000e+02,,,,,,
2.362460000000024962e+01	2.480000000000000000e+02,,,,,,
2.364880000000025007e+01	2.500000000000000000e+02,,,,,,
2.367300000000025051e+01	2.520000000000000000e+02,,,,,,
2.369720000000025095e+01	2.530000000000000000e+02,,,,,,
2.372140000000025140e+01	2.530000000000000000e+02,,,,,,
2.374560000000025184e+01	2.550000000000000000e+02,,,,,,
2.376980000000025228e+01	2.570000000000000000e+02,,,,,,
2.379400000000025273e+01	2.570000000000000000e+02,,,,,,
2.381820000000025317e+01	2.580000000000000000e+02,,,,,,
2.384240000000025361e+01	2.570000000000000000e+02,,,,,,
2.386660000000025406e+01	2.560000000000000000e+02,,,,,,
2.389080000000025450e+01	2.560000000000000000e+02,,,,,,
2.391500000000025494e+01	2.570000000000000000e+02,,,,,,
2.393920000000025539e+01	2.580000000000000000e+02,,,,,,
2.396340000000025583e+01	2.580000000000000000e+02,,,,,,
2.398760000000025627e+01	2.590000000000000000e+02,,,,,,
2.401180000000025672e+01	2.600000000000000000e+02,,,,,,
2.403600000000025716e+01	2.610000000000000000e+02,,,,,,
2.406020000000025760e+01	2.620000000000000000e+02,,,,,,
2.408440000000025805e+01	2.620000000000000000e+02,,,,,,
2.410860000000025849e+01	2.620000000000000000e+02,,,,,,
2.413280000000025893e+01	2.630000000000000000e+02,,,,,,
2.415700000000025938e+01	2.640000000000000000e+02,,,,,,
2.418120000000025982e+01	2.650000000000000000e+02,,,,,,
2.420540000000026026e+01	2.660000000000000000e+02,,,,,,
2.422960000000026071e+01	2.670000000000000000e+02,,,,,,
2.425380000000026115e+01	2.670000000000000000e+02,,,,,,
2.427800000000026159e+01	2.660000000000000000e+02,,,,,,
2.430220000000026204e+01	2.670000000000000000e+02,,,,,,
2.432640000000026248e+01	2.670000000000000000e+02,,,,,,
2.435060000000026292e+01	2.680000000000000000e+02,,,,,,
2.437480000000026337e+01	2.690000000000000000e+02,,,,,,
2.439900000000026381e+01	2.690000000000000000e+02,,,,,,
2.442320000000026425e+01	2.700000000000000000e+02,,,,,,
2.444740000000026470e+01	2.710000000000000000e+02,,,,,,
2.447160000000026514e+01	2.720000000000000000e+02,,,,,,
2.449580000000026558e+01	2.730000000000000000e+02,,,,,,
2.452000000000026603e+01	2.740000000000000000e+02,,,,,,
2.454420000000026647e+01	2.750000000000000000e+02,,,,,,
2.456840000000026691e+01	2.760000000000000000e+02,,,,,,
2.459260000000026736e+01	2.770000000000000000e+02,,,,,,
2.461680000000026780e+01	2.770000000000000000e+02,,,,,,
2.464100000000026824e+01	2.770000000000000000e+02,,,,,,
2.466520000000026869e+01	2.780000000000000000e+02,,,,,,
2.468940000000026913e+01	2.790000000000000000e+02,,,,,,
2.471360000000026957e+01	2.800000000000000000e+02,,,,,,
2.473780000000027002e+01	2.800000000000000000e+02,,,,,,
2.476200000000027046e+01	2.810000000000000000e+02,,,,,,
2.478620000000027090e+01	2.810000000000000000e+02,,,,,,
2.481040000000027135e+01	2.810000000000000000e+02,,,,,,
2.483460000000027179e+01	2.810000000000000000e+02,,,,,,
2.485880000000027223e+01	2.830000000000000000e+02,,,,,,
2.488300000000027268e+01	2.880000000000000000e+02,,,,,,
2.490720000000027312e+01	2.890000000000000000e+02,,,,,,
2.493140000000027356e+01	2.910000000000000000e+02,,,,,,
2.495560000000027401e+01	2.910000000000000000e+02,,,,,,
2.497980000000027445e+01	2.910000000000000000e+02,,,,,,
2.500400000000027489e+01	2.920000000000000000e+02,,,,,,
2.502820000000027534e+01	2.920000000000000000e+02,,,,,,
2.505240000000027578e+01	2.920000000000000000e+02,,,,,,
2.507660000000027622e+01	2.930000000000000000e+02,,,,,,
2.510080000000027667e+01	2.930000000000000000e+02,,,,,,
2.512500000000027711e+01	2.940000000000000000e+02,,,,,,
2.514920000000027756e+01	2.950000000000000000e+02,,,,,,
2.517340000000027800e+01	2.950000000000000000e+02,,,,,,
2.519760000000027844e+01	2.960000000000000000e+02,,,,,,
2.522180000000027889e+01	2.970000000000000000e+02,,,,,,
2.524600000000027933e+01	2.970000000000000000e+02,,,,,,
2.527020000000027977e+01	2.980000000000000000e+02,,,,,,
2.529440000000028022e+01	2.990000000000000000e+02,,,,,,
2.531860000000028066e+01	3.000000000000000000e+02,,,,,,
2.534280000000028110e+01	3.000000000000000000e+02,,,,,,
2.536700000000028155e+01	3.010000000000000000e+02,,,,,,
2.539120000000028199e+01	3.010000000000000000e+02,,,,,,
2.541540000000028243e+01	3.020000000000000000e+02,,,,,,
2.543960000000028288e+01	3.020000000000000000e+02,,,,,,
2.546380000000028332e+01	3.030000000000000000e+02,,,,,,
2.548800000000028376e+01	3.040000000000000000e+02,,,,,,
2.551220000000028421e+01	3.050000000000000000e+02,,,,,,
2.553640000000028465e+01	3.050000000000000000e+02,,,,,,
2.556060000000028509e+01	3.060000000000000000e+02,,,,,,
2.558480000000028554e+01	3.060000000000000000e+02,,,,,,
2.560900000000028598e+01	3.070000000000000000e+02,,,,,,
2.563320000000028642e+01	3.080000000000000000e+02,,,,,,
2.565740000000028687e+01	3.080000000000000000e+02,,,,,,
2.568160000000028731e+01	3.090000000000000000e+02,,,,,,
2.570580000000028775e+01	3.090000000000000000e+02,,,,,,
2.573000000000028820e+01	3.100000000000000000e+02,,,,,,
2.575420000000028864e+01	3.100000000000000000e+02,,,,,,
2.577840000000028908e+01	3.110000000000000000e+02,,,,,,
2.580260000000028953e+01	3.110000000000000000e+02,,,,,,
2.582680000000028997e+01	3.120000000000000000e+02,,,,,,
2.585100000000029041e+01	3.120000000000000000e+02,,,,,,
2.587520000000029086e+01	3.140000000000000000e+02,,,,,,
2.589940000000029130e+01	3.140000000000000000e+02,,,,,,
2.592360000000029174e+01	3.150000000000000000e+02,,,,,,
2.594780000000029219e+01	3.150000000000000000e+02,,,,,,
2.597200000000029263e+01	3.150000000000000000e+02,,,,,,
2.599620000000029307e+01	3.160000000000000000e+02,,,,,,
2.602040000000029352e+01	3.160000000000000000e+02,,,,,,
2.604460000000029396e+01	3.170000000000000000e+02,,,,,,
2.606880000000029440e+01	3.180000000000000000e+02,,,,,,
2.609300000000029485e+01	3.180000000000000000e+02,,,,,,
2.611720000000029529e+01	3.190000000000000000e+02,,,,,,
2.614140000000029573e+01	3.200000000000000000e+02,,,,,,
2.616560000000029618e+01	3.190000000000000000e+02,,,,,,
2.618980000000029662e+01	3.190000000000000000e+02,,,,,,
2.621400000000029706e+01	3.200000000000000000e+02,,,,,,
2.623820000000029751e+01	3.210000000000000000e+02,,,,,,
2.626240000000029795e+01	3.220000000000000000e+02,,,,,,
2.628660000000029839e+01	3.220000000000000000e+02,,,,,,
2.631080000000029884e+01	3.230000000000000000e+02,,,,,,
2.633500000000029928e+01	3.230000000000000000e+02,,,,,,
2.635920000000029972e+01	3.230000000000000000e+02,,,,,,
2.638340000000030017e+01	3.240000000000000000e+02,,,,,,
2.640760000000030061e+01	3.250000000000000000e+02,,,,,,
2.643180000000030105e+01	3.260000000000000000e+02,,,,,,
2.645600000000030150e+01	3.270000000000000000e+02,,,,,,
2.648020000000030194e+01	3.270000000000000000e+02,,,,,,
2.650440000000030238e+01	3.280000000000000000e+02,,,,,,
2.652860000000030283e+01	3.280000000000000000e+02,,,,,,
2.655280000000030327e+01	3.280000000000000000e+02,,,,,,
2.657700000000030371e+01	3.280000000000000000e+02,,,,,,
2.660120000000030416e+01	3.290000000000000000e+02,,,,,,
2.662540000000030460e+01	3.300000000000000000e+02,,,,,,
2.664960000000030504e+01	3.300000000000000000e+02,,,,,,
2.667380000000030549e+01	3.310000000000000000e+02,,,,,,
2.669800000000030593e+01	3.310000000000000000e+02,,,,,,
2.672220000000030637e+01	3.320000000000000000e+02,,,,,,
2.674640000000030682e+01	3.320000000000000000e+02,,,,,,
2.677060000000030726e+01	3.320000000000000000e+02,,,,,,
2.679480000000030770e+01	3.320000000000000000e+02,,,,,,
2.681900000000030815e+01	3.330000000000000000e+02,,,,,,
2.684320000000030859e+01	3.340000000000000000e+02,,,,,,
2.686740000000030903e+01	3.350000000000000000e+02,,,,,,
2.689160000000030948e+01	3.350000000000000000e+02,,,,,,
2.691580000000030992e+01	3.360000000000000000e+02,,,,,,
2.694000000000031037e+01	3.370000000000000000e+02,,,,,,
2.696420000000031081e+01	3.380000000000000000e+02,,,,,,
2.698840000000031125e+01	3.390000000000000000e+02,,,,,,
2.701260000000031170e+01	3.400000000000000000e+02,,,,,,
2.703680000000031214e+01	3.400000000000000000e+02,,,,,,
2.706100000000031258e+01	3.410000000000000000e+02,,,,,,
2.708520000000031303e+01	3.420000000000000000e+02,,,,,,
2.710940000000031347e+01	3.420000000000000000e+02,,,,,,
2.713360000000031391e+01	3.430000000000000000e+02,,,,,,
2.715780000000031436e+01	3.430000000000000000e+02,,,,,,
2.718200000000031480e+01	3.430000000000000000e+02,,,,,,
2.720620000000031524e+01	3.450000000000000000e+02,,,,,,
2.723040000000031569e+01	3.450000000000000000e+02,,,,,,
2.725460000000031613e+01	3.460000000000000000e+02,,,,,,
2.727880000000031657e+01	3.470000000000000000e+02,,,,,,
2.730300000000031702e+01	3.480000000000000000e+02,,,,,,
2.732720000000031746e+01	3.480000000000000000e+02,,,,,,
2.735140000000031790e+01	3.480000000000000000e+02,,,,,,
2.737560000000031835e+01	3.490000000000000000e+02,,,,,,
2.739980000000031879e+01	3.500000000000000000e+02,,,,,,
2.742400000000031923e+01	3.510000000000000000e+02,,,,,,
2.744820000000031968e+01	3.520000000000000000e+02,,,,,,
2.747240000000032012e+01	3.520000000000000000e+02,,,,,,
2.749660000000032056e+01	3.520000000000000000e+02,,,,,,
2.752080000000032101e+01	3.530000000000000000e+02,,,,,,
2.754500000000032145e+01	3.530000000000000000e+02,,,,,,
2.756920000000032189e+01	3.540000000000000000e+02,,,,,,
2.759340000000032234e+01	3.550000000000000000e+02,,,,,,
2.761760000000032278e+01	3.560000000000000000e+02,,,,,,
2.764180000000032322e+01	3.560000000000000000e+02,,,,,,
2.766600000000032367e+01	3.560000000000000000e+02,,,,,,
2.769020000000032411e+01	3.560000000000000000e+02,,,,,,
2.771440000000032455e+01	3.570000000000000000e+02,,,,,,
2.773860000000032500e+01	3.580000000000000000e+02,,,,,,
2.776280000000032544e+01	3.590000000000000000e+02,,,,,,
2.778700000000032588e+01	3.590000000000000000e+02,,,,,,
2.781120000000032633e+01	3.600000000000000000e+02,,,,,,
2.783540000000032677e+01	3.600000000000000000e+02,,,,,,
2.785960000000032721e+01	3.610000000000000000e+02,,,,,,
2.788380000000032766e+01	3.610000000000000000e+02,,,,,,
2.790800000000032810e+01	3.620000000000000000e+02,,,,,,
2.793220000000032854e+01	3.630000000000000000e+02,,,,,,
2.795640000000032899e+01	3.640000000000000000e+02,,,,,,
2.798060000000032943e+01	3.650000000000000000e+02,,,,,,
2.800480000000032987e+01	3.650000000000000000e+02,,,,,,
2.802900000000033032e+01	3.660000000000000000e+02,,,,,,
2.805320000000033076e+01	3.660000000000000000e+02,,,,,,
2.807740000000033120e+01	3.660000000000000000e+02,,,,,,
2.810160000000033165e+01	3.660000000000000000e+02,,,,,,
2.812580000000033209e+01	3.670000000000000000e+02,,,,,,
2.815000000000033253e+01	3.680000000000000000e+02,,,,,,
2.817420000000033298e+01	3.690000000000000000e+02,,,,,,
2.819840000000033342e+01	3.700000000000000000e+02,,,,,,
2.822260000000033386e+01	3.700000000000000000e+02,,,,,,
2.824680000000033431e+01	3.710000000000000000e+02,,,,,,
2.827100000000033475e+01	3.710000000000000000e+02,,,,,,
2.829520000000033519e+01	3.720000000000000000e+02,,,,,,
2.831940000000033564e+01	3.730000000000000000e+02,,,,,,
2.834360000000033608e+01	3.740000000000000000e+02,,,,,,
2.836780000000033652e+01	3.740000000000000000e+02,,,,,,
2.839200000000033697e+01	3.750000000000000000e+02,,,,,,
2.841620000000033741e+01	3.750000000000000000e+02,,,,,,
2.844040000000033785e+01	3.750000000000000000e+02,,,,,,
2.846460000000033830e+01	3.760000000000000000e+02,,,,,,
2.848880000000033874e+01	3.760000000000000000e+02,,,,,,
2.851300000000033918e+01	3.770000000000000000e+02,,,,,,
2.853720000000033963e+01	3.780000000000000000e+02,,,,,,
2.856140000000034007e+01	3.780000000000000000e+02,,,,,,
2.858560000000034051e+01	3.790000000000000000e+02,,,,,,
2.860980000000034096e+01	3.790000000000000000e+02,,,,,,
2.863400000000034140e+01	3.790000000000000000e+02,,,,,,
2.865820000000034184e+01	3.800000000000000000e+02,,,,,,
2.868240000000034229e+01	3.800000000000000000e+02,,,,,,
2.870660000000034273e+01	3.800000000000000000e+02,,,,,,
2.873080000000034318e+01	3.810000000000000000e+02,,,,,,
2.875500000000034362e+01	3.820000000000000000e+02,,,,,,
2.877920000000034406e+01	3.830000000000000000e+02,,,,,,
2.880340000000034451e+01	3.840000000000000000e+02,,,,,,
2.882760000000034495e+01	3.840000000000000000e+02,,,,,,
2.885180000000034539e+01	3.850000000000000000e+02,,,,,,
2.887600000000034584e+01	3.850000000000000000e+02,,,,,,
2.890020000000034628e+01	3.860000000000000000e+02,,,,,,
2.892440000000034672e+01	3.870000000000000000e+02,,,,,,
2.894860000000034717e+01	3.880000000000000000e+02,,,,,,
2.897280000000034761e+01	3.880000000000000000e+02,,,,,,
2.899700000000034805e+01	3.890000000000000000e+02,,,,,,
2.902120000000034850e+01	3.890000000000000000e+02,,,,,,
2.904540000000034894e+01	3.890000000000000000e+02,,,,,,
2.906960000000034938e+01	3.900000000000000000e+02,,,,,,
2.909380000000034983e+01	3.910000000000000000e+02,,,,,,
2.911800000000035027e+01	3.910000000000000000e+02,,,,,,
2.914220000000035071e+01	3.910000000000000000e+02,,,,,,
2.916640000000035116e+01	3.910000000000000000e+02,,,,,,
2.919060000000035160e+01	3.930000000000000000e+02,,,,,,
2.921480000000035204e+01	3.940000000000000000e+02,,,,,,
2.923900000000035249e+01	3.940000000000000000e+02,,,,,,
2.926320000000035293e+01	3.940000000000000000e+02,,,,,,
2.928740000000035337e+01	3.950000000000000000e+02,,,,,,
2.931160000000035382e+01	3.960000000000000000e+02,,,,,,
2.933580000000035426e+01	3.970000000000000000e+02,,,,,,
2.936000000000035470e+01	3.970000000000000000e+02,,,,,,
2.938420000000035515e+01	3.970000000000000000e+02,,,,,,
2.940840000000035559e+01	3.970000000000000000e+02,,,,,,
2.943260000000035603e+01	3.980000000000000000e+02,,,,,,
2.945680000000035648e+01	3.980000000000000000e+02,,,,,,
2.948100000000035692e+01	3.990000000000000000e+02,,,,,,
2.950520000000035736e+01	4.000000000000000000e+02,,,,,,
2.952940000000035781e+01	4.010000000000000000e+02,,,,,,
2.955360000000035825e+01	4.020000000000000000e+02,,,,,,
2.957780000000035869e+01	4.020000000000000000e+02,,,,,,
2.960200000000035914e+01	4.020000000000000000e+02,,,,,,
2.962620000000035958e+01	4.030000000000000000e+02,,,,,,
2.965040000000036002e+01	4.020000000000000000e+02,,,,,,
2.967460000000036047e+01	4.030000000000000000e+02,,,,,,
2.969880000000036091e+01	4.030000000000000000e+02,,,,,,
2.972300000000036135e+01	4.040000000000000000e+02,,,,,,
2.974720000000036180e+01	4.040000000000000000e+02,,,,,,
2.977140000000036224e+01	4.050000000000000000e+02,,,,,,
2.979560000000036268e+01	4.060000000000000000e+02,,,,,,
2.981980000000036313e+01	4.060000000000000000e+02,,,,,,
2.984400000000036357e+01	4.070000000000000000e+02,,,,,,
2.986820000000036401e+01	4.070000000000000000e+02,,,,,,
2.989240000000036446e+01	4.080000000000000000e+02,,,,,,
2.991660000000036490e+01	4.090000000000000000e+02,,,,,,
2.994080000000036534e+01	4.090000000000000000e+02,,,,,,
2.996500000000036579e+01	4.100000000000000000e+02,,,,,,
2.998920000000036623e+01	4.120000000000000000e+02,,,,,,
3.001340000000036667e+01	4.130000000000000000e+02,,,,,,
3.003760000000036712e+01	4.140000000000000000e+02,,,,,,
3.006180000000036756e+01	4.160000000000000000e+02,,,,,,
3.008600000000036800e+01	4.160000000000000000e+02,,,,,,
3.011020000000036845e+01	4.170000000000000000e+02,,,,,,
3.013440000000036889e+01	4.180000000000000000e+02,,,,,,
3.015860000000036933e+01	4.180000000000000000e+02,,,,,,
3.018280000000036978e+01	4.190000000000000000e+02,,,,,,
3.020700000000037022e+01	4.190000000000000000e+02,,,,,,
3.023120000000037066e+01	4.190000000000000000e+02,,,,,,
3.025540000000037111e+01	4.200000000000000000e+02,,,,,,
3.027960000000037155e+01	4.200000000000000000e+02,,,,,,
3.030380000000037199e+01	4.210000000000000000e+02,,,,,,
3.032800000000037244e+01	4.210000000000000000e+02,,,,,,
3.035220000000037288e+01	4.220000000000000000e+02,,,,,,
3.037640000000037332e+01	4.220000000000000000e+02,,,,,,
3.040060000000037377e+01	4.230000000000000000e+02,,,,,,
3.042480000000037421e+01	4.230000000000000000e+02,,,,,,
3.044900000000037465e+01	4.240000000000000000e+02,,,,,,
3.047320000000037510e+01	4.250000000000000000e+02,,,,,,
3.049740000000037554e+01	4.250000000000000000e+02,,,,,,
3.052160000000037599e+01	4.260000000000000000e+02,,,,,,
3.054580000000037643e+01	4.260000000000000000e+02,,,,,,
3.057000000000037687e+01	4.260000000000000000e+02,,,,,,
3.059420000000037732e+01	4.260000000000000000e+02,,,,,,
3.061840000000037776e+01	4.270000000000000000e+02,,,,,,
3.064260000000037820e+01	4.280000000000000000e+02,,,,,,
3.066680000000037865e+01	4.280000000000000000e+02,,,,,,
3.069100000000037909e+01	4.290000000000000000e+02,,,,,,
3.071520000000037953e+01	4.300000000000000000e+02,,,,,,
3.073940000000037998e+01	4.310000000000000000e+02,,,,,,
3.076360000000038042e+01	4.310000000000000000e+02,,,,,,
3.078780000000038086e+01	4.310000000000000000e+02,,,,,,
3.081200000000038131e+01	4.310000000000000000e+02,,,,,,
3.083620000000038175e+01	4.320000000000000000e+02,,,,,,
3.086040000000038219e+01	4.330000000000000000e+02,,,,,,
3.088460000000038264e+01	4.340000000000000000e+02,,,,,,
3.090880000000038308e+01	4.350000000000000000e+02,,,,,,
3.093300000000038352e+01	4.350000000000000000e+02,,,,,,
3.095720000000038397e+01	4.350000000000000000e+02,,,,,,
3.098140000000038441e+01	4.350000000000000000e+02,,,,,,
3.100560000000038485e+01	4.360000000000000000e+02,,,,,,
3.102980000000038530e+01	4.370000000000000000e+02,,,,,,
3.105400000000038574e+01	4.380000000000000000e+02,,,,,,
3.107820000000038618e+01	4.380000000000000000e+02,,,,,,
3.110240000000038663e+01	4.390000000000000000e+02,,,,,,
3.112660000000038707e+01	4.390000000000000000e+02,,,,,,
3.115080000000038751e+01	4.390000000000000000e+02,,,,,,
3.117500000000038796e+01	4.390000000000000000e+02,,,,,,
3.119920000000038840e+01	4.400000000000000000e+02,,,,,,
3.122340000000038884e+01	4.420000000000000000e+02,,,,,,
3.124760000000038929e+01	4.430000000000000000e+02,,,,,,
3.127180000000038973e+01	4.430000000000000000e+02,,,,,,
3.129600000000039017e+01	4.430000000000000000e+02,,,,,,
3.132020000000039062e+01	4.430000000000000000e+02,,,,,,
3.134440000000039106e+01	4.440000000000000000e+02,,,,,,
3.136860000000039150e+01	4.440000000000000000e+02,,,,,,
3.139280000000039195e+01	4.460000000000000000e+02,,,,,,
3.141700000000039239e+01	4.470000000000000000e+02,,,,,,
3.144120000000039283e+01	4.480000000000000000e+02,,,,,,
3.146540000000039328e+01	4.490000000000000000e+02,,,,,,
3.148960000000039372e+01	4.490000000000000000e+02,,,,,,
3.151380000000039416e+01	4.500000000000000000e+02,,,,,,
3.153800000000039461e+01	4.500000000000000000e+02,,,,,,
3.156220000000039505e+01	4.500000000000000000e+02,,,,,,
3.158640000000039549e+01	4.500000000000000000e+02,,,,,,
3.161060000000039594e+01	4.510000000000000000e+02,,,,,,
3.163480000000039638e+01	4.520000000000000000e+02,,,,,,
3.165900000000039682e+01	4.520000000000000000e+02,,,,,,
3.168320000000039727e+01	4.520000000000000000e+02,,,,,,
3.170740000000039771e+01	4.510000000000000000e+02,,,,,,
3.173160000000039815e+01	4.510000000000000000e+02,,,,,,
3.175580000000039860e+01	4.520000000000000000e+02,,,,,,
3.178000000000039904e+01	4.540000000000000000e+02,,,,,,
3.180420000000039948e+01	4.550000000000000000e+02,,,,,,
3.182840000000039993e+01	4.560000000000000000e+02,,,,,,
3.185260000000040037e+01	4.560000000000000000e+02,,,,,,
3.187680000000040081e+01	4.560000000000000000e+02,,,,,,
3.190100000000040126e+01	4.560000000000000000e+02,,,,,,
3.192520000000040170e+01	4.570000000000000000e+02,,,,,,
3.194940000000040214e+01	4.580000000000000000e+02,,,,,,
3.197360000000040259e+01	4.590000000000000000e+02,,,,,,
3.199780000000040303e+01	4.590000000000000000e+02,,,,,,
3.202200000000040347e+01	4.590000000000000000e+02,,,,,,
3.204620000000040392e+01	4.600000000000000000e+02,,,,,,
3.207040000000040436e+01	4.600000000000000000e+02,,,,,,
3.209460000000040480e+01	4.600000000000000000e+02,,,,,,
3.211880000000040525e+01	4.600000000000000000e+02,,,,,,
3.214300000000040569e+01	4.610000000000000000e+02,,,,,,
3.216720000000040613e+01	4.620000000000000000e+02,,,,,,
3.219140000000040658e+01	4.630000000000000000e+02,,,,,,
3.221560000000040702e+01	4.630000000000000000e+02,,,,,,
3.223980000000040746e+01	4.630000000000000000e+02,,,,,,
3.226400000000040791e+01	4.630000000000000000e+02,,,,,,
3.228820000000040835e+01	4.640000000000000000e+02,,,,,,
3.231240000000040880e+01	4.620000000000000000e+02,,,,,,
3.233660000000040924e+01	4.620000000000000000e+02,,,,,,
3.236080000000040968e+01	4.640000000000000000e+02,,,,,,
3.238500000000041013e+01	4.650000000000000000e+02,,,,,,
3.240920000000041057e+01	4.650000000000000000e+02,,,,,,
3.243340000000041101e+01	4.650000000000000000e+02,,,,,,
3.245760000000041146e+01	4.660000000000000000e+02,,,,,,
3.248180000000041190e+01	4.660000000000000000e+02,,,,,,
3.250600000000041234e+01	4.670000000000000000e+02,,,,,,
3.253020000000041279e+01	4.680000000000000000e+02,,,,,,
3.255440000000041323e+01	4.690000000000000000e+02,,,,,,
3.257860000000041367e+01	4.700000000000000000e+02,,,,,,
3.260280000000041412e+01	4.700000000000000000e+02,,,,,,
3.262700000000041456e+01	4.700000000000000000e+02,,,,,,
3.265120000000041500e+01	4.700000000000000000e+02,,,,,,
3.267540000000041545e+01	4.710000000000000000e+02,,,,,,
3.269960000000041589e+01	4.710000000000000000e+02,,,,,,
3.272380000000041633e+01	4.720000000000000000e+02,,,,,,
3.274800000000041678e+01	4.730000000000000000e+02,,,,,,
3.277220000000041722e+01	4.740000000000000000e+02,,,,,,
3.279640000000041766e+01	4.740000000000000000e+02,,,,,,
3.282060000000041811e+01	4.750000000000000000e+02,,,,,,
3.284480000000041855e+01	4.750000000000000000e+02,,,,,,
3.286900000000041899e+01	4.750000000000000000e+02,,,,,,
3.289320000000041944e+01	4.760000000000000000e+02,,,,,,
3.291740000000041988e+01	4.770000000000000000e+02,,,,,,
3.294160000000042032e+01	4.780000000000000000e+02,,,,,,
3.296580000000042077e+01	4.790000000000000000e+02,,,,,,
3.299000000000042121e+01	4.790000000000000000e+02,,,,,,
3.301420000000042165e+01	4.820000000000000000e+02,,,,,,
3.303840000000042210e+01	4.850000000000000000e+02,,,,,,
3.306260000000042254e+01	4.860000000000000000e+02,,,,,,
3.308680000000042298e+01	4.860000000000000000e+02,,,,,,
3.311100000000042343e+01	4.870000000000000000e+02,,,,,,
3.313520000000042387e+01	4.880000000000000000e+02,,,,,,
3.315940000000042431e+01	4.880000000000000000e+02,,,,,,
3.318360000000042476e+01	4.890000000000000000e+02,,,,,,
3.320780000000042520e+01	4.890000000000000000e+02,,,,,,
3.323200000000042564e+01	4.890000000000000000e+02,,,,,,
3.325620000000042609e+01	4.900000000000000000e+02,,,,,,
3.328040000000042653e+01	4.900000000000000000e+02,,,,,,
3.330460000000042697e+01	4.920000000000000000e+02,,,,,,
3.332880000000042742e+01	4.930000000000000000e+02,,,,,,
3.335300000000042786e+01	4.930000000000000000e+02,,,,,,
3.337720000000042830e+01	4.930000000000000000e+02,,,,,,
3.340140000000042875e+01	4.930000000000000000e+02,,,,,,
3.342560000000042919e+01	4.940000000000000000e+02,,,,,,
3.344980000000042963e+01	4.940000000000000000e+02,,,,,,
3.347400000000043008e+01	4.950000000000000000e+02,,,,,,
3.349820000000043052e+01	4.950000000000000000e+02,,,,,,
3.352240000000043096e+01	4.960000000000000000e+02,,,,,,
3.354660000000043141e+01	4.970000000000000000e+02,,,,,,
3.357080000000043185e+01	4.980000000000000000e+02,,,,,,
3.359500000000043229e+01	4.990000000000000000e+02,,,,,,
3.361920000000043274e+01	4.990000000000000000e+02,,,,,,
3.364340000000043318e+01	4.990000000000000000e+02,,,,,,
3.366760000000043362e+01	5.000000000000000000e+02,,,,,,
3.369180000000043407e+01	5.000000000000000000e+02,,,,,,
3.371600000000043451e+01	5.000000000000000000e+02,,,,,,
3.374020000000043495e+01	5.020000000000000000e+02,,,,,,
3.376440000000043540e+01	5.020000000000000000e+02,,,,,,
3.378860000000043584e+01	5.020000000000000000e+02,,,,,,
3.381280000000043628e+01	5.020000000000000000e+02,,,,,,
3.383700000000043673e+01	5.020000000000000000e+02,,,,,,
3.386120000000043717e+01	5.030000000000000000e+02,,,,,,
3.388540000000043761e+01	5.040000000000000000e+02,,,,,,
3.390960000000043806e+01	5.050000000000000000e+02,,,,,,
3.393380000000043850e+01	5.050000000000000000e+02,,,,,,
3.395800000000043894e+01	5.060000000000000000e+02,,,,,,
3.398220000000043939e+01	5.070000000000000000e+02,,,,,,
3.400640000000043983e+01	5.080000000000000000e+02,,,,,,
3.403060000000044028e+01	5.080000000000000000e+02,,,,,,
3.405480000000044072e+01	5.080000000000000000e+02,,,,,,
3.407900000000044116e+01	5.080000000000000000e+02,,,,,,
3.410320000000044161e+01	5.090000000000000000e+02,,,,,,
3.412740000000044205e+01	5.090000000000000000e+02,,,,,,
3.415160000000044249e+01	5.100000000000000000e+02,,,,,,
3.417580000000044294e+01	5.100000000000000000e+02,,,,,,
3.420000000000044338e+01	5.110000000000000000e+02,,,,,,
3.422420000000044382e+01	5.110000000000000000e+02,,,,,,
3.424840000000044427e+01	5.110000000000000000e+02,,,,,,
3.427260000000044471e+01	5.120000000000000000e+02,,,,,,
3.429680000000044515e+01	5.130000000000000000e+02,,,,,,
3.432100000000044560e+01	5.130000000000000000e+02,,,,,,
3.434520000000044604e+01	5.140000000000000000e+02,,,,,,
3.436940000000044648e+01	5.150000000000000000e+02,,,,,,
3.439360000000044693e+01	5.150000000000000000e+02,,,,,,
3.441780000000044737e+01	5.160000000000000000e+02,,,,,,
3.444200000000044781e+01	5.160000000000000000e+02,,,,,,
3.446620000000044826e+01	5.180000000000000000e+02,,,,,,
3.449040000000044870e+01	5.190000000000000000e+02,,,,,,
3.451460000000044914e+01	5.200000000000000000e+02,,,,,,
3.453880000000044959e+01	5.200000000000000000e+02,,,,,,
3.456300000000045003e+01	5.210000000000000000e+02,,,,,,
3.458720000000045047e+01	5.220000000000000000e+02,,,,,,
3.461140000000045092e+01	5.220000000000000000e+02,,,,,,
3.463560000000045136e+01	5.230000000000000000e+02,,,,,,
3.465980000000045180e+01	5.240000000000000000e+02,,,,,,
3.468400000000045225e+01	5.250000000000000000e+02,,,,,,
3.470820000000045269e+01	5.260000000000000000e+02,,,,,,
3.473240000000045313e+01	5.260000000000000000e+02,,,,,,
3.475660000000045358e+01	5.270000000000000000e+02,,,,,,
3.478080000000045402e+01	5.270000000000000000e+02,,,,,,
3.480500000000045446e+01	5.270000000000000000e+02,,,,,,
3.482920000000045491e+01	5.270000000000000000e+02,,,,,,
3.485340000000045535e+01	5.290000000000000000e+02,,,,,,
3.487760000000045579e+01	5.290000000000000000e+02,,,,,,
3.490180000000045624e+01	5.300000000000000000e+02,,,,,,
3.492600000000045668e+01	5.300000000000000000e+02,,,,,,
3.495020000000045712e+01	5.310000000000000000e+02,,,,,,
3.497440000000045757e+01	5.310000000000000000e+02,,,,,,
3.499860000000045801e+01	5.320000000000000000e+02,,,,,,
3.502280000000045845e+01	5.330000000000000000e+02,,,,,,
3.504700000000045890e+01	5.340000000000000000e+02,,,,,,
3.507120000000045934e+01	5.340000000000000000e+02,,,,,,
3.509540000000045978e+01	5.350000000000000000e+02,,,,,,
3.511960000000046023e+01	5.360000000000000000e+02,,,,,,
3.514380000000046067e+01	5.370000000000000000e+02,,,,,,
3.516800000000046111e+01	5.370000000000000000e+02,,,,,,
3.519220000000046156e+01	5.370000000000000000e+02,,,,,,
3.521640000000046200e+01	5.380000000000000000e+02,,,,,,
3.524060000000046244e+01	5.390000000000000000e+02,,,,,,
3.526480000000046289e+01	5.400000000000000000e+02,,,,,,
3.528900000000046333e+01	5.400000000000000000e+02,,,,,,
3.531320000000046377e+01	5.410000000000000000e+02,,,,,,
3.533740000000046422e+01	5.420000000000000000e+02,,,,,,
3.536160000000046466e+01	5.430000000000000000e+02,,,,,,
3.538580000000046510e+01	5.420000000000000000e+02,,,,,,
3.541000000000046555e+01	5.420000000000000000e+02,,,,,,
3.543420000000046599e+01	5.420000000000000000e+02,,,,,,
3.545840000000046643e+01	5.430000000000000000e+02,,,,,,
3.548260000000046688e+01	5.430000000000000000e+02,,,,,,
3.550680000000046732e+01	5.430000000000000000e+02,,,,,,
3.553100000000046776e+01	5.430000000000000000e+02,,,,,,
3.555520000000046821e+01	5.440000000000000000e+02,,,,,,
3.557940000000046865e+01	5.430000000000000000e+02,,,,,,
3.560360000000046909e+01	5.410000000000000000e+02,,,,,,
3.562780000000046954e+01	5.420000000000000000e+02,,,,,,
3.565200000000046998e+01	5.440000000000000000e+02,,,,,,
3.567620000000047042e+01	5.450000000000000000e+02,,,,,,
3.570040000000047087e+01	5.460000000000000000e+02,,,,,,
3.572460000000047131e+01	5.470000000000000000e+02,,,,,,
3.574880000000047175e+01	5.480000000000000000e+02,,,,,,
3.577300000000047220e+01	5.490000000000000000e+02,,,,,,
3.579720000000047264e+01	5.510000000000000000e+02,,,,,,
3.582140000000047309e+01	5.540000000000000000e+02,,,,,,
3.584560000000047353e+01	5.560000000000000000e+02,,,,,,
3.586980000000047397e+01	5.580000000000000000e+02,,,,,,
3.589400000000047442e+01	5.580000000000000000e+02,,,,,,
3.591820000000047486e+01	5.590000000000000000e+02,,,,,,
3.594240000000047530e+01	5.600000000000000000e+02,,,,,,
3.596660000000047575e+01	5.610000000000000000e+02,,,,,,
3.599080000000047619e+01	5.620000000000000000e+02,,,,,,
3.601500000000047663e+01	5.630000000000000000e+02,,,,,,
3.603920000000047708e+01	5.640000000000000000e+02,,,,,,
3.606340000000047752e+01	5.650000000000000000e+02,,,,,,
3.608760000000047796e+01	5.660000000000000000e+02,,,,,,
3.611180000000047841e+01	5.670000000000000000e+02,,,,,,
3.613600000000047885e+01	5.670000000000000000e+02,,,,,,
3.616020000000047929e+01	5.650000000000000000e+02,,,,,,
3.618440000000047974e+01	5.620000000000000000e+02,,,,,,
3.620860000000048018e+01	5.620000000000000000e+02,,,,,,
3.623280000000048062e+01	5.640000000000000000e+02,,,,,,
3.625700000000048107e+01	5.650000000000000000e+02,,,,,,
3.628120000000048151e+01	5.650000000000000000e+02,,,,,,
3.630540000000048195e+01	5.650000000000000000e+02,,,,,,
3.632960000000048240e+01	5.660000000000000000e+02,,,,,,
3.635380000000048284e+01	5.670000000000000000e+02,,,,,,
3.637800000000048328e+01	5.680000000000000000e+02,,,,,,
3.640220000000048373e+01	5.680000000000000000e+02,,,,,,
3.642640000000048417e+01	5.690000000000000000e+02,,,,,,
3.645060000000048461e+01	5.690000000000000000e+02,,,,,,
3.647480000000048506e+01	5.680000000000000000e+02,,,,,,
3.649900000000048550e+01	5.680000000000000000e+02,,,,,,
3.652320000000048594e+01	5.680000000000000000e+02,,,,,,
3.654740000000048639e+01	5.700000000000000000e+02,,,,,,
3.657160000000048683e+01	5.720000000000000000e+02,,,,,,
3.659580000000048727e+01	5.740000000000000000e+02,,,,,,
3.662000000000048772e+01	5.790000000000000000e+02,,,,,,
3.664420000000048816e+01	5.810000000000000000e+02,,,,,,
3.666840000000048860e+01	5.800000000000000000e+02,,,,,,
3.669260000000048905e+01	5.740000000000000000e+02,,,,,,
3.671680000000048949e+01	5.720000000000000000e+02,,,,,,
3.674100000000048993e+01	5.720000000000000000e+02,,,,,,
3.676520000000049038e+01	5.730000000000000000e+02,,,,,,
3.678940000000049082e+01	5.740000000000000000e+02,,,,,,
3.681360000000049126e+01	5.750000000000000000e+02,,,,,,
3.683780000000049171e+01	5.760000000000000000e+02,,,,,,
3.686200000000049215e+01	5.770000000000000000e+02,,,,,,
3.688620000000049259e+01	5.780000000000000000e+02,,,,,,
3.691040000000049304e+01	5.790000000000000000e+02,,,,,,
3.693460000000049348e+01	5.810000000000000000e+02,,,,,,
3.695880000000049392e+01	5.830000000000000000e+02,,,,,,
3.698300000000049437e+01	5.840000000000000000e+02,,,,,,
3.700720000000049481e+01	5.850000000000000000e+02,,,,,,
3.703140000000049525e+01	5.850000000000000000e+02,,,,,,
3.705560000000049570e+01	5.870000000000000000e+02,,,,,,
3.707980000000049614e+01	5.880000000000000000e+02,,,,,,
3.710400000000049658e+01	5.890000000000000000e+02,,,,,,
3.712820000000049703e+01	5.900000000000000000e+02,,,,,,
3.715240000000049747e+01	5.920000000000000000e+02,,,,,,
3.717660000000049791e+01	5.930000000000000000e+02,,,,,,
3.720080000000049836e+01	5.950000000000000000e+02,,,,,,
3.722500000000049880e+01	5.960000000000000000e+02,,,,,,
3.724920000000049924e+01	5.970000000000000000e+02,,,,,,
3.727340000000049969e+01	6.000000000000000000e+02,,,,,,
3.729760000000050013e+01	6.110000000000000000e+02,,,,,,
3.732180000000050057e+01	6.160000000000000000e+02,,,,,,
3.734600000000050102e+01	6.180000000000000000e+02,,,,,,
3.737020000000050146e+01	6.130000000000000000e+02,,,,,,
3.739440000000050190e+01	6.100000000000000000e+02,,,,,,
3.741860000000050235e+01	6.080000000000000000e+02,,,,,,
3.744280000000050279e+01	6.170000000000000000e+02,,,,,,
3.746700000000050323e+01	6.210000000000000000e+02,,,,,,
3.749120000000050368e+01	6.240000000000000000e+02,,,,,,
3.751540000000050412e+01	6.260000000000000000e+02,,,,,,
3.753960000000050456e+01	6.280000000000000000e+02,,,,,,
3.756380000000050501e+01	6.300000000000000000e+02,,,,,,
3.758800000000050545e+01	6.310000000000000000e+02,,,,,,
3.761220000000050590e+01	6.320000000000000000e+02,,,,,,
3.763640000000050634e+01	6.340000000000000000e+02,,,,,,
3.766060000000050678e+01	6.350000000000000000e+02,,,,,,
3.768480000000050723e+01	6.360000000000000000e+02,,,,,,
3.770900000000050767e+01	6.380000000000000000e+02,,,,,,
3.773320000000050811e+01	6.400000000000000000e+02,,,,,,
3.775740000000050856e+01	6.400000000000000000e+02,,,,,,
3.778160000000050900e+01	6.410000000000000000e+02,,,,,,
3.780580000000050944e+01	6.430000000000000000e+02,,,,,,
3.783000000000050989e+01	6.460000000000000000e+02,,,,,,
3.785420000000051033e+01	6.480000000000000000e+02,,,,,,
3.787840000000051077e+01	6.500000000000000000e+02,,,,,,
3.790260000000051122e+01	6.510000000000000000e+02,,,,,,
3.792680000000051166e+01	6.530000000000000000e+02,,,,,,
3.795100000000051210e+01	6.540000000000000000e+02,,,,,,
3.797520000000051255e+01	6.550000000000000000e+02,,,,,,
3.799940000000051299e+01	6.560000000000000000e+02,,,,,,
3.802360000000051343e+01	6.570000000000000000e+02,,,,,,
3.804780000000051388e+01	6.600000000000000000e+02,,,,,,
3.807200000000051432e+01	6.610000000000000000e+02,,,,,,
3.809620000000051476e+01	6.630000000000000000e+02,,,,,,
3.812040000000051521e+01	6.650000000000000000e+02,,,,,,
3.814460000000051565e+01	6.660000000000000000e+02,,,,,,
3.816880000000051609e+01	6.690000000000000000e+02,,,,,,
3.819300000000051654e+01	6.710000000000000000e+02,,,,,,
3.821720000000051698e+01	6.730000000000000000e+02,,,,,,
3.824140000000051742e+01	6.740000000000000000e+02,,,,,,
3.826560000000051787e+01	6.740000000000000000e+02,,,,,,
3.828980000000051831e+01	6.740000000000000000e+02,,,,,,
3.831400000000051875e+01	6.750000000000000000e+02,,,,,,
3.833820000000051920e+01	6.770000000000000000e+02,,,,,,
3.836240000000051964e+01	6.770000000000000000e+02,,,,,,
3.838660000000052008e+01	6.780000000000000000e+02,,,,,,
3.841080000000052053e+01	6.790000000000000000e+02,,,,,,
3.843500000000052097e+01	6.790000000000000000e+02,,,,,,
3.845920000000052141e+01	6.800000000000000000e+02,,,,,,
3.848340000000052186e+01	6.810000000000000000e+02,,,,,,
3.850760000000052230e+01	6.810000000000000000e+02,,,,,,
3.853180000000052274e+01	6.810000000000000000e+02,,,,,,
3.855600000000052319e+01	6.800000000000000000e+02,,,,,,
3.858020000000052363e+01	6.800000000000000000e+02,,,,,,
3.860440000000052407e+01	6.800000000000000000e+02,,,,,,
3.862860000000052452e+01	6.800000000000000000e+02,,,,,,
3.865280000000052496e+01	6.790000000000000000e+02,,,,,,
3.867700000000052540e+01	6.780000000000000000e+02,,,,,,
3.870120000000052585e+01	6.770000000000000000e+02,,,,,,
3.872540000000052629e+01	6.770000000000000000e+02,,,,,,
3.874960000000052673e+01	6.770000000000000000e+02,,,,,,
3.877380000000052718e+01	6.770000000000000000e+02,,,,,,
3.879800000000052762e+01	6.760000000000000000e+02,,,,,,
3.882220000000052806e+01	6.770000000000000000e+02,,,,,,
3.884640000000052851e+01	6.770000000000000000e+02,,,,,,
3.887060000000052895e+01	6.780000000000000000e+02,,,,,,
3.889480000000052939e+01	6.760000000000000000e+02,,,,,,
3.891900000000052984e+01	6.750000000000000000e+02,,,,,,
3.894320000000053028e+01	6.760000000000000000e+02,,,,,,
3.896740000000053072e+01	6.770000000000000000e+02,,,,,,
3.899160000000053117e+01	6.780000000000000000e+02,,,,,,
3.901580000000053161e+01	6.780000000000000000e+02,,,,,,
3.904000000000053205e+01	6.790000000000000000e+02,,,,,,
3.906420000000053250e+01	6.790000000000000000e+02,,,,,,
3.908840000000053294e+01	6.790000000000000000e+02,,,,,,
3.911260000000053338e+01	6.790000000000000000e+02,,,,,,
3.913680000000053383e+01	6.800000000000000000e+02,,,,,,
3.916100000000053427e+01	6.800000000000000000e+02,,,,,,
3.918520000000053471e+01	6.810000000000000000e+02,,,,,,
3.920940000000053516e+01	6.810000000000000000e+02,,,,,,
3.923360000000053560e+01	6.810000000000000000e+02,,,,,,
3.925780000000053604e+01	6.820000000000000000e+02,,,,,,
3.928200000000053649e+01	6.820000000000000000e+02,,,,,,
3.930620000000053693e+01	6.820000000000000000e+02,,,,,,
3.933040000000053737e+01	6.830000000000000000e+02,,,,,,
3.935460000000053782e+01	6.840000000000000000e+02,,,,,,
3.937880000000053826e+01	6.830000000000000000e+02,,,,,,
3.940300000000053871e+01	6.840000000000000000e+02,,,,,,
3.942720000000053915e+01	6.840000000000000000e+02,,,,,,
3.945140000000053959e+01	6.840000000000000000e+02,,,,,,
3.947560000000054004e+01	6.850000000000000000e+02,,,,,,
3.949980000000054048e+01	6.840000000000000000e+02,,,,,,
3.952400000000054092e+01	6.840000000000000000e+02,,,,,,
3.954820000000054137e+01	6.840000000000000000e+02,,,,,,
3.957240000000054181e+01	6.850000000000000000e+02,,,,,,
3.959660000000054225e+01	6.860000000000000000e+02,,,,,,
3.962080000000054270e+01	6.860000000000000000e+02,,,,,,
3.964500000000054314e+01	6.870000000000000000e+02,,,,,,
3.966920000000054358e+01	6.880000000000000000e+02,,,,,,
3.969340000000054403e+01	6.880000000000000000e+02,,,,,,
3.971760000000054447e+01	6.880000000000000000e+02,,,,,,
3.974180000000054491e+01	6.890000000000000000e+02,,,,,,
3.976600000000054536e+01	6.890000000000000000e+02,,,,,,
3.979020000000054580e+01	6.900000000000000000e+02,,,,,,
3.981440000000054624e+01	6.900000000000000000e+02,,,,,,
3.983860000000054669e+01	6.920000000000000000e+02,,,,,,
3.986280000000054713e+01	6.930000000000000000e+02,,,,,,
3.988700000000054757e+01	6.940000000000000000e+02,,,,,,
3.991120000000054802e+01	6.940000000000000000e+02,,,,,,
3.993540000000054846e+01	6.950000000000000000e+02,,,,,,
3.995960000000054890e+01	6.950000000000000000e+02,,,,,,
3.998380000000054935e+01	6.940000000000000000e+02,,,,,,
4.000800000000054979e+01	6.950000000000000000e+02,,,,,,
4.003220000000055023e+01	6.950000000000000000e+02,,,,,,
4.005640000000055068e+01	6.950000000000000000e+02,,,,,,
4.008060000000055112e+01	6.950000000000000000e+02,,,,,,
4.010480000000055156e+01	6.960000000000000000e+02,,,,,,
4.012900000000055201e+01	6.970000000000000000e+02,,,,,,
4.015320000000055245e+01	6.970000000000000000e+02,,,,,,
4.017740000000055289e+01	6.970000000000000000e+02,,,,,,
4.020160000000055334e+01	6.970000000000000000e+02,,,,,,
4.022580000000055378e+01	6.970000000000000000e+02,,,,,,
4.025000000000055422e+01	6.980000000000000000e+02,,,,,,
4.027420000000055467e+01	7.000000000000000000e+02,,,,,,
4.029840000000055511e+01	7.010000000000000000e+02,,,,,,
4.032260000000055555e+01	7.010000000000000000e+02,,,,,,
4.034680000000055600e+01	7.010000000000000000e+02,,,,,,
4.037100000000055644e+01	7.040000000000000000e+02,,,,,,
4.039520000000055688e+01	7.050000000000000000e+02,,,,,,
4.041940000000055733e+01	7.060000000000000000e+02,,,,,,
4.044360000000055777e+01	7.060000000000000000e+02,,,,,,
4.046780000000055821e+01	7.060000000000000000e+02,,,,,,
4.049200000000055866e+01	7.070000000000000000e+02,,,,,,
4.051620000000055910e+01	7.060000000000000000e+02,,,,,,
4.054040000000055954e+01	7.050000000000000000e+02,,,,,,
4.056460000000055999e+01	7.040000000000000000e+02,,,,,,
4.058880000000056043e+01	7.040000000000000000e+02,,,,,,
4.061300000000056087e+01	7.140000000000000000e+02,,,,,,
4.063720000000056132e+01	7.200000000000000000e+02,,,,,,
4.066140000000056176e+01	7.230000000000000000e+02,,,,,,
4.068560000000056220e+01	7.250000000000000000e+02,,,,,,
4.070980000000056265e+01	7.260000000000000000e+02,,,,,,
4.073400000000056309e+01	7.280000000000000000e+02,,,,,,
4.075820000000056353e+01	7.290000000000000000e+02,,,,,,
4.078240000000056398e+01	7.300000000000000000e+02,,,,,,
4.080660000000056442e+01	7.320000000000000000e+02,,,,,,
4.083080000000056486e+01	7.340000000000000000e+02,,,,,,
4.085500000000056531e+01	7.370000000000000000e+02,,,,,,
4.087920000000056575e+01	7.390000000000000000e+02,,,,,,
4.090340000000056619e+01	7.400000000000000000e+02,,,,,,
4.092760000000056664e+01	7.410000000000000000e+02,,,,,,
4.095180000000056708e+01	7.430000000000000000e+02,,,,,,
4.097600000000056752e+01	7.450000000000000000e+02,,,,,,
4.100020000000056797e+01	7.470000000000000000e+02,,,,,,
4.102440000000056841e+01	7.490000000000000000e+02,,,,,,
4.104860000000056885e+01	7.490000000000000000e+02,,,,,,
4.107280000000056930e+01	7.490000000000000000e+02,,,,,,
4.109700000000056974e+01	7.500000000000000000e+02,,,,,,
4.112120000000057018e+01	7.510000000000000000e+02,,,,,,
4.114540000000057063e+01	7.500000000000000000e+02,,,,,,
4.116960000000057107e+01	7.500000000000000000e+02,,,,,,
4.119380000000057152e+01	7.510000000000000000e+02,,,,,,
4.121800000000057196e+01	7.550000000000000000e+02,,,,,,
4.124220000000057240e+01	7.560000000000000000e+02,,,,,,
4.126640000000057285e+01	7.570000000000000000e+02,,,,,,
4.129060000000057329e+01	7.580000000000000000e+02,,,,,,
4.131480000000057373e+01	7.580000000000000000e+02,,,,,,
4.133900000000057418e+01	7.580000000000000000e+02,,,,,,
4.136320000000057462e+01	7.580000000000000000e+02,,,,,,
4.138740000000057506e+01	7.600000000000000000e+02,,,,,,
4.141160000000057551e+01	7.620000000000000000e+02,,,,,,
4.143580000000057595e+01	7.630000000000000000e+02,,,,,,
4.146000000000057639e+01	7.620000000000000000e+02,,,,,,
4.148420000000057684e+01	7.640000000000000000e+02,,,,,,
4.150840000000057728e+01	7.650000000000000000e+02,,,,,,
4.153260000000057772e+01	7.660000000000000000e+02,,,,,,
4.155680000000057817e+01	7.660000000000000000e+02,,,,,,
4.158100000000057861e+01	7.650000000000000000e+02,,,,,,
4.160520000000057905e+01	7.660000000000000000e+02,,,,,,
4.162940000000057950e+01	7.660000000000000000e+02,,,,,,
4.165360000000057994e+01	7.660000000000000000e+02,,,,,,
4.167780000000058038e+01	7.670000000000000000e+02,,,,,,
4.170200000000058083e+01	7.670000000000000000e+02,,,,,,
4.172620000000058127e+01	7.650000000000000000e+02,,,,,,
4.175040000000058171e+01	7.640000000000000000e+02,,,,,,
4.177460000000058216e+01	7.660000000000000000e+02,,,,,,
4.179880000000058260e+01	7.670000000000000000e+02,,,,,,
4.182300000000058304e+01	7.680000000000000000e+02,,,,,,
4.184720000000058349e+01	7.680000000000000000e+02,,,,,,
4.187140000000058393e+01	7.670000000000000000e+02,,,,,,
4.189560000000058437e+01	7.660000000000000000e+02,,,,,,
4.191980000000058482e+01	7.660000000000000000e+02,,,,,,
4.194400000000058526e+01	7.660000000000000000e+02,,,,,,
4.196820000000058570e+01	7.660000000000000000e+02,,,,,,
4.199240000000058615e+01	7.690000000000000000e+02,,,,,,
4.201660000000058659e+01	7.700000000000000000e+02,,,,,,
4.204080000000058703e+01	7.700000000000000000e+02,,,,,,
4.206500000000058748e+01	7.710000000000000000e+02,,,,,,
4.208920000000058792e+01	7.720000000000000000e+02,,,,,,
4.211340000000058836e+01	7.710000000000000000e+02,,,,,,
4.213760000000058881e+01	7.720000000000000000e+02,,,,,,
4.216180000000058925e+01	7.720000000000000000e+02,,,,,,
4.218600000000058969e+01	7.720000000000000000e+02,,,,,,
4.221020000000059014e+01	7.740000000000000000e+02,,,,,,
4.223440000000059058e+01	7.740000000000000000e+02,,,,,,
4.225860000000059102e+01	7.740000000000000000e+02,,,,,,
4.228280000000059147e+01	7.760000000000000000e+02,,,,,,
4.230700000000059191e+01	7.770000000000000000e+02,,,,,,
4.233120000000059235e+01	7.770000000000000000e+02,,,,,,
4.235540000000059280e+01	7.780000000000000000e+02,,,,,,
4.237960000000059324e+01	7.780000000000000000e+02,,,,,,
4.240380000000059368e+01	7.780000000000000000e+02,,,,,,
4.242800000000059413e+01	7.790000000000000000e+02,,,,,,
4.245220000000059457e+01	7.790000000000000000e+02,,,,,,
4.247640000000059501e+01	7.780000000000000000e+02,,,,,,
4.250060000000059546e+01	7.790000000000000000e+02,,,,,,
4.252480000000059590e+01	7.790000000000000000e+02,,,,,,
4.254900000000059634e+01	7.790000000000000000e+02,,,,,,
4.257320000000059679e+01	7.800000000000000000e+02,,,,,,
4.259740000000059723e+01	7.820000000000000000e+02,,,,,,
4.262160000000059767e+01	7.830000000000000000e+02,,,,,,
4.264580000000059812e+01	7.840000000000000000e+02,,,,,,
4.267000000000059856e+01	7.880000000000000000e+02,,,,,,
4.269420000000059900e+01	7.880000000000000000e+02,,,,,,
4.271840000000059945e+01	7.850000000000000000e+02,,,,,,
4.274260000000059989e+01	7.840000000000000000e+02,,,,,,
4.276680000000060033e+01	7.840000000000000000e+02,,,,,,
4.279100000000060078e+01	7.800000000000000000e+02,,,,,,
4.281520000000060122e+01	7.780000000000000000e+02,,,,,,
4.283940000000060166e+01	7.780000000000000000e+02,,,,,,
4.286360000000060211e+01	7.780000000000000000e+02,,,,,,
4.288780000000060255e+01	7.780000000000000000e+02,,,,,,
4.291200000000060299e+01	7.970000000000000000e+02,,,,,,
4.293620000000060344e+01	8.110000000000000000e+02,,,,,,
4.296040000000060388e+01	8.190000000000000000e+02,,,,,,
4.298460000000060433e+01	8.230000000000000000e+02,,,,,,
4.300880000000060477e+01	8.280000000000000000e+02,,,,,,
4.303300000000060521e+01	8.310000000000000000e+02,,,,,,
4.305720000000060566e+01	8.320000000000000000e+02,,,,,,
4.308140000000060610e+01	8.330000000000000000e+02,,,,,,
4.310560000000060654e+01	8.340000000000000000e+02,,,,,,
4.312980000000060699e+01	8.340000000000000000e+02,,,,,,
4.315400000000060743e+01	8.340000000000000000e+02,,,,,,
4.317820000000060787e+01	8.350000000000000000e+02,,,,,,
4.320240000000060832e+01	8.360000000000000000e+02,,,,,,
4.322660000000060876e+01	8.370000000000000000e+02,,,,,,
4.325080000000060920e+01	8.370000000000000000e+02,,,,,,
4.327500000000060965e+01	8.370000000000000000e+02,,,,,,
4.329920000000061009e+01	8.370000000000000000e+02,,,,,,
4.332340000000061053e+01	8.370000000000000000e+02,,,,,,
4.334760000000061098e+01	8.370000000000000000e+02,,,,,,
4.337180000000061142e+01	8.390000000000000000e+02,,,,,,
4.339600000000061186e+01	8.400000000000000000e+02,,,,,,
4.342020000000061231e+01	8.400000000000000000e+02,,,,,,
4.344440000000061275e+01	8.400000000000000000e+02,,,,,,
4.346860000000061319e+01	8.390000000000000000e+02,,,,,,
4.349280000000061364e+01	8.350000000000000000e+02,,,,,,
4.351700000000061408e+01	8.330000000000000000e+02,,,,,,
4.354120000000061452e+01	8.300000000000000000e+02,,,,,,
4.356540000000061497e+01	8.260000000000000000e+02,,,,,,
4.358960000000061541e+01	8.220000000000000000e+02,,,,,,
4.361380000000061585e+01	8.220000000000000000e+02,,,,,,
4.363800000000061630e+01	8.260000000000000000e+02,,,,,,
4.366220000000061674e+01	8.340000000000000000e+02,,,,,,
4.368640000000061718e+01	8.370000000000000000e+02,,,,,,
4.371060000000061763e+01	8.370000000000000000e+02,,,,,,
4.373480000000061807e+01	8.380000000000000000e+02,,,,,,
4.375900000000061851e+01	8.340000000000000000e+02,,,,,,
4.378320000000061896e+01	8.270000000000000000e+02,,,,,,
4.380740000000061940e+01	8.250000000000000000e+02,,,,,,
4.383160000000061984e+01	8.190000000000000000e+02,,,,,,
4.385580000000062029e+01	8.180000000000000000e+02,,,,,,
4.388000000000062073e+01	8.170000000000000000e+02,,,,,,
4.390420000000062117e+01	8.180000000000000000e+02,,,,,,
4.392840000000062162e+01	8.190000000000000000e+02,,,,,,
4.395260000000062206e+01	8.200000000000000000e+02,,,,,,
4.397680000000062250e+01	8.210000000000000000e+02,,,,,,
4.400100000000062295e+01	8.270000000000000000e+02,,,,,,
4.402520000000062339e+01	8.310000000000000000e+02,,,,,,
4.404940000000062383e+01	8.330000000000000000e+02,,,,,,
4.407360000000062428e+01	8.330000000000000000e+02,,,,,,
4.409780000000062472e+01	8.330000000000000000e+02,,,,,,
4.412200000000062516e+01	8.340000000000000000e+02,,,,,,
4.414620000000062561e+01	8.350000000000000000e+02,,,,,,
4.417040000000062605e+01	8.360000000000000000e+02,,,,,,
4.419460000000062649e+01	8.380000000000000000e+02,,,,,,
4.421880000000062694e+01	8.390000000000000000e+02,,,,,,
4.424300000000062738e+01	8.390000000000000000e+02,,,,,,
4.426720000000062782e+01	8.400000000000000000e+02,,,,,,
4.429140000000062827e+01	8.400000000000000000e+02,,,,,,
4.431560000000062871e+01	8.410000000000000000e+02,,,,,,
4.433980000000062915e+01	8.410000000000000000e+02,,,,,,
4.436400000000062960e+01	8.430000000000000000e+02,,,,,,
4.438820000000063004e+01	8.430000000000000000e+02,,,,,,
4.441240000000063048e+01	8.450000000000000000e+02,,,,,,
4.443660000000063093e+01	8.460000000000000000e+02,,,,,,
4.446080000000063137e+01	8.480000000000000000e+02,,,,,,
4.448500000000063181e+01	8.490000000000000000e+02,,,,,,
4.450920000000063226e+01	8.500000000000000000e+02,,,,,,
4.453340000000063270e+01	8.500000000000000000e+02,,,,,,
4.455760000000063314e+01	8.520000000000000000e+02,,,,,,
4.458180000000063359e+01	8.530000000000000000e+02,,,,,,
4.460600000000063403e+01	8.540000000000000000e+02,,,,,,
4.463020000000063447e+01	8.550000000000000000e+02,,,,,,
4.465440000000063492e+01	8.550000000000000000e+02,,,,,,
4.467860000000063536e+01	8.560000000000000000e+02,,,,,,
4.470280000000063581e+01	8.560000000000000000e+02,,,,,,
4.472700000000063625e+01	8.580000000000000000e+02,,,,,,
4.475120000000063669e+01	8.580000000000000000e+02,,,,,,
4.477540000000063714e+01	8.590000000000000000e+02,,,,,,
4.479960000000063758e+01	8.600000000000000000e+02,,,,,,
4.482380000000063802e+01	8.600000000000000000e+02,,,,,,
4.484800000000063847e+01	8.620000000000000000e+02,,,,,,
4.487220000000063891e+01	8.600000000000000000e+02,,,,,,
4.489640000000063935e+01	8.570000000000000000e+02,,,,,,
4.492060000000063980e+01	8.560000000000000000e+02,,,,,,
4.494480000000064024e+01	8.560000000000000000e+02,,,,,,
4.496900000000064068e+01	8.560000000000000000e+02,,,,,,
4.499320000000064113e+01	8.580000000000000000e+02,,,,,,
4.501740000000064157e+01	8.590000000000000000e+02,,,,,,
4.504160000000064201e+01	8.570000000000000000e+02,,,,,,
4.506580000000064246e+01	8.550000000000000000e+02,,,,,,
4.509000000000064290e+01	8.550000000000000000e+02,,,,,,
4.511420000000064334e+01	8.580000000000000000e+02,,,,,,
4.513840000000064379e+01	8.600000000000000000e+02,,,,,,
4.516260000000064423e+01	8.600000000000000000e+02,,,,,,
4.518680000000064467e+01	8.610000000000000000e+02,,,,,,
4.521100000000064512e+01	8.620000000000000000e+02,,,,,,
4.523520000000064556e+01	8.630000000000000000e+02,,,,,,
4.525940000000064600e+01	8.640000000000000000e+02,,,,,,
4.528360000000064645e+01	8.650000000000000000e+02,,,,,,
4.530780000000064689e+01	8.660000000000000000e+02,,,,,,
4.533200000000064733e+01	8.670000000000000000e+02,,,,,,
4.535620000000064778e+01	8.680000000000000000e+02,,,,,,
4.538040000000064822e+01	8.690000000000000000e+02,,,,,,
4.540460000000064866e+01	8.700000000000000000e+02,,,,,,
4.542880000000064911e+01	8.710000000000000000e+02,,,,,,
4.545300000000064955e+01	8.720000000000000000e+02,,,,,,
4.547720000000064999e+01	8.730000000000000000e+02,,,,,,
4.550140000000065044e+01	8.740000000000000000e+02,,,,,,
4.552560000000065088e+01	8.750000000000000000e+02,,,,,,
4.554980000000065132e+01	8.770000000000000000e+02,,,,,,
4.557400000000065177e+01	8.780000000000000000e+02,,,,,,
4.559820000000065221e+01	8.790000000000000000e+02,,,,,,
4.562240000000065265e+01	8.790000000000000000e+02,,,,,,
4.564660000000065310e+01	8.800000000000000000e+02,,,,,,
4.567080000000065354e+01	8.810000000000000000e+02,,,,,,
4.569500000000065398e+01	8.830000000000000000e+02,,,,,,
4.571920000000065443e+01	8.830000000000000000e+02,,,,,,
4.574340000000065487e+01	8.840000000000000000e+02,,,,,,
4.576760000000065531e+01	8.860000000000000000e+02,,,,,,
4.579180000000065576e+01	8.870000000000000000e+02,,,,,,
4.581600000000065620e+01	8.880000000000000000e+02,,,,,,
4.584020000000065664e+01	8.880000000000000000e+02,,,,,,
4.586440000000065709e+01	8.890000000000000000e+02,,,,,,
4.588860000000065753e+01	8.900000000000000000e+02,,,,,,
4.591280000000065797e+01	8.910000000000000000e+02,,,,,,
4.593700000000065842e+01	8.920000000000000000e+02,,,,,,
4.596120000000065886e+01	8.930000000000000000e+02,,,,,,
4.598540000000065930e+01	8.950000000000000000e+02,,,,,,
4.600960000000065975e+01	8.950000000000000000e+02,,,,,,
4.603380000000066019e+01	8.960000000000000000e+02,,,,,,
4.605800000000066063e+01	8.960000000000000000e+02,,,,,,
4.608220000000066108e+01	8.960000000000000000e+02,,,,,,
4.610640000000066152e+01	8.980000000000000000e+02,,,,,,
4.613060000000066196e+01	9.000000000000000000e+02,,,,,,
4.615480000000066241e+01	9.010000000000000000e+02,,,,,,
4.617900000000066285e+01	9.010000000000000000e+02,,,,,,
4.620320000000066329e+01	9.020000000000000000e+02,,,,,,
4.622740000000066374e+01	9.030000000000000000e+02,,,,,,
4.625160000000066418e+01	9.040000000000000000e+02,,,,,,
4.627580000000066462e+01	9.050000000000000000e+02,,,,,,
4.630000000000066507e+01	9.050000000000000000e+02,,,,,,
4.632420000000066551e+01	9.050000000000000000e+02,,,,,,
4.634840000000066595e+01	9.060000000000000000e+02,,,,,,
4.637260000000066640e+01	9.070000000000000000e+02,,,,,,
4.639680000000066684e+01	9.080000000000000000e+02,,,,,,
4.642100000000066728e+01	9.080000000000000000e+02,,,,,,
4.644520000000066773e+01	9.090000000000000000e+02,,,,,,
4.646940000000066817e+01	9.090000000000000000e+02,,,,,,
4.649360000000066862e+01	9.100000000000000000e+02,,,,,,
4.651780000000066906e+01	9.080000000000000000e+02,,,,,,
4.654200000000066950e+01	9.060000000000000000e+02,,,,,,
4.656620000000066995e+01	9.070000000000000000e+02,,,,,,
4.659040000000067039e+01	9.090000000000000000e+02,,,,,,
4.661460000000067083e+01	9.100000000000000000e+02,,,,,,
4.663880000000067128e+01	9.150000000000000000e+02,,,,,,
4.666300000000067172e+01	9.180000000000000000e+02,,,,,,
4.668720000000067216e+01	9.190000000000000000e+02,,,,,,
4.671140000000067261e+01	9.200000000000000000e+02,,,,,,
4.673560000000067305e+01	9.200000000000000000e+02,,,,,,
4.675980000000067349e+01	9.230000000000000000e+02,,,,,,
4.678400000000067394e+01	9.250000000000000000e+02,,,,,,
4.680820000000067438e+01	9.260000000000000000e+02,,,,,,
4.683240000000067482e+01	9.270000000000000000e+02,,,,,,
4.685660000000067527e+01	9.280000000000000000e+02,,,,,,
4.688080000000067571e+01	9.290000000000000000e+02,,,,,,
4.690500000000067615e+01	9.300000000000000000e+02,,,,,,
4.692920000000067660e+01	9.300000000000000000e+02,,,,,,
4.695340000000067704e+01	9.310000000000000000e+02,,,,,,
4.697760000000067748e+01	9.320000000000000000e+02,,,,,,
4.700180000000067793e+01	9.320000000000000000e+02,,,,,,
4.702600000000067837e+01	9.340000000000000000e+02,,,,,,
4.705020000000067881e+01	9.350000000000000000e+02,,,,,,
4.707440000000067926e+01	9.360000000000000000e+02,,,,,,
4.709860000000067970e+01	9.360000000000000000e+02,,,,,,
4.712280000000068014e+01	9.370000000000000000e+02,,,,,,
4.714700000000068059e+01	9.370000000000000000e+02,,,,,,
4.717120000000068103e+01	9.390000000000000000e+02,,,,,,
4.719540000000068147e+01	9.400000000000000000e+02,,,,,,
4.721960000000068192e+01	9.400000000000000000e+02,,,,,,
4.724380000000068236e+01	9.400000000000000000e+02,,,,,,
4.726800000000068280e+01	9.420000000000000000e+02,,,,,,
4.729220000000068325e+01	9.420000000000000000e+02,,,,,,
4.731640000000068369e+01	9.430000000000000000e+02,,,,,,
4.734060000000068413e+01	9.430000000000000000e+02,,,,,,
4.736480000000068458e+01	9.440000000000000000e+02,,,,,,
4.738900000000068502e+01	9.450000000000000000e+02,,,,,,
4.741320000000068546e+01	9.460000000000000000e+02,,,,,,
4.743740000000068591e+01	9.470000000000000000e+02,,,,,,
4.746160000000068635e+01	9.480000000000000000e+02,,,,,,
4.748580000000068679e+01	9.480000000000000000e+02,,,,,,
4.751000000000068724e+01	9.490000000000000000e+02,,,,,,
4.753420000000068768e+01	9.490000000000000000e+02,,,,,,
4.755840000000068812e+01	9.490000000000000000e+02,,,,,,
4.758260000000068857e+01	9.510000000000000000e+02,,,,,,
4.760680000000068901e+01	9.520000000000000000e+02,,,,,,
4.763100000000068945e+01	9.530000000000000000e+02,,,,,,
4.765520000000068990e+01	9.540000000000000000e+02,,,,,,
4.767940000000069034e+01	9.560000000000000000e+02,,,,,,
4.770360000000069078e+01	9.580000000000000000e+02,,,,,,
4.772780000000069123e+01	9.580000000000000000e+02,,,,,,
4.775200000000069167e+01	9.560000000000000000e+02,,,,,,
4.777620000000069211e+01	9.550000000000000000e+02,,,,,,
4.780040000000069256e+01	9.560000000000000000e+02,,,,,,
4.782460000000069300e+01	9.580000000000000000e+02,,,,,,
4.784880000000069344e+01	9.590000000000000000e+02,,,,,,
4.787300000000069389e+01	9.630000000000000000e+02,,,,,,
4.789720000000069433e+01	9.650000000000000000e+02,,,,,,
4.792140000000069477e+01	9.670000000000000000e+02,,,,,,
4.794560000000069522e+01	9.680000000000000000e+02,,,,,,
4.796980000000069566e+01	9.690000000000000000e+02,,,,,,
4.799400000000069610e+01	9.700000000000000000e+02,,,,,,
4.801820000000069655e+01	9.710000000000000000e+02,,,,,,
4.804240000000069699e+01	9.710000000000000000e+02,,,,,,
4.806660000000069743e+01	9.720000000000000000e+02,,,,,,
4.809080000000069788e+01	9.730000000000000000e+02,,,,,,
4.811500000000069832e+01	9.740000000000000000e+02,,,,,,
4.813920000000069876e+01	9.750000000000000000e+02,,,,,,
4.816340000000069921e+01	9.760000000000000000e+02,,,,,,
4.818760000000069965e+01	9.770000000000000000e+02,,,,,,
4.821180000000070009e+01	9.770000000000000000e+02,,,,,,
4.823600000000070054e+01	9.770000000000000000e+02,,,,,,
4.826020000000070098e+01	9.780000000000000000e+02,,,,,,
4.828440000000070143e+01	9.780000000000000000e+02,,,,,,
4.830860000000070187e+01	9.790000000000000000e+02,,,,,,
4.833280000000070231e+01	9.770000000000000000e+02,,,,,,
4.835700000000070276e+01	9.780000000000000000e+02,,,,,,
4.838120000000070320e+01	9.800000000000000000e+02,,,,,,
4.840540000000070364e+01	9.810000000000000000e+02,,,,,,
4.842960000000070409e+01	9.820000000000000000e+02,,,,,,
4.845380000000070453e+01	9.820000000000000000e+02,,,,,,
4.847800000000070497e+01	9.830000000000000000e+02,,,,,,
4.850220000000070542e+01	9.840000000000000000e+02,,,,,,
4.852640000000070586e+01	9.860000000000000000e+02,,,,,,
4.855060000000070630e+01	9.880000000000000000e+02,,,,,,
4.857480000000070675e+01	9.890000000000000000e+02,,,,,,
4.859900000000070719e+01	9.900000000000000000e+02,,,,,,
4.862320000000070763e+01	9.900000000000000000e+02,,,,,,
4.864740000000070808e+01	9.910000000000000000e+02,,,,,,
4.867160000000070852e+01	9.910000000000000000e+02,,,,,,
4.869580000000070896e+01	9.890000000000000000e+02,,,,,,
4.872000000000070941e+01	9.890000000000000000e+02,,,,,,
4.874420000000070985e+01	9.900000000000000000e+02,,,,,,
4.876840000000071029e+01	9.920000000000000000e+02,,,,,,
4.879260000000071074e+01	9.940000000000000000e+02,,,,,,
4.881680000000071118e+01	9.940000000000000000e+02,,,,,,
4.884100000000071162e+01	9.940000000000000000e+02,,,,,,
4.886520000000071207e+01	9.940000000000000000e+02,,,,,,
4.888940000000071251e+01	9.940000000000000000e+02,,,,,,
4.891360000000071295e+01	9.950000000000000000e+02,,,,,,
4.893780000000071340e+01	9.960000000000000000e+02,,,,,,
4.896200000000071384e+01	9.970000000000000000e+02,,,,,,
4.898620000000071428e+01	9.980000000000000000e+02,,,,,,
4.901040000000071473e+01	9.980000000000000000e+02,,,,,,
4.903460000000071517e+01	9.990000000000000000e+02,,,,,,
4.905880000000071561e+01	1.000000000000000000e+03,,,,,,
4.908300000000071606e+01	1.001000000000000000e+03,,,,,,
4.910720000000071650e+01	1.002000000000000000e+03,,,,,,
4.913140000000071694e+01	1.004000000000000000e+03,,,,,,
4.915560000000071739e+01	1.005000000000000000e+03,,,,,,
4.917980000000071783e+01	1.007000000000000000e+03,,,,,,
4.920400000000071827e+01	1.010000000000000000e+03,,,,,,
4.922820000000071872e+01	1.012000000000000000e+03,,,,,,
4.925240000000071916e+01	1.011000000000000000e+03,,,,,,
4.927660000000071960e+01	1.012000000000000000e+03,,,,,,
4.930080000000072005e+01	1.012000000000000000e+03,,,,,,
4.932500000000072049e+01	1.014000000000000000e+03,,,,,,
4.934920000000072093e+01	1.014000000000000000e+03,,,,,,
4.937340000000072138e+01	1.014000000000000000e+03,,,,,,
4.939760000000072182e+01	1.014000000000000000e+03,,,,,,
4.942180000000072226e+01	1.015000000000000000e+03,,,,,,
4.944600000000072271e+01	1.015000000000000000e+03,,,,,,
4.947020000000072315e+01	1.016000000000000000e+03,,,,,,
4.949440000000072359e+01	1.017000000000000000e+03,,,,,,
4.951860000000072404e+01	1.018000000000000000e+03,,,,,,
4.954280000000072448e+01	1.018000000000000000e+03,,,,,,
4.956700000000072492e+01	1.019000000000000000e+03,,,,,,
4.959120000000072537e+01	1.020000000000000000e+03,,,,,,
4.961540000000072581e+01	1.020000000000000000e+03,,,,,,
4.963960000000072625e+01	1.021000000000000000e+03,,,,,,
4.966380000000072670e+01	1.021000000000000000e+03,,,,,,
4.968800000000072714e+01	1.021000000000000000e+03,,,,,,
4.971220000000072758e+01	1.022000000000000000e+03,,,,,,
4.973640000000072803e+01	1.022000000000000000e+03,,,,,,
4.976060000000072847e+01	1.022000000000000000e+03,,,,,,
4.978480000000072891e+01	1.022000000000000000e+03,,,,,,
4.980900000000072936e+01	1.022000000000000000e+03,,,,,,
4.983320000000072980e+01	1.023000000000000000e+03,,,,,,
4.985740000000073024e+01	1.023000000000000000e+03,,,,,,
4.988160000000073069e+01	1.023000000000000000e+03,,,,,,
4.990580000000073113e+01	1.023000000000000000e+03,,,,,,
4.993000000000073157e+01	1.023000000000000000e+03,,,,,,
4.995420000000073202e+01	1.023000000000000000e+03,,,,,,
4.997840000000073246e+01	6.360000000000000000e+02,,,,,,
