comp,int (ex 250 vidro),int (ex 250 plast),int (ex 300 vidro),int (ex 300 plast)
200,0.507,0.342,0.125,4.145
200.5,0.3461,0.385,0.185,4.2314
201,0.3494,0.3541,0.2037,4.2217
201.5,0.359,0.3967,0.1959,4.249
202,0.4038,0.3762,0.188,4.2387
202.5,0.4362,0.3419,0.1782,4.2415
203,0.4498,0.3552,0.1707,4.2372
203.5,0.4586,0.3589,0.1712,4.2378
204,0.4681,0.3628,0.169,4.2364
204.5,0.4762,0.3634,0.1651,4.2332
205,0.4966,0.3729,0.1603,4.2446
205.5,0.5142,0.3866,0.1535,4.2399
206,0.5155,0.3766,0.1579,4.2568
206.5,0.5205,0.3442,0.1564,4.2567
207,0.548,0.3081,0.161,4.2714
207.5,0.5134,0.2749,0.1724,4.2483
208,0.5096,0.2843,0.1917,4.2623
208.5,0.4711,0.2877,0.1968,4.2861
209,0.4467,0.2631,0.1946,4.2912
209.5,0.425,0.2261,0.2034,4.2708
210,0.4178,0.1804,0.2114,4.2852
210.5,0.4155,0.1474,0.21,4.2966
211,0.4105,0.1512,0.2114,4.2949
211.5,0.418,0.1603,0.2081,4.3092
212,0.4266,0.1802,0.2099,4.3306
212.5,0.4212,0.2252,0.2171,4.3272
213,0.4577,0.2672,0.2213,4.3211
213.5,0.4547,0.308,0.2189,4.3482
214,0.4386,0.367,0.2132,4.3718
214.5,0.4103,0.3804,0.2128,4.381
215,0.3958,0.4347,0.2044,4.4062
215.5,0.3735,0.4594,0.2049,4.4216
216,0.3719,0.4363,0.2094,4.4354
216.5,0.3732,0.4298,0.2092,4.4515
217,0.3905,0.4321,0.2194,4.4496
217.5,0.3547,0.4186,0.2265,4.443
218,0.3673,0.4097,0.2248,4.4467
218.5,0.3514,0.3847,0.2199,4.4396
219,0.335,0.3333,0.2153,4.3985
219.5,0.3353,0.2919,0.2142,4.3891
220,0.3577,0.2964,0.2218,4.4018
220.5,0.394,0.2656,0.2177,4.3897
221,0.4227,0.2582,0.2135,4.3754
221.5,0.4417,0.2634,0.2069,4.3688
222,0.4759,0.2775,0.2114,4.3456
222.5,0.501,0.2964,0.2139,4.3476
223,0.5116,0.3041,0.2086,4.342
223.5,0.4639,0.3513,0.1973,4.3742
224,0.4319,0.3789,0.1902,4.3724
224.5,0.418,0.3544,0.1898,4.3694
225,0.4,0.3967,0.1967,4.425
225.5,0.3924,0.4106,0.1998,4.452
226,0.3917,0.4067,0.2115,4.4795
226.5,0.4014,0.4128,0.2162,4.5205
227,0.4432,0.3926,0.2209,4.5428
227.5,0.4426,0.3827,0.2089,4.5657
228,0.4706,0.3813,0.1987,4.5688
228.5,0.4688,0.3843,0.1974,4.588
229,0.476,0.3631,0.1999,4.5968
229.5,0.4993,0.3645,0.2053,4.6282
230,0.5215,0.3718,0.2127,4.6123
230.5,0.5485,0.3503,0.2094,4.5865
231,0.5687,0.3546,0.1974,4.5592
231.5,0.5703,0.3841,0.1911,4.5569
232,0.5833,0.4001,0.1943,4.5294
232.5,0.5808,0.4088,0.18,4.5326
233,0.5736,0.4431,0.173,4.5076
233.5,0.5553,0.4931,0.1687,4.5024
234,0.5539,0.5252,0.1636,4.4832
234.5,0.5636,0.5415,0.1633,4.5006
235,0.5494,0.5542,0.1672,4.5495
235.5,0.5762,0.5571,0.1668,4.5744
236,0.5852,0.5639,0.1775,4.5947
236.5,0.5912,0.572,0.1843,4.6056
237,0.6031,0.5397,0.1866,4.6136
237.5,0.6078,0.5445,0.1797,4.654
238,0.6063,0.5429,0.1891,4.6648
238.5,0.6022,0.513,0.1949,4.6695
239,0.6137,0.4877,0.2014,4.6676
239.5,0.5959,0.4949,0.2092,4.6817
240,0.5964,0.4679,0.2164,4.6453
240.5,0.5881,0.4503,0.2137,4.6281
241,0.5924,0.4397,0.2014,4.6336
241.5,0.5515,0.4473,0.1969,4.6376
242,0.5428,0.4448,0.1971,4.645
242.5,0.5185,0.4605,0.1873,4.6663
243,0.4827,0.5039,0.1836,4.6546
243.5,0.4653,0.5393,0.1675,4.6507
244,0.4749,0.5496,0.1586,4.6535
244.5,0.4816,0.5513,0.1562,4.681
245,0.4775,0.5448,0.1476,4.6855
245.5,0.4567,0.5864,0.1449,4.6632
246,0.4301,0.6064,0.148,4.6485
246.5,0.4211,0.6116,0.1511,4.6457
247,0.4107,0.5842,0.1505,4.6968
247.5,0.4289,0.5823,0.1542,4.7068
248,0.4096,0.5839,0.1703,4.6969
248.5,0.4175,0.575,0.1725,4.6869
249,0.4176,0.5837,0.1811,4.6701
249.5,0.4241,0.567,0.1972,4.6639
250,0.4259,0.5401,0.214,4.6399
250.5,0.4237,0.5261,0.2156,4.6715
251,0.4545,0.5022,0.2201,4.6989
251.5,0.4486,0.4843,0.2292,4.7048
252,0.4541,0.4739,0.2357,4.7257
252.5,0.4628,0.4425,0.2309,4.7288
253,0.4756,0.4268,0.2445,4.7441
253.5,0.5017,0.4067,0.2476,4.7777
254,0.5184,0.3954,0.2483,4.7737
254.5,0.5086,0.3768,0.2453,4.7985
255,0.5033,0.3703,0.2395,4.8018
255.5,0.5051,0.3773,0.2446,4.8117
256,0.5216,0.3705,0.2424,4.8367
256.5,0.519,0.3758,0.2406,4.8494
257,0.5294,0.3729,0.2409,4.8996
257.5,0.5293,0.4007,0.2441,4.8513
258,0.5183,0.4423,0.245,4.8396
258.5,0.5337,0.4841,0.2434,4.8248
259,0.5468,0.4988,0.2502,4.8013
259.5,0.5524,0.5045,0.2536,4.7967
260,0.521,0.5425,0.2541,4.8001
260.5,0.5324,0.5545,0.2417,4.8102
261,0.5258,0.5682,0.229,4.7873
261.5,0.4754,0.5843,0.2174,4.7567
262,0.4605,0.5902,0.2077,4.7735
262.5,0.4442,0.6052,0.2076,4.7746
263,0.4064,0.6149,0.2156,4.7888
263.5,0.398,0.6304,0.2074,4.7802
264,0.3675,0.6286,0.1976,4.7563
264.5,0.3571,0.6065,0.2021,4.7967
265,0.377,0.6026,0.1985,4.8255
265.5,0.3921,0.6092,0.1954,4.823
266,0.3907,0.62,0.1888,4.8427
266.5,0.4073,0.6116,0.1952,4.851
267,0.4418,0.6322,0.2041,4.8741
267.5,0.4324,0.6267,0.2099,4.8573
268,0.4354,0.6175,0.2123,4.873
268.5,0.4515,0.6087,0.2231,4.8843
269,0.4402,0.5941,0.2282,4.9211
269.5,0.4294,0.5898,0.219,4.946
270,0.4225,0.6014,0.2142,4.8646
270.5,0.4338,0.6311,0.1997,4.918
271,0.4296,0.6541,0.191,5.0571
271.5,0.4244,0.6523,0.1766,5.4649
272,0.4581,0.6626,0.1743,5.7663
272.5,0.446,0.6578,0.1772,6.2651
273,0.4517,0.6389,0.1797,6.9023
273.5,0.4767,0.6225,0.1891,7.6235
274,0.5019,0.5941,0.188,9.0057
274.5,0.5159,0.531,0.2019,11.4833
275,0.5531,0.5384,0.2101,14.2012
275.5,0.5692,0.5245,0.2269,17.5184
276,0.5761,0.5411,0.2576,21.2135
276.5,0.5758,0.5723,0.2915,27.3732
277,0.5474,0.6252,0.3226,36.1949
277.5,0.5105,0.6358,0.3623,46.3403
278,0.497,0.6898,0.3975,53.8536
278.5,0.4903,0.7618,0.4306,67.7981
279,0.4631,0.8472,0.4783,86.6967
279.5,0.427,0.9193,0.5325,109.1096
280,0.414,1.0115,0.5844,129.7483
280.5,0.3901,1.0546,0.6281,154.2884
281,0.3849,1.108,0.6903,187.3893
281.5,0.3942,1.1528,0.7535,226.8003
282,0.4098,1.2223,0.8634,268.6012
282.5,0.3967,1.2768,0.9641,310.6893
283,0.3954,1.3771,1.0842,355.0155
283.5,0.4002,1.4317,1.1833,401.4544
284,0.3903,1.4628,1.3203,452.5736
284.5,0.387,1.5123,1.4823,506.1567
285,0.3895,1.587,1.666,562.0808
285.5,0.3967,1.6337,1.8682,619.1994
286,0.3934,1.7085,2.1031,675.8148
286.5,0.3609,1.7724,2.3416,731.4521
287,0.3495,1.8039,2.6426,782.9521
287.5,0.3524,1.8478,2.965,828.2629
288,0.3612,1.8902,3.2846,867.5154
288.5,0.378,1.9218,3.6126,906.9725
289,0.3997,1.9109,3.9738,938.9007
289.5,0.4059,1.9054,4.3332,962.7037
290,0.4289,1.8964,4.7036,978.5627
290.5,0.4084,1.8616,5.0621,994.3236
291,0.4175,1.873,5.4284,999.999
291.5,0.435,1.8856,5.8079,999.999
292,0.4433,1.8786,6.1183,999.999
292.5,0.4576,1.9035,6.4301,999.999
293,0.4656,2.0003,6.704,999.999
293.5,0.4607,2.051,6.9376,999.999
294,0.4585,2.1025,7.1573,999.999
294.5,0.4768,2.1801,7.3097,998.1793
295,0.4728,2.2802,7.4123,980.8443
295.5,0.4964,2.3961,7.4275,955.9861
296,0.5048,2.4986,7.3998,924.6736
296.5,0.5069,2.6338,7.2945,886.468
297,0.5176,2.6866,7.1804,843.6395
297.5,0.5239,2.78,6.9416,793.3598
298,0.5467,2.8301,6.6321,736.7108
298.5,0.5867,2.8977,6.2674,676.6304
299,0.6236,2.9417,5.8948,614.7533
299.5,0.6189,3.0346,5.4989,551.4136
300,0.6235,3.0526,5.0811,487.7808
300.5,0.6079,3.076,4.621,426.4182
301,0.6092,3.0872,4.1692,370.4467
301.5,0.6276,3.1076,3.7473,319.2956
302,0.5956,3.1104,3.3181,272.5233
302.5,0.6062,3.1459,2.9463,229.7756
303,0.5594,3.1988,2.5777,191.6349
303.5,0.5558,3.252,2.2581,154.6893
304,0.5426,3.33,1.9649,124.9795
304.5,0.5975,3.3814,1.7085,100.1169
305,0.6298,3.4608,1.4842,77.2733
305.5,0.6272,3.4896,1.2851,58.6273
306,0.6468,3.485,1.145,44.5232
306.5,0.6501,3.5281,1.017,33.7139
307,0.658,3.5113,0.9202,26.3169
307.5,0.6489,3.5475,0.8068,19.0467
308,0.7081,3.5823,0.7385,14.3104
308.5,0.7657,3.6407,0.6867,12.4883
309,0.7986,3.6812,0.6786,11.692
309.5,0.8342,3.709,0.7105,10.6431
310,0.9237,3.7438,0.7062,9.7336
310.5,0.983,3.7879,0.7151,9.6255
311,1.0589,3.8809,0.7532,10.231
311.5,1.1254,3.9825,0.8047,10.5827
312,1.1702,4.034,0.854,10.9515
312.5,1.2365,4.0739,0.8527,11.2657
313,1.2612,4.1886,0.9027,11.4563
313.5,1.3498,4.2936,0.9458,11.6542
314,1.4264,4.3524,0.9933,11.7766
314.5,1.5364,4.406,1.0772,11.844
315,1.5686,4.4319,1.1439,11.8527
315.5,1.5973,4.4304,1.2145,11.8593
316,1.6317,4.4021,1.2697,11.873
316.5,1.6711,4.405,1.3148,11.8893
317,1.7107,4.4133,1.3868,11.9283
317.5,1.7353,4.41,1.4328,11.9775
318,1.7777,4.446,1.4945,11.9873
318.5,1.8306,4.4708,1.5636,11.9918
319,1.8295,4.4849,1.6392,12.0072
319.5,1.8789,4.5244,1.7347,12.079
320,1.919,4.6165,1.7979,12.137
320.5,1.9765,4.712,1.902,12.1947
321,2.0239,4.8591,2.011,12.2289
321.5,2.0696,4.8595,2.104,12.2455
322,2.122,4.8615,2.1696,12.299
322.5,2.1241,4.8482,2.2175,12.3125
323,2.1803,4.8615,2.3381,12.3264
323.5,2.2645,4.8554,2.4377,12.345
324,2.3712,4.8464,2.5496,12.3074
324.5,2.4824,4.8588,2.7005,12.3277
325,2.5334,4.7743,2.8128,12.2673
325.5,2.6695,4.6918,2.9269,12.2688
326,2.7574,4.6047,3.0165,12.2482
326.5,2.9082,4.5655,3.1384,12.196
327,3.1025,4.5813,3.2731,12.1427
327.5,3.2291,4.5751,3.3675,12.1142
328,3.3678,4.6123,3.5294,12.0317
328.5,3.5718,4.6006,3.684,12.0179
329,3.7058,4.6393,3.8319,11.9896
329.5,3.8579,4.7612,3.9982,11.9741
330,3.9624,4.8392,4.1717,11.8704
330.5,4.1472,4.9191,4.3732,11.8168
331,4.275,4.9691,4.5464,11.7694
331.5,4.4426,4.9636,4.7149,11.7605
332,4.5324,5.0031,4.8492,11.7297
332.5,4.5695,4.9832,5.0582,11.6795
333,4.7274,5.0071,5.2911,11.6351
333.5,4.9239,5.0173,5.4744,11.6433
334,5.0288,4.9966,5.6967,11.6348
334.5,5.231,5.0104,5.9541,11.6645
335,5.3667,4.9248,6.1604,11.6116
335.5,5.5284,4.9554,6.4165,11.6258
336,5.6737,5.0032,6.6631,11.6052
336.5,5.8649,5.0395,6.9529,11.5816
337,6.0325,5.0755,7.2486,11.5599
337.5,6.1495,5.0552,7.5161,11.5611
338,6.3869,5.1177,7.851,11.52
338.5,6.5822,5.1407,8.1824,11.5366
339,6.7071,5.218,8.5031,11.5057
339.5,6.8415,5.2957,8.7743,11.4632
340,6.9593,5.2995,9.1257,11.3708
340.5,7.212,5.3382,9.5086,11.4149
341,7.3647,5.4142,9.8178,11.4669
341.5,7.5664,5.4446,10.1573,11.4967
342,7.7208,5.4116,10.4811,11.4881
342.5,7.9674,5.3549,10.8495,11.4728
343,8.2909,5.3592,11.1681,11.4623
343.5,8.6005,5.3837,11.501,11.4772
344,8.8709,5.4335,11.8549,11.4832
344.5,9.2026,5.5428,12.1823,11.461
345,9.3921,5.553,12.5226,11.4426
345.5,9.6284,5.6124,12.9292,11.4243
346,9.8663,5.6179,13.2926,11.395
346.5,10.1525,5.6277,13.678,11.3898
347,10.3436,5.7081,14.0543,11.4075
347.5,10.6548,5.6769,14.3992,11.3991
348,10.9211,5.7461,14.7877,11.412
348.5,11.0889,5.7257,15.1545,11.4147
349,11.2408,5.7717,15.4112,11.3569
349.5,11.3612,5.8258,15.7114,11.3516
350,11.5889,5.8635,16.0591,11.3344
350.5,11.8745,5.884,16.4032,11.3386
351,12.1239,5.9171,16.6897,11.3432
351.5,12.4467,5.9579,17.0561,11.3348
352,12.7033,5.9658,17.4213,11.2862
352.5,12.951,5.9784,17.799,11.2398
353,13.1454,6.0964,18.159,11.2177
353.5,13.3625,6.2286,18.5295,11.1647
354,13.5619,6.388,18.8782,11.0973
354.5,13.7101,6.5325,19.2319,10.9858
355,13.8936,6.5572,19.6111,10.8916
355.5,14.0821,6.6365,19.9805,10.8108
356,14.2564,6.7008,20.3019,10.7843
356.5,14.4995,6.8151,20.6515,10.7877
357,14.5786,6.8243,21.0373,10.7692
357.5,14.9025,6.8427,21.3372,10.7664
358,15.1051,6.9725,21.6332,10.7562
358.5,15.2578,7.0111,21.929,10.7371
359,15.4713,7.0768,22.2338,10.7319
359.5,15.6111,7.1294,22.5748,10.7429
360,16.0253,7.1532,22.821,10.6848
360.5,16.3317,7.133,23.1414,10.6724
361,16.6619,7.1277,23.4401,10.6969
361.5,16.9443,7.1002,23.7801,10.6976
362,17.164,6.9801,24.0948,10.6814
362.5,17.3546,6.8576,24.4147,10.6496
363,17.5645,6.8244,24.6765,10.6328
363.5,17.7544,6.8525,24.9072,10.5925
364,17.9335,6.8909,25.1173,10.5822
364.5,18.0571,6.9146,25.3342,10.5067
365,18.1778,6.9137,25.5388,10.4841
365.5,18.2513,6.8891,25.7209,10.4416
366,18.4025,6.8571,25.8578,10.4005
366.5,18.4655,6.851,25.9846,10.3574
367,18.5098,6.8337,26.1633,10.3118
367.5,18.5764,6.8997,26.2791,10.3074
368,18.5283,6.9775,26.4024,10.2913
368.5,18.5037,6.9743,26.5454,10.3244
369,18.6232,7.0062,26.6111,10.3163
369.5,18.6521,6.9652,26.6191,10.2874
370,18.8379,6.9757,26.6298,10.2979
370.5,18.8784,6.9945,26.6814,10.3195
371,19.0195,7.0237,26.6901,10.3424
371.5,19.1036,7.0123,26.7259,10.3785
372,19.1805,6.9538,26.8172,10.3796
372.5,19.2136,6.9073,26.8203,10.3813
373,19.2564,6.8974,26.788,10.3964
373.5,19.3562,6.9819,26.7428,10.369
374,19.5063,7.0156,26.7631,10.3382
374.5,19.5057,6.9856,26.8023,10.2426
375,19.6072,6.9597,26.7783,10.1981
375.5,19.672,6.9006,26.8021,10.0807
376,19.7222,6.8859,26.8441,9.9618
376.5,19.6441,6.7899,26.9034,9.8791
377,19.57,6.7185,27.0202,9.8206
377.5,19.4929,6.6585,27.0568,9.816
378,19.4994,6.6179,27.0192,9.7924
378.5,19.529,6.5493,26.9941,9.7715
379,19.6041,6.4869,26.9597,9.6962
379.5,19.5788,6.4009,27.0206,9.648
380,19.6358,6.45,26.9764,9.6364
380.5,19.7056,6.4768,26.9994,9.5723
381,19.7369,6.4717,26.9698,9.5367
381.5,19.7058,6.4393,26.9321,9.5293
382,19.7654,6.4281,26.9532,9.5273
382.5,19.8382,6.439,26.8632,9.5421
383,19.9116,6.4678,26.8877,9.5298
383.5,19.9816,6.5178,26.8948,9.5338
384,20.0564,6.4482,26.9442,9.5539
384.5,20.1507,6.5189,26.9665,9.5698
385,20.2896,6.5908,26.9875,9.566
385.5,20.3763,6.6017,27.1412,9.5312
386,20.3555,6.5676,27.2307,9.5149
386.5,20.403,6.5056,27.2572,9.5393
387,20.3019,6.4459,27.295,9.6076
387.5,20.4386,6.432,27.2685,9.6255
388,20.4761,6.4414,27.2238,9.6242
388.5,20.5712,6.5321,27.1722,9.5961
389,20.6728,6.6099,27.1347,9.5636
389.5,20.7925,6.6549,27.1032,9.5504
390,20.925,6.713,27.0136,9.5646
390.5,20.9772,6.7681,26.9819,9.5754
391,20.9481,6.7631,26.8746,9.5906
391.5,20.9964,6.7714,26.712,9.644
392,21.0646,6.7077,26.7228,9.6684
392.5,21.026,6.7445,26.613,9.6972
393,20.9078,6.7303,26.5211,9.6746
393.5,20.8409,6.6958,26.4233,9.677
394,20.8069,6.7197,26.2723,9.6564
394.5,20.8223,6.841,26.1131,9.6136
395,20.7054,6.769,25.9808,9.5399
395.5,20.56,6.6974,25.8683,9.4797
396,20.4217,6.6225,25.6798,9.4595
396.5,20.3559,6.5204,25.4912,9.4719
397,20.1203,6.4287,25.3803,9.5181
397.5,20.1967,6.4326,25.1412,9.5097
398,20.0564,6.4182,24.9135,9.5186
398.5,20.0729,6.4359,24.6659,9.4875
399,20.024,6.4165,24.4918,9.5202
399.5,20.053,6.3626,24.3138,9.5591
400,19.9424,6.3434,24.1512,9.6279
400.5,19.7871,6.3049,24.0044,9.7076
401,19.6667,6.2003,23.8459,9.7194
401.5,19.5492,6.1295,23.5721,9.768
402,19.3411,6.0887,23.4302,9.7904
402.5,19.2322,6.1859,23.2519,9.8424
403,19.1825,6.1493,23.0984,9.8136
403.5,19.0546,6.1901,22.9447,9.8216
404,18.8269,6.2096,22.7607,9.8183
404.5,18.7405,6.1743,22.6405,9.81
405,18.5904,6.1011,22.4372,9.8068
405.5,18.51,6.0838,22.2416,9.8191
406,18.4107,6.0891,22.0926,9.8238
406.5,18.262,6.0673,21.9448,9.8388
407,18.0389,6.0653,21.77,9.8329
407.5,18.0271,6.0034,21.5519,9.8056
408,17.9677,5.9172,21.3644,9.8007
408.5,17.9736,5.9175,21.1937,9.7856
409,17.9403,5.9016,21.0531,9.7957
409.5,17.9825,5.9135,20.8909,9.8163
410,17.8597,5.8763,20.7246,9.8258
410.5,17.6966,5.8357,20.6128,9.8206
411,17.5529,5.7712,20.4548,9.8147
411.5,17.5148,5.7353,20.2903,9.8359
412,17.5164,5.7347,20.1913,9.8924
412.5,17.5448,5.7092,20.1249,9.9095
413,17.4962,5.6679,19.9276,9.9064
413.5,17.4187,5.6227,19.7607,9.9146
414,17.4254,5.5107,19.5949,9.9044
414.5,17.3863,5.3796,19.4119,9.9041
415,17.2713,5.3123,19.1424,9.8674
415.5,17.2199,5.2729,18.9976,9.8688
416,17.0449,5.2162,18.8477,9.8254
416.5,16.9749,5.1208,18.6729,9.7931
417,16.8332,5.0485,18.4877,9.7233
417.5,16.8468,4.9154,18.4005,9.6721
418,16.8213,4.8983,18.2564,9.6201
418.5,16.6906,4.8873,18.1404,9.5714
419,16.5872,4.872,18.0173,9.4985
419.5,16.4718,4.8255,17.8687,9.4177
420,16.3255,4.7305,17.7086,9.3251
420.5,16.1574,4.699,17.618,9.262
421,16.0897,4.681,17.5173,9.2569
421.5,16.1289,4.6384,17.3837,9.2518
422,16.0147,4.6539,17.2021,9.2768
422.5,15.8686,4.6397,17.0836,9.235
423,15.826,4.6343,16.907,9.2089
423.5,15.7865,4.5846,16.7246,9.2096
424,15.6931,4.5567,16.5424,9.2019
424.5,15.4385,4.4711,16.3783,9.2222
425,15.3565,4.4571,16.197,9.239
425.5,15.2726,4.4288,16.0614,9.2757
426,15.1892,4.4162,15.9072,9.2619
426.5,15.1038,4.3904,15.8082,9.267
427,15.0136,4.392,15.6794,9.273
427.5,14.9019,4.3303,15.6053,9.2586
428,14.7031,4.361,15.4759,9.2425
428.5,14.5194,4.3476,15.3158,9.2306
429,14.4091,4.3471,15.1657,9.1486
429.5,14.2576,4.3397,14.9969,9.0892
430,14.1974,4.3508,14.8262,9.0935
430.5,14.1156,4.3453,14.6787,9.1025
431,14.0945,4.3908,14.5614,9.1046
431.5,13.9929,4.4149,14.416,9.0938
432,13.8454,4.4407,14.2655,9.0673
432.5,13.7337,4.3721,14.1576,9.0131
433,13.6266,4.3383,13.941,9.0029
433.5,13.5217,4.2698,13.7361,9.0072
434,13.4095,4.2633,13.5941,8.9951
434.5,13.3273,4.1957,13.4132,8.9819
435,13.4057,4.1184,13.2792,8.9496
435.5,13.3227,4.0634,13.1121,8.949
436,13.284,4.0002,12.96,8.9401
436.5,13.2296,3.8965,12.8102,8.9552
437,13.1465,3.8667,12.6921,8.922
437.5,12.9446,3.7437,12.5785,8.8723
438,12.802,3.7387,12.4148,8.872
438.5,12.7598,3.7358,12.2461,8.8401
439,12.6696,3.7683,12.1365,8.8039
439.5,12.5597,3.8252,12.0299,8.8168
440,12.5467,3.8384,11.91,8.8076
440.5,12.4598,3.7874,11.7958,8.7585
441,12.3736,3.8509,11.7012,8.7109
441.5,12.2152,3.8367,11.6143,8.6738
442,12.1582,3.7727,11.4945,8.6597
442.5,12.0206,3.6473,11.3673,8.6172
443,11.9327,3.6466,11.2465,8.5882
443.5,11.8808,3.5796,11.2182,8.5338
444,11.7844,3.5808,11.1478,8.5276
444.5,11.7123,3.5293,11.0367,8.4901
445,11.7708,3.431,10.9623,8.4226
445.5,11.6614,3.4364,10.854,8.393
446,11.6675,3.4041,10.7449,8.342
446.5,11.7243,3.3748,10.6249,8.2933
447,11.6853,3.3833,10.6087,8.2124
447.5,11.6864,3.3298,10.5097,8.2287
448,11.7628,3.3861,10.4009,8.2115
448.5,11.7653,3.3955,10.3044,8.1955
449,11.7697,3.3863,10.2067,8.2125
449.5,11.7122,3.37,10.1562,8.2122
450,11.7527,3.3134,10.0521,8.1902
450.5,11.6645,3.2794,9.9863,8.1893
451,11.6321,3.2877,9.9526,8.2157
451.5,11.5906,3.2362,9.9138,8.2178
452,11.532,3.2019,9.8206,8.2289
452.5,11.4316,3.1629,9.7721,8.2077
453,11.3801,3.2005,9.736,8.1837
453.5,11.3137,3.1696,9.7017,8.1809
454,11.1944,3.2142,9.6409,8.1883
454.5,11.0964,3.1883,9.5651,8.1872
455,11.1652,3.149,9.492,8.1064
455.5,11.0635,3.1635,9.4298,8.0672
456,11.0758,3.1418,9.3491,8.0221
456.5,11.0439,3.1323,9.3138,7.9723
457,10.9982,3.1604,9.3217,7.9583
457.5,10.9395,3.137,9.2328,7.9821
458,10.8946,3.0337,9.136,7.944
458.5,10.8411,2.9844,9.0386,7.9365
459,10.8389,2.9732,8.9695,7.9192
459.5,10.8551,2.9638,8.961,7.9153
460,10.8768,2.9683,8.8685,7.9318
460.5,10.7729,2.9539,8.8379,7.9371
461,10.7778,2.951,8.7653,7.9461
461.5,10.8497,2.9595,8.6543,7.9343
462,10.8141,2.9776,8.5516,7.9526
462.5,10.7975,3.0064,8.4767,7.9702
463,10.8144,3.0426,8.3575,7.934
463.5,10.756,3.0334,8.272,7.923
464,10.6872,3.024,8.1981,7.8778
464.5,10.6397,2.98,8.1034,7.8463
465,10.7245,2.9668,7.9853,7.724
465.5,10.6833,2.9729,7.9195,7.676
466,10.624,2.9738,7.9092,7.621
466.5,10.4916,2.9819,7.8897,7.5747
467,10.4051,3.0086,7.8416,7.5627
467.5,10.3359,2.9401,7.766,7.5151
468,10.2885,2.8917,7.7165,7.444
468.5,10.2513,2.9217,7.6852,7.4224
469,10.1622,2.9747,7.6678,7.4468
469.5,10.1609,2.9929,7.6027,7.4882
470,10.0313,3.0199,7.5077,7.4817
470.5,9.9513,3.0579,7.4715,7.5087
471,9.9749,3.1077,7.3975,7.5483
471.5,9.9557,3.155,7.3103,7.5704
472,9.8279,3.1404,7.2492,7.6105
472.5,9.7973,3.2319,7.1533,7.6055
473,9.7655,3.284,7.0849,7.6056
473.5,9.6422,3.2765,7.0179,7.6326
474,9.571,3.2803,6.9615,7.6185
474.5,9.6316,3.3525,6.8989,7.598
475,9.616,3.4043,6.7952,7.5792
475.5,9.5433,3.5154,6.7381,7.5872
476,9.5287,3.5618,6.7058,7.5805
476.5,9.5159,3.6092,6.6321,7.5777
477,9.5512,3.6524,6.5443,7.5633
477.5,9.688,3.686,6.5186,7.5388
478,9.7574,3.7438,6.4702,7.5112
478.5,9.8201,3.8104,6.421,7.524
479,9.9001,3.9137,6.3534,7.544
479.5,10.028,3.9999,6.2575,7.5352
480,10.1194,4.0971,6.2106,7.4909
480.5,10.1703,4.226,6.1472,7.4688
481,10.2333,4.2956,6.0794,7.4182
481.5,10.2496,4.3419,6.0097,7.3757
482,10.3432,4.337,5.9716,7.3105
482.5,10.3759,4.4444,5.9156,7.2575
483,10.3632,4.4659,5.884,7.2611
483.5,10.3343,4.4995,5.8025,7.2239
484,10.3463,4.5501,5.7477,7.1562
484.5,10.41,4.6556,5.6295,7.1011
485,10.2853,4.6427,5.5391,7.0869
485.5,10.3243,4.6723,5.4718,7.0643
486,10.3849,4.6135,5.3814,7.0487
486.5,10.3938,4.5809,5.3021,7.0413
487,10.408,4.5839,5.268,7.011
487.5,10.4345,4.515,5.2454,7.0297
488,10.3409,4.4448,5.1795,7.0418
488.5,10.292,4.411,5.1472,7.0742
489,10.2954,4.3722,5.1218,7.0866
489.5,10.2352,4.3211,5.1144,7.0838
490,10.1819,4.2537,5.1213,7.0756
490.5,10.0582,4.1936,5.0898,7.0689
491,10.002,4.0423,5.1189,7.0348
491.5,9.9825,3.9411,5.1487,6.9948
492,9.9186,3.8011,5.1601,6.914
492.5,9.8508,3.7461,5.1926,6.8849
493,9.7677,3.7259,5.2088,6.8435
493.5,9.725,3.7421,5.1585,6.7801
494,9.7308,3.7451,5.133,6.7343
494.5,9.6786,3.782,5.0538,6.6951
495,9.5466,3.7163,5.0466,6.7233
495.5,9.505,3.7352,4.9847,6.732
496,9.4465,3.7215,4.919,6.727
496.5,9.3475,3.7661,4.8834,6.7324
497,9.1869,3.7633,4.8495,6.7374
497.5,8.9838,3.738,4.8053,6.7654
498,8.8531,3.7783,4.7703,6.8155
498.5,8.7341,3.8676,4.7401,6.8636
499,8.632,3.8872,4.7312,6.9235
499.5,8.529,3.8703,4.7181,6.9788
500,8.4131,3.8542,4.7153,7.0289
500.5,8.3158,3.8883,4.7005,7.048
501,8.2286,3.8238,4.7209,7.0605
501.5,8.175,3.798,4.7284,7.0637
502,8.1055,3.8229,4.7136,7.0724
502.5,8.08,3.9332,4.7408,7.0722
503,8.0095,3.9884,4.686,7.0732
503.5,8.028,4.0254,4.6088,7.0808
504,8.0441,4.0679,4.5841,7.071
504.5,8.0299,4.0889,4.537,7.0929
505,7.9747,4.0066,4.5314,7.1079
505.5,7.9264,3.9583,4.4732,7.1212
506,7.8631,3.9349,4.4308,7.1038
506.5,7.7217,3.9292,4.3769,7.0861
507,7.6713,3.8637,4.3099,7.0853
507.5,7.6305,3.8427,4.2795,7.0796
508,7.5453,3.7983,4.2285,7.0884
508.5,7.3918,3.7843,4.2111,7.0944
509,7.3402,3.6876,4.1916,7.0924
509.5,7.2947,3.5928,4.1612,7.0682
510,7.0793,3.5276,4.1494,7.0781
510.5,6.9447,3.4398,4.1056,7.0705
511,6.8081,3.2758,4.0732,7.0884
511.5,6.732,3.1395,4.064,7.0917
512,6.5865,3.0375,4.0458,7.1057
512.5,6.3925,2.8957,4.0085,7.109
513,6.3087,2.7122,3.9499,7.1443
513.5,6.2922,2.559,3.925,7.1568
514,6.2935,2.4311,3.9254,7.168
514.5,6.3178,2.229,3.8971,7.2005
515,6.2571,2.0672,3.8665,7.1744
515.5,6.2343,1.9462,3.8266,7.1764
516,6.1722,1.8753,3.8038,7.1621
516.5,6.1544,1.7968,3.7578,7.144
517,6.2671,1.7167,3.7016,7.155
517.5,6.2597,1.7023,3.6549,7.1626
518,6.1677,1.6884,3.6138,7.1718
518.5,6.1132,1.7026,3.6133,7.1714
519,6.0448,1.6845,3.5964,7.1654
519.5,5.9582,1.6929,3.5727,7.1626
520,5.7201,1.7092,3.554,7.1421
520.5,5.593,1.6973,3.525,7.1519
521,5.4679,1.6757,3.5284,7.1853
521.5,5.3633,1.6548,3.5185,7.196
522,5.1509,1.6436,3.5012,7.1825
522.5,5.0793,1.6517,3.4488,7.1852
523,5.072,1.6241,3.4133,7.1927
523.5,5.0229,1.5992,3.3687,7.1876
524,5,1.5677,3.3417,7.215
524.5,5.0007,1.5469,3.281,7.196
525,4.9983,1.5644,3.2483,7.1869
525.5,5.0599,1.5501,3.2024,7.2043
526,5.0684,1.5433,3.1559,7.2464
526.5,5.1239,1.5481,3.0712,7.2666
527,5.1464,1.5441,3.0184,7.2767
527.5,5.1389,1.5279,2.9982,7.3199
528,5.143,1.4433,3.0186,7.3391
528.5,5.1551,1.4081,3.0234,7.3526
529,5.1328,1.3754,3.0138,7.381
529.5,5.1292,1.3057,2.9568,7.4153
530,5.0562,1.279,2.9186,7.438
530.5,5.0539,1.2169,2.8844,7.4987
531,5.0061,1.1717,2.8684,7.4837
531.5,4.9529,1.1514,2.8604,7.4321
532,4.8736,1.1399,2.8614,7.4215
532.5,4.866,1.0671,2.8101,7.4507
533,4.8046,1.0201,2.7817,7.464
533.5,4.7008,0.9956,2.7747,7.471
534,4.6328,0.9843,2.7615,7.4824
534.5,4.5596,0.9954,2.732,7.4457
535,4.5208,1.0142,2.7319,7.4793
535.5,4.4807,1.043,2.7098,7.4776
536,4.3936,1.1064,2.7171,7.4922
536.5,4.3328,1.1625,2.7083,7.4972
537,4.2676,1.2096,2.7467,7.48
537.5,4.3306,1.2442,2.7731,7.5532
538,4.3278,1.274,2.7807,7.5779
538.5,4.356,1.341,2.7565,7.5929
539,4.3535,1.3723,2.7394,7.6278
539.5,4.3326,1.3943,2.7218,7.6585
540,4.3505,1.4548,2.6988,7.6771
540.5,4.3392,1.4762,2.6953,7.6908
541,4.2462,1.4988,2.7034,7.6503
541.5,4.2426,1.508,2.6903,7.6486
542,4.1859,1.516,2.6942,7.6864
542.5,4.1635,1.4585,2.6793,7.677
543,4.1077,1.4475,2.6733,7.6734
543.5,3.9679,1.4508,2.6582,7.6831
544,3.8379,1.4431,2.6249,7.6585
544.5,3.7153,1.4115,2.6096,7.6718
545,3.6604,1.401,2.5799,7.6651
545.5,3.6574,1.3889,2.5367,7.667
546,3.623,1.4033,2.5288,7.6625
546.5,3.5948,1.3902,2.5133,7.6628
547,3.6207,1.3747,2.5115,7.7081
547.5,3.6544,1.3415,2.4852,7.7509
548,3.6815,1.3093,2.4665,7.7703
548.5,3.7228,1.3103,2.4455,7.7993
549,3.7572,1.3061,2.4452,7.8532
549.5,3.7493,1.3059,2.4177,7.8665
550,3.8127,1.2959,2.3859,7.8981
550.5,3.8252,1.3076,2.3653,7.9294
551,3.8681,1.3139,2.3492,7.9686
551.5,3.961,1.338,2.3322,8.003
552,4.0018,1.3766,2.3447,8.0583
552.5,4.0108,1.387,2.3234,8.1326
553,3.9942,1.4221,2.305,8.2421
553.5,3.9138,1.4675,2.2998,8.2885
554,3.8656,1.4913,2.2888,8.2998
554.5,3.8098,1.4986,2.2629,8.3292
555,3.8482,1.5422,2.2462,8.3262
555.5,3.8477,1.5657,2.2559,8.381
556,3.7722,1.5787,2.2862,8.3775
556.5,3.7349,1.5775,2.2959,8.4376
557,3.7408,1.5599,2.3055,8.4846
557.5,3.6807,1.5563,2.3028,8.5305
558,3.6673,1.5714,2.3155,8.5574
558.5,3.5567,1.577,2.3171,8.5826
559,3.5038,1.5585,2.3175,8.6375
559.5,3.4396,1.5363,2.2924,8.7091
560,3.4568,1.5399,2.2573,8.8408
560.5,3.4453,1.5392,2.2084,8.9477
561,3.4405,1.5492,2.184,9.0939
561.5,3.4003,1.5527,2.1727,9.2949
562,3.3643,1.5545,2.1393,9.6047
562.5,3.2998,1.5559,2.1074,10.0285
563,3.2683,1.5612,2.0906,10.5915
563.5,3.2205,1.5645,2.0774,11.1672
564,3.2383,1.573,2.0715,11.8987
564.5,3.2222,1.579,2.0578,12.8635
565,3.2553,1.5816,2.0606,14.0823
565.5,3.2319,1.5687,2.0835,15.6209
566,3.2389,1.5663,2.1032,17.4466
566.5,3.2702,1.5636,2.0987,19.5987
567,3.277,1.5321,2.1113,22.3735
567.5,3.2734,1.5256,2.1072,25.3717
568,3.2529,1.5389,2.136,28.9666
568.5,3.2105,1.5473,2.1644,32.982
569,3.234,1.5185,2.1758,37.7509
569.5,3.2764,1.5434,2.1725,44.1102
570,3.1898,1.5765,2.1627,51.2272
570.5,3.1207,1.5978,2.1602,59.3356
571,3.0949,1.6252,2.1572,67.8942
571.5,3.0094,1.6371,2.1702,77.4347
572,2.9149,1.6293,2.1523,87.562
572.5,2.8598,1.6355,2.1305,99.277
573,2.8395,1.6265,2.1427,112.4002
573.5,2.8832,1.6521,2.1437,126.3485
574,2.8658,1.6748,2.1702,141.537
574.5,2.8487,1.6934,2.1711,157.1665
575,2.8085,1.6743,2.1971,174.6701
575.5,2.7962,1.6786,2.2442,193.0092
576,2.7805,1.6798,2.2521,213.0479
576.5,2.6928,1.6705,2.2561,235.8223
577,2.6289,1.662,2.2951,261.317
577.5,2.5221,1.6724,2.3254,289.2796
578,2.4388,1.6921,2.4025,319.1576
578.5,2.3717,1.6788,2.463,350.2989
579,2.3303,1.6624,2.5208,382.8363
579.5,2.2982,1.696,2.5696,418.5089
580,2.1566,1.6832,2.6151,454.9199
580.5,2.1103,1.6717,2.6764,493.0104
581,2.1505,1.6767,2.7584,532.2364
581.5,2.124,1.6842,2.8421,572.0457
582,2.1677,1.7063,2.8998,612.49
582.5,2.2396,1.7236,2.9905,654.203
583,2.3267,1.7457,3.0973,696.6247
583.5,2.3897,1.7778,3.1951,738.2763
584,2.3382,1.8175,3.3162,778.4711
584.5,2.365,1.8457,3.435,816.0787
585,2.3914,1.8149,3.5617,851.605
585.5,2.417,1.858,3.6917,883.3724
586,2.3834,1.8703,3.8071,912.4542
586.5,2.3034,1.8474,3.9696,938.4629
587,2.2787,1.8633,4.1187,960.3953
587.5,2.1993,1.8402,4.2635,977.9799
588,2.1909,1.8161,4.3963,990.5912
588.5,2.1432,1.8186,4.5308,999.0932
589,2.1006,1.8342,4.7036,999.999
589.5,2.0829,1.8358,4.8755,999.999
590,1.982,1.8132,5.0669,999.999
590.5,1.9796,1.846,5.2467,999.999
591,2.0384,1.9002,5.4323,999.999
591.5,2.0009,1.9474,5.5891,999.999
592,1.9636,1.9845,5.8093,999.999
592.5,1.9401,1.9577,5.998,999.999
593,1.8996,1.8998,6.159,999.999
593.5,1.8597,1.915,6.3318,999.999
594,1.8192,1.9442,6.5372,999.999
594.5,1.8378,1.9315,6.747,999.999
595,1.8542,1.9172,6.9755,999.999
595.5,1.8371,1.9571,7.1933,999.999
596,1.83,1.9766,7.4266,999.999
596.5,1.8226,1.9949,7.6591,999.999
597,1.8196,2.0162,7.8268,999.999
597.5,1.8124,2.0479,8.0042,999.999
598,1.7873,2.0675,8.2108,999.999
598.5,1.7989,2.1777,8.4161,999.999
599,1.7523,2.3236,8.6332,996.2407
599.5,1.7522,2.2774,8.8317,987.0511
600,1.655,2.355,8.9752,973.5746
,,,9.0581,955.5659
,,,9.1153,935.0965
,,,9.1365,909.7005
,,,9.1315,880.1133
,,,8.9881,847.0548
,,,8.8447,810.9614
,,,8.7044,772.1146
,,,8.5494,731.2893
,,,8.3457,688.7854
,,,8.0976,645.1398
,,,7.8095,602.1751
,,,7.5058,559.7504
,,,7.1518,517.499
,,,6.7947,475.424
,,,6.4412,434.3698
,,,6.0914,393.5073
,,,5.7021,354.9331
,,,5.3455,318.3638
,,,4.9539,283.5545
,,,4.5773,250.0527
,,,4.2189,219.0375
,,,3.8685,191.5564
,,,3.5443,164.8305
,,,3.1907,141.03
,,,2.8697,120.0582
,,,2.6188,101.4417
,,,2.402,84.9047
,,,2.1928,70.3138
,,,2.0007,57.1213
,,,1.8213,45.6172
,,,1.6946,36.4344
,,,1.571,29.3094
,,,1.4543,24.1086
,,,1.3722,20.0689
,,,1.2969,17.1651
,,,1.2211,14.5487
,,,1.1732,12.8853
,,,1.1398,11.5149
,,,1.0996,10.7601
,,,1.0959,10.5693
,,,1.0798,10.3603
,,,1.0834,10.3385
,,,1.0764,10.1983
,,,1.0817,10.1247
,,,1.0812,10.0697
,,,1.0834,9.98
,,,1.0787,9.9623
,,,1.0804,9.958
,,,1.0853,9.9388
,,,1.1061,9.9266
,,,1.122,9.8851
,,,1.1301,9.8733
,,,1.1236,9.8478
,,,1.1319,9.842
,,,1.1265,9.7938
,,,1.1039,9.7723
,,,1.0927,9.7074
,,,1.0879,9.6429
,,,1.0798,9.555
,,,1.061,9.4963
,,,1.0679,9.4576
,,,1.0943,9.4033
,,,1.1109,9.3985
,,,1.1311,9.3397
,,,1.123,9.2883
,,,1.1351,9.2209
,,,1.1536,9.2041
,,,1.1791,9.1453
,,,1.2155,9.0562
,,,1.2313,8.9679
,,,1.2289,8.9169
,,,1.2411,8.8668
,,,1.2249,8.8522
,,,1.2078,8.8579
,,,1.1829,8.8126
,,,1.1826,8.8001
,,,1.1717,8.7289
,,,1.1677,8.6657
,,,1.1452,8.6492
,,,1.12,8.651
,,,1.123,8.619
,,,1.1243,8.6173
,,,1.1351,8.5637
,,,1.1357,8.4918
,,,1.1402,8.4461
,,,1.1632,8.3909
,,,1.1901,8.3307
,,,1.2105,8.2568
,,,1.2456,8.2481
,,,1.2378,8.2144
,,,1.2427,8.1708
,,,1.2694,8.1396
,,,1.2671,8.1345
,,,1.263,8.1323
,,,1.2599,8.0962
,,,1.2634,8.0566
,,,1.2497,8.0354
,,,1.2274,7.9843
,,,1.1817,7.9579
,,,1.1683,7.8867
,,,1.1593,7.8248
,,,1.1516,7.7936
,,,1.1304,7.717
,,,1.1285,7.6886
,,,1.1236,7.6806
,,,1.122,7.6585
,,,1.1161,7.5773
,,,1.1149,7.5336
,,,1.1304,7.5123
,,,1.1224,7.4473
,,,1.1329,7.3891
,,,1.1267,7.3816
,,,1.1278,7.3512
,,,1.1325,7.318
,,,1.1487,7.2514
,,,1.1722,7.1995
,,,1.1971,7.1627
,,,1.2078,7.0888
,,,1.2113,7.0439
,,,1.2295,6.9856
,,,1.2373,6.9563
,,,1.2444,6.8897
,,,1.2402,6.8305
,,,1.255,6.8136
,,,1.2466,6.797
,,,1.2452,6.7442
,,,1.2505,6.6947
,,,1.2525,6.6583
,,,1.2629,6.6309
,,,1.248,6.5871
,,,1.222,6.5556
,,,1.2258,6.5487
,,,1.2383,6.4939
,,,1.2684,6.4763
,,,1.2945,6.4689
,,,1.3137,6.4416
,,,1.3341,6.4181
,,,1.3502,6.3679
,,,1.3528,6.3238
,,,1.3723,6.2712
,,,1.3845,6.2342
,,,1.3775,6.19
,,,1.3653,6.1563
,,,1.4016,6.1755
,,,1.4213,6.1459
,,,1.4349,6.0869
,,,1.4545,6.0298
,,,1.4555,5.9443
,,,1.4624,5.9246
,,,1.4955,5.8927
,,,1.5375,5.8695
,,,1.6043,5.8267
,,,1.6223,5.7772
,,,1.6475,5.743
,,,1.6287,5.685
,,,1.6191,5.6006
,,,1.6243,5.5335
,,,1.6203,5.4838
,,,1.6244,5.4456
,,,1.6333,5.4163
,,,1.6232,5.3981
,,,1.627,5.4025
,,,1.6506,5.348
,,,1.7086,5.3476
,,,1.7204,5.3097
,,,1.7264,5.2869
,,,1.7558,5.281
,,,1.7896,5.2905
,,,1.8448,5.3276
,,,1.9053,5.3378
,,,1.9548,5.3536
,,,1.9902,5.3306
,,,1.9951,5.3198
,,,1.9812,5.2775
,,,1.9843,5.2425
,,,1.9876,5.2049
,,,2.0039,5.1975
,,,2.0387,5.2004
,,,2.0942,5.1795
,,,2.1135,5.1754
,,,2.115,5.1343
,,,2.1384,5.1127
,,,2.1826,5.078
,,,2.201,5.0874
,,,2.2167,5.1058
,,,2.2389,5.1181
,,,2.2902,5.0985
,,,2.3251,5.0745
,,,2.329,5.0198
,,,2.3713,5.0017
,,,2.4241,4.9746
,,,2.4419,4.9134
,,,2.4755,4.8707
,,,2.4746,4.8173
,,,2.5201,4.7778
,,,2.5247,4.7446
,,,2.5684,4.7077
,,,2.616,4.6624
,,,2.6415,4.6331
,,,2.6373,4.6317
,,,2.6189,4.6226
,,,2.6372,4.653
,,,2.6547,4.6624
,,,2.6462,4.6873
,,,2.6643,4.6922
,,,2.6856,4.6831
,,,2.7253,4.639
,,,2.7344,4.6083
,,,2.741,4.579
,,,2.7921,4.5938
,,,2.8074,4.5606
,,,2.816,4.5182
,,,2.8298,4.4965
,,,2.817,4.4771
,,,2.8597,4.4064
,,,2.8738,4.3472
,,,2.9046,4.3143
,,,2.9221,4.2982
,,,2.9282,4.2958
,,,2.9327,4.3112
,,,2.9201,4.3418
,,,2.9383,4.33
,,,2.9399,4.3205
,,,2.9534,4.3293
,,,2.9725,4.2987
,,,2.9848,4.279
,,,3.0206,4.2592
,,,3.0259,4.2585
,,,3.015,4.242
,,,3.0248,4.2251
,,,3.0294,4.1932
,,,3.036,4.1764
,,,3.0323,4.1497
,,,3.0244,4.1282
,,,3.043,4.0743
,,,3.0504,4.0609
,,,3.0556,4.0779
,,,3.0496,4.0533
,,,3.0559,4.0721
,,,3.0784,4.0797
,,,3.0784,4.0649
,,,3.1018,4.0564
,,,3.099,4.0638
,,,3.1163,4.0444
,,,3.1304,4.0155
,,,3.1378,3.9837
,,,3.1459,3.96
,,,3.1409,3.9247
,,,3.1423,3.8835
,,,3.1572,3.8585
,,,3.1813,3.8007
,,,3.2037,3.7618
,,,3.213,3.7176
,,,3.234,3.7126
,,,3.2309,3.6963
,,,3.2449,3.7014
,,,3.2599,3.688
,,,3.28,3.6689
,,,3.2929,3.7181
,,,3.3227,3.6903
,,,3.3341,3.6671
,,,3.3601,3.6835
,,,3.3513,3.6842
,,,3.3482,3.6753
,,,3.3338,3.6351
,,,3.2904,3.5796
,,,3.2419,3.5405
,,,3.2327,3.4936
,,,3.2335,3.4429
,,,3.2084,3.3825
,,,3.2028,3.3444
,,,3.1896,3.3323
,,,3.1728,3.3028
,,,3.1792,3.3111
,,,3.1695,3.3068
,,,3.2058,3.3081
,,,3.2111,3.3071
,,,3.2332,3.3328
,,,3.2542,3.3605
,,,3.2578,3.3206
,,,3.2623,3.3271
,,,3.2976,3.3576
,,,3.3116,3.3606
,,,3.3159,3.3534
,,,3.3328,3.3149
,,,3.3341,3.2898
,,,3.3347,3.283
,,,3.3447,3.2687
,,,3.3368,3.2654
,,,3.3211,3.2446
,,,3.3002,3.2351
,,,3.2957,3.216
,,,3.2969,3.1883
,,,3.3064,3.1517
,,,3.2873,3.1307
,,,3.2676,3.15
,,,3.2335,3.1629
,,,3.2276,3.1622
,,,3.1868,3.1539
,,,3.1642,3.155
,,,3.1874,3.1595
,,,3.2245,3.1708
,,,3.2226,3.1611
,,,3.2173,3.1414
,,,3.2249,3.1225
,,,3.2191,3.1126
,,,3.2129,3.1129
,,,3.1789,3.1006
,,,3.1407,3.0878
,,,3.121,3.0523
,,,3.0921,3.0544
,,,3.0692,3.04
,,,3.0581,2.9905
,,,3.0206,2.9472
,,,2.993,2.9758
,,,2.9856,2.9779
,,,2.9722,2.9677
,,,2.9534,2.9786
,,,2.9464,3.0044
,,,2.9723,2.9817
,,,2.9858,2.9504
,,,3.0055,2.9605
,,,3.007,2.9468
,,,3.0273,2.932
,,,3.0552,2.9262
,,,3.059,2.9122
,,,3.037,2.9062
,,,3.0059,2.8986
,,,2.9707,2.8832
,,,2.9439,2.892
,,,2.8977,2.8992
,,,2.8533,2.8767
,,,2.8365,2.8749
,,,2.8239,2.8704
,,,2.8288,2.8668
,,,2.8201,2.8369
,,,2.8077,2.8477
,,,2.8001,2.8542
,,,2.823,2.8667
,,,2.8175,2.8155
,,,2.828,2.8276
,,,2.8363,2.8292
,,,2.8287,2.8195
,,,2.8293,2.8219
,,,2.8135,2.8193
,,,2.7763,2.8066
,,,2.7437,2.7991
,,,2.7255,2.7726
,,,2.6634,2.7168
,,,2.6162,2.7219
,,,2.5884,2.6916
,,,2.5765,2.6668
,,,2.5836,2.6494
,,,2.5934,2.6238
,,,2.562,2.598
,,,2.5638,2.5716
,,,2.5915,2.5791
,,,2.6356,2.5788
,,,2.6543,2.5748
,,,2.6386,2.5346
,,,2.627,2.5349
,,,2.593,2.5237
,,,2.5644,2.5277
,,,2.5497,2.5521
,,,2.5056,2.5448
,,,2.485,2.554
,,,2.4514,2.5267
,,,2.4098,2.5079
,,,2.3722,2.4814
,,,2.3307,2.4829
,,,2.3044,2.4736
,,,2.2765,2.4696
,,,2.2413,2.471
,,,2.2093,2.4603
,,,2.2049,2.4316
,,,2.231,2.4304
,,,2.2433,2.4405
,,,2.2378,2.4086
,,,2.2124,2.3659
,,,2.1778,2.3187
,,,2.1608,2.266
,,,2.128,2.2397
,,,2.1118,2.2169
,,,2.0795,2.1935
,,,2.0614,2.1728
,,,2.0611,2.1815
,,,2.0333,2.153
,,,2.0098,2.168
,,,2.0133,2.175
,,,2.0133,2.1736
,,,2.0215,2.1796
,,,2.0337,2.1998
,,,2.0264,2.1951
,,,2.0436,2.2074
,,,2.0421,2.2115
,,,2.0369,2.2187
,,,2.0246,2.198
,,,2.0063,2.1652
,,,1.9942,2.1348
,,,1.9575,2.0959
,,,1.9361,2.0509
,,,1.8999,2.0335
,,,1.8839,1.9982
,,,1.8753,1.9655
,,,1.8792,1.9434
,,,1.8742,1.9293
,,,1.8619,1.9119
,,,1.859,1.8953
,,,1.8706,1.8921
,,,1.8824,1.8795
,,,1.8785,1.877
,,,1.8714,1.8855
,,,1.844,1.8739
,,,1.8552,1.8839
,,,1.8387,1.8743
,,,1.8406,1.8803
,,,1.8216,1.8785
,,,1.8088,1.879
,,,1.8272,1.876
,,,1.8152,1.879
,,,1.8181,1.8691
,,,1.8153,1.8545
,,,1.8223,1.8572
,,,1.8198,1.8484
,,,1.8052,1.8569
,,,1.7866,1.8595
,,,1.74,1.8476
,,,1.6875,1.8362
,,,1.6407,1.8516
,,,1.598,1.858
,,,1.5512,1.8463
,,,1.5022,1.8302
,,,1.4669,1.8214
,,,1.4425,1.8075
,,,1.4119,1.8121
,,,1.3908,1.8137
,,,1.3678,1.8002
,,,1.3641,1.7947
,,,1.3793,1.773
,,,1.3642,1.7744
,,,1.3835,1.7844
,,,1.3974,1.7591
,,,1.4165,1.7561
,,,1.4021,1.7462
,,,1.3961,1.7306
,,,1.3895,1.6904
,,,1.3663,1.6965
,,,1.361,1.7068
,,,1.3246,1.6884
,,,1.3173,1.6854
,,,1.3075,1.6824
,,,1.29,1.6598
,,,1.2723,1.6468
,,,1.2605,1.6312
,,,1.249,1.6715
,,,1.2231,1.6635
,,,1.1822,1.6792
,,,1.1585,1.7091
,,,1.1254,1.7074
,,,1.1247,1.7363
,,,1.1363,1.7523
,,,1.1309,1.7107
,,,1.1391,1.7001
,,,1.1286,1.7029
,,,1.148,1.6889
,,,1.1348,1.676
,,,1.1188,1.6983
,,,1.1139,1.6844
,,,1.0934,1.6623
,,,1.0981,1.6509
,,,1.074,1.6173
,,,1.0447,1.5755
,,,1.0406,1.5472
,,,1.0205,1.5274
,,,0.9969,1.5262
,,,0.9784,1.5003
,,,0.9514,1.5047
,,,0.9438,1.485
,,,0.9553,1.4784
,,,0.9834,1.4739
,,,0.9996,1.4846
,,,1.0118,1.4722
,,,1.0206,1.4841
,,,0.9984,1.4956
,,,0.9949,1.4872
,,,0.9739,1.4882
,,,0.9722,1.4888
,,,0.9734,1.4747
,,,0.9396,1.455
,,,0.9178,1.4318
,,,0.8982,1.4123
,,,0.8902,1.4019
,,,0.8882,1.3714
,,,0.8646,1.3756
,,,0.8653,1.3606
,,,0.859,1.3668
,,,0.859,1.3473
,,,0.8705,1.3391
,,,0.8958,1.3667
,,,0.8916,1.376
,,,0.8976,1.398
,,,0.8894,1.4039
,,,0.865,1.4087
,,,0.8667,1.4114
,,,0.8706,1.4109
,,,0.8647,1.4121
,,,0.867,1.3838
,,,0.8614,1.3785
,,,0.8493,1.3835
,,,0.8607,1.3946
,,,0.857,1.3765
,,,0.8447,1.3713
,,,0.8287,1.3693
,,,0.8149,1.3801
,,,0.8124,1.3561
,,,0.8091,1.3427
,,,0.8156,1.3323
,,,0.8165,1.3452
,,,0.8219,1.3418
,,,0.8184,1.3585
,,,0.8148,1.3576
,,,0.8102,1.3758
,,,0.8079,1.3909
,,,0.8211,1.4127
,,,0.8176,1.4391
,,,0.8207,1.4639
,,,0.8262,1.4792
,,,0.827,1.4991
,,,0.8322,1.5116
,,,0.8309,1.5116
,,,0.834,1.4986
,,,0.8307,1.519
,,,0.8257,1.5072
,,,0.8238,1.5003
,,,0.8296,1.491
,,,0.8291,1.4953
,,,0.8306,1.5032
,,,0.8235,1.5189
,,,0.8355,1.5168
,,,0.8298,1.5477
,,,0.8166,1.5675
,,,0.8146,1.6063
,,,0.8109,1.6449
,,,0.8121,1.707
,,,0.7997,1.7556
,,,0.7915,1.8004
,,,0.7767,1.8163
,,,0.7745,1.8291
,,,0.7671,1.8651
,,,0.7617,1.8897
,,,0.7393,1.9258
,,,0.7293,1.9497
,,,0.7167,1.9666
,,,0.6993,2.0333
,,,0.6998,2.0844
,,,0.693,2.135
,,,0.6993,2.1722
,,,0.6863,2.2218
,,,0.6883,2.2649
,,,0.6765,2.3441
,,,0.695,2.4154
,,,0.6986,2.4728
,,,0.6866,2.5456
,,,0.6812,2.6189
,,,0.6766,2.703
,,,0.6746,2.7797
,,,0.6624,2.8473
,,,0.6527,2.9237
,,,0.6358,3.0114
,,,0.6152,3.0747
,,,0.6056,3.1484
,,,0.6136,3.2161
,,,0.5933,3.3064
,,,0.5821,3.3892
,,,0.6076,3.4305
,,,0.5863,3.5086
,,,0.5847,3.5472
,,,0.5851,3.5793
,,,0.5847,3.6277
,,,0.5879,3.6957
,,,0.5962,3.6844
,,,0.5746,3.6769
,,,0.5618,3.6845
,,,0.5703,3.6619
,,,0.5737,3.6899
,,,0.5624,3.6775
,,,0.5634,3.6869
,,,0.5617,3.7088
,,,0.57,3.7293
,,,0.5858,3.7171
,,,0.5968,3.7325
,,,0.5979,3.7447
,,,0.6044,3.7568
,,,0.603,3.7773
,,,0.6122,3.7959
,,,0.6225,3.8424
,,,0.6131,3.8596
,,,0.6039,3.8198
,,,0.5659,3.7711
,,,0.444,4.034