Record Length,2.500000e+03,,  -0.000012500000, -14.60800,
Sample Interval,1.000000e-08,,  -0.000012490000, -14.60800,
Trigger Point,1.250000000000e+03,,  -0.000012480000, -14.60800,
,,,  -0.000012470000, -11.95200,
,,,  -0.000012460000, -10.62400,
,,,  -0.000012450000, -13.28000,
Source,CH2,,  -0.000012440000, -14.60800,
Vertical Units,V,,  -0.000012430000, -13.28000,
Vertical Scale,3.320000e+01,,  -0.000012420000, -10.62400,
Vertical Offset,0.000000e+00,,  -0.000012410000, -10.62400,
Horizontal Units,s,,  -0.000012400000, -11.95200,
Horizontal Scale,2.500000e-06,,  -0.000012390000, -13.28000,
Pt Fmt,Y,,  -0.000012380000, -11.95200,
Yzero,0.000000e+00,,  -0.000012370000, -11.95200,
Probe Atten,1.000000e+01,,  -0.000012360000, -11.95200,
Model Number,TDS1012B,,  -0.000012350000, -13.28000,
Serial Number,C053081,,  -0.000012340000, -10.62400,
Firmware Version,FV:v22.01,,  -0.000012330000, -10.62400,
,,,-00.000012320000, -11.95200,
,,,-00.000012310000, -11.95200,
,,,-00.000012300000,  -9.29600,
,,,-00.000012290000, -11.95200,
,,,-00.000012280000,  -9.29600,
,,,-00.000012270000,  -9.29600,
,,,-00.000012260000, -10.62400,
,,,-00.000012250000,  -9.29600,
,,,-00.000012240000,  -9.29600,
,,,-00.000012230000,  -6.64000,
,,,-00.000012220000, -10.62400,
,,,-00.000012210000, -10.62400,
,,,-00.000012200000,  -9.29600,
,,,-00.000012190000,  -9.29600,
,,,-00.000012180000,  -7.96800,
,,,-00.000012170000,  -9.29600,
,,,-00.000012160000,  -7.96800,
,,,-00.000012150000,  -9.29600,
,,,-00.000012140000,  -7.96800,
,,,-00.000012130000,  -7.96800,
,,,-00.000012120000,  -9.29600,
,,,-00.000012110000,  -9.29600,
,,,-00.000012100000,  -7.96800,
,,,-00.000012090000,  -5.31200,
,,,-00.000012080000,  -7.96800,
,,,-00.000012070000,  -6.64000,
,,,-00.000012060000,  -9.29600,
,,,-00.000012050000,  -7.96800,
,,,-00.000012040000,  -5.31200,
,,,-00.000012030000,  -7.96800,
,,,-00.000012020000,  -6.64000,
,,,-00.000012010000,  -2.65600,
,,,-00.000012000000,  -7.96800,
,,,-00.000011990000,  -6.64000,
,,,-00.000011980000,  -6.64000,
,,,-00.000011970000,  -5.31200,
,,,-00.000011960000,  -7.96800,
,,,-00.000011950000,  -5.31200,
,,,-00.000011940000,  -3.98400,
,,,-00.000011930000,  -5.31200,
,,,-00.000011920000,  -5.31200,
,,,-00.000011910000,  -6.64000,
,,,-00.000011900000,  -3.98400,
,,,-00.000011890000,  -3.98400,
,,,-00.000011880000,  -6.64000,
,,,-00.000011870000,  -3.98400,
,,,-00.000011860000,  -5.31200,
,,,-00.000011850000,  -6.64000,
,,,-00.000011840000,  -3.98400,
,,,-00.000011830000,  -3.98400,
,,,-00.000011820000,  -3.98400,
,,,-00.000011810000,  -2.65600,
,,,-00.000011800000,  -3.98400,
,,,-00.000011790000,  -5.31200,
,,,-00.000011780000,  -2.65600,
,,,-00.000011770000,  -2.65600,
,,,-00.000011760000,  -2.65600,
,,,-00.000011750000,  -2.65600,
,,,-00.000011740000,  -1.32800,
,,,-00.000011730000,  -3.98400,
,,,-00.000011720000,  -1.32800,
,,,-00.000011710000,   0.00000,
,,,-00.000011700000,  -2.65600,
,,,-00.000011690000,  -1.32800,
,,,-00.000011680000,   0.00000,
,,,-00.000011670000,   0.00000,
,,,-00.000011660000,  -1.32800,
,,,-00.000011650000,  -1.32800,
,,,-00.000011640000,  -1.32800,
,,,-00.000011630000,  -1.32800,
,,,-00.000011620000,   0.00000,
,,,-00.000011610000,   0.00000,
,,,-00.000011600000,   1.32800,
,,,-00.000011590000,   0.00000,
,,,-00.000011580000,   0.00000,
,,,-00.000011570000,   0.00000,
,,,-00.000011560000,   0.00000,
,,,-00.000011550000,   0.00000,
,,,-00.000011540000,   1.32800,
,,,-00.000011530000,   1.32800,
,,,-00.000011520000,   1.32800,
,,,-00.000011510000,   1.32800,
,,,-00.000011500000,   1.32800,
,,,-00.000011490000,   1.32800,
,,,-00.000011480000,   2.65600,
,,,-00.000011470000,   1.32800,
,,,-00.000011460000,   2.65600,
,,,-00.000011450000,   3.98400,
,,,-00.000011440000,   3.98400,
,,,-00.000011430000,   2.65600,
,,,-00.000011420000,   2.65600,
,,,-00.000011410000,   1.32800,
,,,-00.000011400000,   2.65600,
,,,-00.000011390000,   1.32800,
,,,-00.000011380000,   5.31200,
,,,-00.000011370000,   1.32800,
,,,-00.000011360000,   1.32800,
,,,-00.000011350000,   3.98400,
,,,-00.000011340000,   3.98400,
,,,-00.000011330000,   3.98400,
,,,-00.000011320000,   3.98400,
,,,-00.000011310000,   6.64000,
,,,-00.000011300000,   5.31200,
,,,-00.000011290000,   6.64000,
,,,-00.000011280000,   6.64000,
,,,-00.000011270000,   2.65600,
,,,-00.000011260000,   2.65600,
,,,-00.000011250000,   5.31200,
,,,-00.000011240000,   5.31200,
,,,-00.000011230000,   6.64000,
,,,-00.000011220000,   3.98400,
,,,-00.000011210000,   6.64000,
,,,-00.000011200000,   7.96800,
,,,-00.000011190000,   7.96800,
,,,-00.000011180000,   5.31200,
,,,-00.000011170000,   7.96800,
,,,-00.000011160000,   5.31200,
,,,-00.000011150000,   7.96800,
,,,-00.000011140000,   7.96800,
,,,-00.000011130000,   6.64000,
,,,-00.000011120000,   7.96800,
,,,-00.000011110000,   7.96800,
,,,-00.000011100000,   7.96800,
,,,-00.000011090000,   9.29600,
,,,-00.000011080000,   7.96800,
,,,-00.000011070000,   7.96800,
,,,-00.000011060000,   9.29600,
,,,-00.000011050000,   9.29600,
,,,-00.000011040000,   9.29600,
,,,-00.000011030000,   7.96800,
,,,-00.000011020000,  11.95200,
,,,-00.000011010000,  11.95200,
,,,-00.000011000000,   9.29600,
,,,-00.000010990000,   9.29600,
,,,-00.000010980000,   7.96800,
,,,-00.000010970000,   7.96800,
,,,-00.000010960000,   9.29600,
,,,-00.000010950000,   9.29600,
,,,-00.000010940000,  10.62400,
,,,-00.000010930000,   9.29600,
,,,-00.000010920000,  10.62400,
,,,-00.000010910000,  11.95200,
,,,-00.000010900000,  11.95200,
,,,-00.000010890000,  10.62400,
,,,-00.000010880000,  11.95200,
,,,-00.000010870000,  10.62400,
,,,-00.000010860000,   9.29600,
,,,-00.000010850000,  11.95200,
,,,-00.000010840000,  10.62400,
,,,-00.000010830000,  10.62400,
,,,-00.000010820000,  11.95200,
,,,-00.000010810000,  11.95200,
,,,-00.000010800000,  13.28000,
,,,-00.000010790000,  13.28000,
,,,-00.000010780000,  13.28000,
,,,-00.000010770000,  13.28000,
,,,-00.000010760000,  11.95200,
,,,-00.000010750000,  11.95200,
,,,-00.000010740000,  13.28000,
,,,-00.000010730000,  13.28000,
,,,-00.000010720000,  13.28000,
,,,-00.000010710000,  13.28000,
,,,-00.000010700000,  11.95200,
,,,-00.000010690000,  14.60800,
,,,-00.000010680000,  14.60800,
,,,-00.000010670000,  15.93600,
,,,-00.000010660000,  14.60800,
,,,-00.000010650000,  14.60800,
,,,-00.000010640000,  14.60800,
,,,-00.000010630000,  15.93600,
,,,-00.000010620000,  14.60800,
,,,-00.000010610000,  11.95200,
,,,-00.000010600000,  13.28000,
,,,-00.000010590000,  14.60800,
,,,-00.000010580000,  15.93600,
,,,-00.000010570000,  14.60800,
,,,-00.000010560000,  15.93600,
,,,-00.000010550000,  15.93600,
,,,-00.000010540000,  14.60800,
,,,-00.000010530000,  15.93600,
,,,-00.000010520000,  15.93600,
,,,-00.000010510000,  13.28000,
,,,-00.000010500000,  14.60800,
,,,-00.000010490000,  17.26400,
,,,-00.000010480000,  17.26400,
,,,-00.000010470000,  17.26400,
,,,-00.000010460000,  15.93600,
,,,-00.000010450000,  18.59200,
,,,-00.000010440000,  18.59200,
,,,-00.000010430000,  15.93600,
,,,-00.000010420000,  17.26400,
,,,-00.000010410000,  15.93600,
,,,-00.000010400000,  17.26400,
,,,-00.000010390000,  17.26400,
,,,-00.000010380000,  17.26400,
,,,-00.000010370000,  17.26400,
,,,-00.000010360000,  18.59200,
,,,-00.000010350000,  18.59200,
,,,-00.000010340000,  18.59200,
,,,-00.000010330000,  17.26400,
,,,-00.000010320000,  18.59200,
,,,-00.000010310000,  18.59200,
,,,-00.000010300000,  17.26400,
,,,-00.000010290000,  18.59200,
,,,-00.000010280000,  15.93600,
,,,-00.000010270000,  18.59200,
,,,-00.000010260000,  19.92000,
,,,-00.000010250000,  18.59200,
,,,-00.000010240000,  18.59200,
,,,-00.000010230000,  18.59200,
,,,-00.000010220000,  18.59200,
,,,-00.000010210000,  19.92000,
,,,-00.000010200000,  21.24800,
,,,-00.000010190000,  19.92000,
,,,-00.000010180000,  21.24800,
,,,-00.000010170000,  18.59200,
,,,-00.000010160000,  21.24800,
,,,-00.000010150000,  19.92000,
,,,-00.000010140000,  19.92000,
,,,-00.000010130000,  19.92000,
,,,-00.000010120000,  19.92000,
,,,-00.000010110000,  19.92000,
,,,-00.000010100000,  21.24800,
,,,-00.000010090000,  19.92000,
,,,-00.000010080000,  18.59200,
,,,-00.000010070000,  21.24800,
,,,-00.000010060000,  21.24800,
,,,-00.000010050000,  19.92000,
,,,-00.000010040000,  22.57600,
,,,-00.000010030000,  21.24800,
,,,-00.000010020000,  21.24800,
,,,-00.000010010000,  22.57600,
,,,-00.000010000000,  21.24800,
,,,-00.000009990000,  21.24800,
,,,-00.000009980000,  19.92000,
,,,-00.000009970000,  23.90400,
,,,-00.000009960000,  21.24800,
,,,-00.000009950000,  22.57600,
,,,-00.000009940000,  21.24800,
,,,-00.000009930000,  22.57600,
,,,-00.000009920000,  21.24800,
,,,-00.000009910000,  21.24800,
,,,-00.000009900000,  19.92000,
,,,-00.000009890000,  21.24800,
,,,-00.000009880000,  22.57600,
,,,-00.000009870000,  21.24800,
,,,-00.000009860000,  22.57600,
,,,-00.000009850000,  23.90400,
,,,-00.000009840000,  21.24800,
,,,-00.000009830000,  22.57600,
,,,-00.000009820000,  23.90400,
,,,-00.000009810000,  21.24800,
,,,-00.000009800000,  23.90400,
,,,-00.000009790000,  23.90400,
,,,-00.000009780000,  22.57600,
,,,-00.000009770000,  23.90400,
,,,-00.000009760000,  23.90400,
,,,-00.000009750000,  22.57600,
,,,-00.000009740000,  21.24800,
,,,-00.000009730000,  23.90400,
,,,-00.000009720000,  22.57600,
,,,-00.000009710000,  23.90400,
,,,-00.000009700000,  21.24800,
,,,-00.000009690000,  23.90400,
,,,-00.000009680000,  22.57600,
,,,-00.000009670000,  23.90400,
,,,-00.000009660000,  22.57600,
,,,-00.000009650000,  23.90400,
,,,-00.000009640000,  23.90400,
,,,-00.000009630000,  25.23200,
,,,-00.000009620000,  22.57600,
,,,-00.000009610000,  22.57600,
,,,-00.000009600000,  22.57600,
,,,-00.000009590000,  25.23200,
,,,-00.000009580000,  23.90400,
,,,-00.000009570000,  25.23200,
,,,-00.000009560000,  23.90400,
,,,-00.000009550000,  23.90400,
,,,-00.000009540000,  25.23200,
,,,-00.000009530000,  22.57600,
,,,-00.000009520000,  23.90400,
,,,-00.000009510000,  23.90400,
,,,-00.000009500000,  27.88800,
,,,-00.000009490000,  23.90400,
,,,-00.000009480000,  25.23200,
,,,-00.000009470000,  25.23200,
,,,-00.000009460000,  25.23200,
,,,-00.000009450000,  23.90400,
,,,-00.000009440000,  23.90400,
,,,-00.000009430000,  25.23200,
,,,-00.000009420000,  25.23200,
,,,-00.000009410000,  25.23200,
,,,-00.000009400000,  25.23200,
,,,-00.000009390000,  23.90400,
,,,-00.000009380000,  23.90400,
,,,-00.000009370000,  25.23200,
,,,-00.000009360000,  25.23200,
,,,-00.000009350000,  23.90400,
,,,-00.000009340000,  25.23200,
,,,-00.000009330000,  27.88800,
,,,-00.000009320000,  25.23200,
,,,-00.000009310000,  25.23200,
,,,-00.000009300000,  26.56000,
,,,-00.000009290000,  23.90400,
,,,-00.000009280000,  25.23200,
,,,-00.000009270000,  26.56000,
,,,-00.000009260000,  26.56000,
,,,-00.000009250000,  25.23200,
,,,-00.000009240000,  25.23200,
,,,-00.000009230000,  25.23200,
,,,-00.000009220000,  25.23200,
,,,-00.000009210000,  26.56000,
,,,-00.000009200000,  25.23200,
,,,-00.000009190000,  22.57600,
,,,-00.000009180000,  25.23200,
,,,-00.000009170000,  23.90400,
,,,-00.000009160000,  26.56000,
,,,-00.000009150000,  23.90400,
,,,-00.000009140000,  26.56000,
,,,-00.000009130000,  23.90400,
,,,-00.000009120000,  23.90400,
,,,-00.000009110000,  25.23200,
,,,-00.000009100000,  26.56000,
,,,-00.000009090000,  26.56000,
,,,-00.000009080000,  26.56000,
,,,-00.000009070000,  23.90400,
,,,-00.000009060000,  25.23200,
,,,-00.000009050000,  23.90400,
,,,-00.000009040000,  27.88800,
,,,-00.000009030000,  23.90400,
,,,-00.000009020000,  27.88800,
,,,-00.000009010000,  25.23200,
,,,-00.000009000000,  25.23200,
,,,-00.000008990000,  23.90400,
,,,-00.000008980000,  26.56000,
,,,-00.000008970000,  23.90400,
,,,-00.000008960000,  25.23200,
,,,-00.000008950000,  26.56000,
,,,-00.000008940000,  26.56000,
,,,-00.000008930000,  25.23200,
,,,-00.000008920000,  26.56000,
,,,-00.000008910000,  23.90400,
,,,-00.000008900000,  25.23200,
,,,-00.000008890000,  25.23200,
,,,-00.000008880000,  25.23200,
,,,-00.000008870000,  27.88800,
,,,-00.000008860000,  26.56000,
,,,-00.000008850000,  23.90400,
,,,-00.000008840000,  25.23200,
,,,-00.000008830000,  25.23200,
,,,-00.000008820000,  26.56000,
,,,-00.000008810000,  25.23200,
,,,-00.000008800000,  27.88800,
,,,-00.000008790000,  23.90400,
,,,-00.000008780000,  25.23200,
,,,-00.000008770000,  26.56000,
,,,-00.000008760000,  25.23200,
,,,-00.000008750000,  23.90400,
,,,-00.000008740000,  25.23200,
,,,-00.000008730000,  26.56000,
,,,-00.000008720000,  25.23200,
,,,-00.000008710000,  25.23200,
,,,-00.000008700000,  25.23200,
,,,-00.000008690000,  25.23200,
,,,-00.000008680000,  23.90400,
,,,-00.000008670000,  25.23200,
,,,-00.000008660000,  22.57600,
,,,-00.000008650000,  23.90400,
,,,-00.000008640000,  25.23200,
,,,-00.000008630000,  23.90400,
,,,-00.000008620000,  25.23200,
,,,-00.000008610000,  23.90400,
,,,-00.000008600000,  22.57600,
,,,-00.000008590000,  25.23200,
,,,-00.000008580000,  22.57600,
,,,-00.000008570000,  23.90400,
,,,-00.000008560000,  25.23200,
,,,-00.000008550000,  25.23200,
,,,-00.000008540000,  25.23200,
,,,-00.000008530000,  23.90400,
,,,-00.000008520000,  23.90400,
,,,-00.000008510000,  25.23200,
,,,-00.000008500000,  23.90400,
,,,-00.000008490000,  22.57600,
,,,-00.000008480000,  23.90400,
,,,-00.000008470000,  23.90400,
,,,-00.000008460000,  25.23200,
,,,-00.000008450000,  23.90400,
,,,-00.000008440000,  23.90400,
,,,-00.000008430000,  22.57600,
,,,-00.000008420000,  23.90400,
,,,-00.000008410000,  22.57600,
,,,-00.000008400000,  22.57600,
,,,-00.000008390000,  23.90400,
,,,-00.000008380000,  23.90400,
,,,-00.000008370000,  23.90400,
,,,-00.000008360000,  19.92000,
,,,-00.000008350000,  23.90400,
,,,-00.000008340000,  23.90400,
,,,-00.000008330000,  23.90400,
,,,-00.000008320000,  21.24800,
,,,-00.000008310000,  21.24800,
,,,-00.000008300000,  21.24800,
,,,-00.000008290000,  22.57600,
,,,-00.000008280000,  22.57600,
,,,-00.000008270000,  23.90400,
,,,-00.000008260000,  22.57600,
,,,-00.000008250000,  19.92000,
,,,-00.000008240000,  19.92000,
,,,-00.000008230000,  22.57600,
,,,-00.000008220000,  22.57600,
,,,-00.000008210000,  22.57600,
,,,-00.000008200000,  19.92000,
,,,-00.000008190000,  19.92000,
,,,-00.000008180000,  22.57600,
,,,-00.000008170000,  22.57600,
,,,-00.000008160000,  19.92000,
,,,-00.000008150000,  21.24800,
,,,-00.000008140000,  21.24800,
,,,-00.000008130000,  22.57600,
,,,-00.000008120000,  21.24800,
,,,-00.000008110000,  21.24800,
,,,-00.000008100000,  22.57600,
,,,-00.000008090000,  19.92000,
,,,-00.000008080000,  22.57600,
,,,-00.000008070000,  19.92000,
,,,-00.000008060000,  19.92000,
,,,-00.000008050000,  22.57600,
,,,-00.000008040000,  19.92000,
,,,-00.000008030000,  19.92000,
,,,-00.000008020000,  19.92000,
,,,-00.000008010000,  21.24800,
,,,-00.000008000000,  19.92000,
,,,-00.000007990000,  18.59200,
,,,-00.000007980000,  22.57600,
,,,-00.000007970000,  18.59200,
,,,-00.000007960000,  22.57600,
,,,-00.000007950000,  18.59200,
,,,-00.000007940000,  18.59200,
,,,-00.000007930000,  19.92000,
,,,-00.000007920000,  18.59200,
,,,-00.000007910000,  19.92000,
,,,-00.000007900000,  18.59200,
,,,-00.000007890000,  18.59200,
,,,-00.000007880000,  19.92000,
,,,-00.000007870000,  19.92000,
,,,-00.000007860000,  18.59200,
,,,-00.000007850000,  18.59200,
,,,-00.000007840000,  19.92000,
,,,-00.000007830000,  21.24800,
,,,-00.000007820000,  18.59200,
,,,-00.000007810000,  19.92000,
,,,-00.000007800000,  17.26400,
,,,-00.000007790000,  19.92000,
,,,-00.000007780000,  18.59200,
,,,-00.000007770000,  15.93600,
,,,-00.000007760000,  17.26400,
,,,-00.000007750000,  19.92000,
,,,-00.000007740000,  17.26400,
,,,-00.000007730000,  17.26400,
,,,-00.000007720000,  17.26400,
,,,-00.000007710000,  17.26400,
,,,-00.000007700000,  15.93600,
,,,-00.000007690000,  17.26400,
,,,-00.000007680000,  17.26400,
,,,-00.000007670000,  17.26400,
,,,-00.000007660000,  17.26400,
,,,-00.000007650000,  15.93600,
,,,-00.000007640000,  14.60800,
,,,-00.000007630000,  15.93600,
,,,-00.000007620000,  15.93600,
,,,-00.000007610000,  14.60800,
,,,-00.000007600000,  17.26400,
,,,-00.000007590000,  17.26400,
,,,-00.000007580000,  14.60800,
,,,-00.000007570000,  15.93600,
,,,-00.000007560000,  15.93600,
,,,-00.000007550000,  14.60800,
,,,-00.000007540000,  11.95200,
,,,-00.000007530000,  13.28000,
,,,-00.000007520000,  15.93600,
,,,-00.000007510000,  15.93600,
,,,-00.000007500000,  13.28000,
,,,-00.000007490000,  11.95200,
,,,-00.000007480000,  14.60800,
,,,-00.000007470000,  14.60800,
,,,-00.000007460000,  13.28000,
,,,-00.000007450000,  13.28000,
,,,-00.000007440000,  14.60800,
,,,-00.000007430000,  11.95200,
,,,-00.000007420000,  11.95200,
,,,-00.000007410000,  11.95200,
,,,-00.000007400000,  10.62400,
,,,-00.000007390000,  13.28000,
,,,-00.000007380000,  11.95200,
,,,-00.000007370000,  11.95200,
,,,-00.000007360000,  11.95200,
,,,-00.000007350000,  14.60800,
,,,-00.000007340000,  11.95200,
,,,-00.000007330000,  11.95200,
,,,-00.000007320000,   9.29600,
,,,-00.000007310000,  11.95200,
,,,-00.000007300000,  10.62400,
,,,-00.000007290000,  14.60800,
,,,-00.000007280000,  11.95200,
,,,-00.000007270000,  10.62400,
,,,-00.000007260000,  10.62400,
,,,-00.000007250000,   9.29600,
,,,-00.000007240000,  11.95200,
,,,-00.000007230000,  10.62400,
,,,-00.000007220000,  11.95200,
,,,-00.000007210000,  10.62400,
,,,-00.000007200000,   9.29600,
,,,-00.000007190000,   9.29600,
,,,-00.000007180000,   7.96800,
,,,-00.000007170000,   9.29600,
,,,-00.000007160000,   7.96800,
,,,-00.000007150000,  10.62400,
,,,-00.000007140000,   9.29600,
,,,-00.000007130000,  10.62400,
,,,-00.000007120000,   7.96800,
,,,-00.000007110000,   7.96800,
,,,-00.000007100000,   9.29600,
,,,-00.000007090000,   9.29600,
,,,-00.000007080000,   9.29600,
,,,-00.000007070000,   7.96800,
,,,-00.000007060000,   9.29600,
,,,-00.000007050000,   7.96800,
,,,-00.000007040000,   7.96800,
,,,-00.000007030000,   9.29600,
,,,-00.000007020000,   6.64000,
,,,-00.000007010000,   6.64000,
,,,-00.000007000000,   6.64000,
,,,-00.000006990000,   7.96800,
,,,-00.000006980000,   5.31200,
,,,-00.000006970000,   6.64000,
,,,-00.000006960000,   5.31200,
,,,-00.000006950000,   7.96800,
,,,-00.000006940000,   3.98400,
,,,-00.000006930000,   5.31200,
,,,-00.000006920000,   5.31200,
,,,-00.000006910000,   5.31200,
,,,-00.000006900000,   5.31200,
,,,-00.000006890000,   5.31200,
,,,-00.000006880000,   3.98400,
,,,-00.000006870000,   5.31200,
,,,-00.000006860000,   6.64000,
,,,-00.000006850000,   5.31200,
,,,-00.000006840000,   6.64000,
,,,-00.000006830000,   5.31200,
,,,-00.000006820000,   5.31200,
,,,-00.000006810000,   3.98400,
,,,-00.000006800000,   5.31200,
,,,-00.000006790000,   3.98400,
,,,-00.000006780000,   3.98400,
,,,-00.000006770000,   3.98400,
,,,-00.000006760000,   3.98400,
,,,-00.000006750000,   2.65600,
,,,-00.000006740000,   3.98400,
,,,-00.000006730000,   3.98400,
,,,-00.000006720000,   2.65600,
,,,-00.000006710000,   2.65600,
,,,-00.000006700000,   2.65600,
,,,-00.000006690000,   1.32800,
,,,-00.000006680000,   2.65600,
,,,-00.000006670000,   0.00000,
,,,-00.000006660000,   2.65600,
,,,-00.000006650000,   3.98400,
,,,-00.000006640000,   3.98400,
,,,-00.000006630000,   1.32800,
,,,-00.000006620000,   2.65600,
,,,-00.000006610000,   0.00000,
,,,-00.000006600000,   1.32800,
,,,-00.000006590000,   1.32800,
,,,-00.000006580000,  -1.32800,
,,,-00.000006570000,   0.00000,
,,,-00.000006560000,   0.00000,
,,,-00.000006550000,   1.32800,
,,,-00.000006540000,  -2.65600,
,,,-00.000006530000,   1.32800,
,,,-00.000006520000,  -1.32800,
,,,-00.000006510000,  -2.65600,
,,,-00.000006500000,  -1.32800,
,,,-00.000006490000,  -1.32800,
,,,-00.000006480000,  -1.32800,
,,,-00.000006470000,  -1.32800,
,,,-00.000006460000,  -3.98400,
,,,-00.000006450000,  -2.65600,
,,,-00.000006440000,  -1.32800,
,,,-00.000006430000,  -2.65600,
,,,-00.000006420000,  -1.32800,
,,,-00.000006410000,  -2.65600,
,,,-00.000006400000,  -2.65600,
,,,-00.000006390000,   0.00000,
,,,-00.000006380000,  -2.65600,
,,,-00.000006370000,  -3.98400,
,,,-00.000006360000,  -1.32800,
,,,-00.000006350000,  -2.65600,
,,,-00.000006340000,  -5.31200,
,,,-00.000006330000,  -2.65600,
,,,-00.000006320000,  -3.98400,
,,,-00.000006310000,  -6.64000,
,,,-00.000006300000,  -5.31200,
,,,-00.000006290000,  -1.32800,
,,,-00.000006280000,  -2.65600,
,,,-00.000006270000,  -5.31200,
,,,-00.000006260000,  -6.64000,
,,,-00.000006250000,  -5.31200,
,,,-00.000006240000,  -2.65600,
,,,-00.000006230000,  -2.65600,
,,,-00.000006220000,  -5.31200,
,,,-00.000006210000,  -7.96800,
,,,-00.000006200000,  -3.98400,
,,,-00.000006190000,  -2.65600,
,,,-00.000006180000,  -6.64000,
,,,-00.000006170000,  -5.31200,
,,,-00.000006160000,  -6.64000,
,,,-00.000006150000,  -5.31200,
,,,-00.000006140000,  -5.31200,
,,,-00.000006130000,  -3.98400,
,,,-00.000006120000,  -7.96800,
,,,-00.000006110000,  -6.64000,
,,,-00.000006100000,  -6.64000,
,,,-00.000006090000,  -9.29600,
,,,-00.000006080000,  -9.29600,
,,,-00.000006070000,  -6.64000,
,,,-00.000006060000,  -7.96800,
,,,-00.000006050000,  -6.64000,
,,,-00.000006040000,  -9.29600,
,,,-00.000006030000,  -6.64000,
,,,-00.000006020000, -10.62400,
,,,-00.000006010000,  -6.64000,
,,,-00.000006000000,  -9.29600,
,,,-00.000005990000,  -7.96800,
,,,-00.000005980000,  -9.29600,
,,,-00.000005970000,  -7.96800,
,,,-00.000005960000,  -7.96800,
,,,-00.000005950000,  -9.29600,
,,,-00.000005940000, -10.62400,
,,,-00.000005930000,  -9.29600,
,,,-00.000005920000,  -7.96800,
,,,-00.000005910000,  -9.29600,
,,,-00.000005900000, -10.62400,
,,,-00.000005890000,  -7.96800,
,,,-00.000005880000, -13.28000,
,,,-00.000005870000,  -9.29600,
,,,-00.000005860000,  -9.29600,
,,,-00.000005850000, -10.62400,
,,,-00.000005840000,  -9.29600,
,,,-00.000005830000, -10.62400,
,,,-00.000005820000, -13.28000,
,,,-00.000005810000, -10.62400,
,,,-00.000005800000, -10.62400,
,,,-00.000005790000, -11.95200,
,,,-00.000005780000, -11.95200,
,,,-00.000005770000, -10.62400,
,,,-00.000005760000, -10.62400,
,,,-00.000005750000,  -9.29600,
,,,-00.000005740000, -11.95200,
,,,-00.000005730000, -11.95200,
,,,-00.000005720000, -13.28000,
,,,-00.000005710000, -11.95200,
,,,-00.000005700000, -10.62400,
,,,-00.000005690000, -11.95200,
,,,-00.000005680000, -10.62400,
,,,-00.000005670000, -13.28000,
,,,-00.000005660000, -11.95200,
,,,-00.000005650000, -14.60800,
,,,-00.000005640000, -13.28000,
,,,-00.000005630000, -14.60800,
,,,-00.000005620000, -13.28000,
,,,-00.000005610000, -13.28000,
,,,-00.000005600000, -14.60800,
,,,-00.000005590000, -15.93600,
,,,-00.000005580000, -13.28000,
,,,-00.000005570000, -15.93600,
,,,-00.000005560000, -14.60800,
,,,-00.000005550000, -13.28000,
,,,-00.000005540000, -14.60800,
,,,-00.000005530000, -11.95200,
,,,-00.000005520000, -14.60800,
,,,-00.000005510000, -14.60800,
,,,-00.000005500000, -14.60800,
,,,-00.000005490000, -15.93600,
,,,-00.000005480000, -14.60800,
,,,-00.000005470000, -14.60800,
,,,-00.000005460000, -17.26400,
,,,-00.000005450000, -15.93600,
,,,-00.000005440000, -15.93600,
,,,-00.000005430000, -17.26400,
,,,-00.000005420000, -17.26400,
,,,-00.000005410000, -17.26400,
,,,-00.000005400000, -15.93600,
,,,-00.000005390000, -15.93600,
,,,-00.000005380000, -17.26400,
,,,-00.000005370000, -17.26400,
,,,-00.000005360000, -15.93600,
,,,-00.000005350000, -17.26400,
,,,-00.000005340000, -15.93600,
,,,-00.000005330000, -18.59200,
,,,-00.000005320000, -15.93600,
,,,-00.000005310000, -15.93600,
,,,-00.000005300000, -15.93600,
,,,-00.000005290000, -18.59200,
,,,-00.000005280000, -18.59200,
,,,-00.000005270000, -19.92000,
,,,-00.000005260000, -17.26400,
,,,-00.000005250000, -15.93600,
,,,-00.000005240000, -18.59200,
,,,-00.000005230000, -19.92000,
,,,-00.000005220000, -21.24800,
,,,-00.000005210000, -18.59200,
,,,-00.000005200000, -17.26400,
,,,-00.000005190000, -17.26400,
,,,-00.000005180000, -18.59200,
,,,-00.000005170000, -21.24800,
,,,-00.000005160000, -19.92000,
,,,-00.000005150000, -18.59200,
,,,-00.000005140000, -17.26400,
,,,-00.000005130000, -18.59200,
,,,-00.000005120000, -19.92000,
,,,-00.000005110000, -19.92000,
,,,-00.000005100000, -19.92000,
,,,-00.000005090000, -19.92000,
,,,-00.000005080000, -19.92000,
,,,-00.000005070000, -19.92000,
,,,-00.000005060000, -19.92000,
,,,-00.000005050000, -19.92000,
,,,-00.000005040000, -19.92000,
,,,-00.000005030000, -21.24800,
,,,-00.000005020000, -19.92000,
,,,-00.000005010000, -21.24800,
,,,-00.000005000000, -22.57600,
,,,-00.000004990000, -21.24800,
,,,-00.000004980000, -19.92000,
,,,-00.000004970000, -19.92000,
,,,-00.000004960000, -21.24800,
,,,-00.000004950000, -22.57600,
,,,-00.000004940000, -22.57600,
,,,-00.000004930000, -22.57600,
,,,-00.000004920000, -21.24800,
,,,-00.000004910000, -19.92000,
,,,-00.000004900000, -19.92000,
,,,-00.000004890000, -21.24800,
,,,-00.000004880000, -21.24800,
,,,-00.000004870000, -21.24800,
,,,-00.000004860000, -21.24800,
,,,-00.000004850000, -21.24800,
,,,-00.000004840000, -18.59200,
,,,-00.000004830000, -21.24800,
,,,-00.000004820000, -19.92000,
,,,-00.000004810000, -21.24800,
,,,-00.000004800000, -21.24800,
,,,-00.000004790000, -22.57600,
,,,-00.000004780000, -22.57600,
,,,-00.000004770000, -22.57600,
,,,-00.000004760000, -22.57600,
,,,-00.000004750000, -22.57600,
,,,-00.000004740000, -21.24800,
,,,-00.000004730000, -22.57600,
,,,-00.000004720000, -22.57600,
,,,-00.000004710000, -21.24800,
,,,-00.000004700000, -21.24800,
,,,-00.000004690000, -22.57600,
,,,-00.000004680000, -22.57600,
,,,-00.000004670000, -25.23200,
,,,-00.000004660000, -23.90400,
,,,-00.000004650000, -25.23200,
,,,-00.000004640000, -23.90400,
,,,-00.000004630000, -22.57600,
,,,-00.000004620000, -23.90400,
,,,-00.000004610000, -23.90400,
,,,-00.000004600000, -22.57600,
,,,-00.000004590000, -22.57600,
,,,-00.000004580000, -25.23200,
,,,-00.000004570000, -23.90400,
,,,-00.000004560000, -23.90400,
,,,-00.000004550000, -22.57600,
,,,-00.000004540000, -22.57600,
,,,-00.000004530000, -23.90400,
,,,-00.000004520000, -25.23200,
,,,-00.000004510000, -22.57600,
,,,-00.000004500000, -22.57600,
,,,-00.000004490000, -23.90400,
,,,-00.000004480000, -23.90400,
,,,-00.000004470000, -26.56000,
,,,-00.000004460000, -26.56000,
,,,-00.000004450000, -25.23200,
,,,-00.000004440000, -25.23200,
,,,-00.000004430000, -25.23200,
,,,-00.000004420000, -25.23200,
,,,-00.000004410000, -23.90400,
,,,-00.000004400000, -25.23200,
,,,-00.000004390000, -26.56000,
,,,-00.000004380000, -23.90400,
,,,-00.000004370000, -23.90400,
,,,-00.000004360000, -25.23200,
,,,-00.000004350000, -25.23200,
,,,-00.000004340000, -26.56000,
,,,-00.000004330000, -26.56000,
,,,-00.000004320000, -23.90400,
,,,-00.000004310000, -22.57600,
,,,-00.000004300000, -25.23200,
,,,-00.000004290000, -26.56000,
,,,-00.000004280000, -25.23200,
,,,-00.000004270000, -25.23200,
,,,-00.000004260000, -23.90400,
,,,-00.000004250000, -25.23200,
,,,-00.000004240000, -26.56000,
,,,-00.000004230000, -25.23200,
,,,-00.000004220000, -25.23200,
,,,-00.000004210000, -23.90400,
,,,-00.000004200000, -25.23200,
,,,-00.000004190000, -25.23200,
,,,-00.000004180000, -25.23200,
,,,-00.000004170000, -23.90400,
,,,-00.000004160000, -23.90400,
,,,-00.000004150000, -25.23200,
,,,-00.000004140000, -25.23200,
,,,-00.000004130000, -25.23200,
,,,-00.000004120000, -23.90400,
,,,-00.000004110000, -26.56000,
,,,-00.000004100000, -25.23200,
,,,-00.000004090000, -23.90400,
,,,-00.000004080000, -26.56000,
,,,-00.000004070000, -25.23200,
,,,-00.000004060000, -27.88800,
,,,-00.000004050000, -25.23200,
,,,-00.000004040000, -26.56000,
,,,-00.000004030000, -25.23200,
,,,-00.000004020000, -23.90400,
,,,-00.000004010000, -23.90400,
,,,-00.000004000000, -25.23200,
,,,-00.000003990000, -26.56000,
,,,-00.000003980000, -25.23200,
,,,-00.000003970000, -25.23200,
,,,-00.000003960000, -27.88800,
,,,-00.000003950000, -26.56000,
,,,-00.000003940000, -25.23200,
,,,-00.000003930000, -23.90400,
,,,-00.000003920000, -25.23200,
,,,-00.000003910000, -26.56000,
,,,-00.000003900000, -25.23200,
,,,-00.000003890000, -23.90400,
,,,-00.000003880000, -25.23200,
,,,-00.000003870000, -23.90400,
,,,-00.000003860000, -25.23200,
,,,-00.000003850000, -25.23200,
,,,-00.000003840000, -26.56000,
,,,-00.000003830000, -25.23200,
,,,-00.000003820000, -25.23200,
,,,-00.000003810000, -25.23200,
,,,-00.000003800000, -26.56000,
,,,-00.000003790000, -26.56000,
,,,-00.000003780000, -23.90400,
,,,-00.000003770000, -22.57600,
,,,-00.000003760000, -25.23200,
,,,-00.000003750000, -25.23200,
,,,-00.000003740000, -25.23200,
,,,-00.000003730000, -26.56000,
,,,-00.000003720000, -26.56000,
,,,-00.000003710000, -23.90400,
,,,-00.000003700000, -25.23200,
,,,-00.000003690000, -25.23200,
,,,-00.000003680000, -25.23200,
,,,-00.000003670000, -25.23200,
,,,-00.000003660000, -25.23200,
,,,-00.000003650000, -23.90400,
,,,-00.000003640000, -25.23200,
,,,-00.000003630000, -25.23200,
,,,-00.000003620000, -23.90400,
,,,-00.000003610000, -22.57600,
,,,-00.000003600000, -23.90400,
,,,-00.000003590000, -27.88800,
,,,-00.000003580000, -25.23200,
,,,-00.000003570000, -23.90400,
,,,-00.000003560000, -23.90400,
,,,-00.000003550000, -26.56000,
,,,-00.000003540000, -26.56000,
,,,-00.000003530000, -22.57600,
,,,-00.000003520000, -22.57600,
,,,-00.000003510000, -23.90400,
,,,-00.000003500000, -23.90400,
,,,-00.000003490000, -25.23200,
,,,-00.000003480000, -25.23200,
,,,-00.000003470000, -25.23200,
,,,-00.000003460000, -25.23200,
,,,-00.000003450000, -25.23200,
,,,-00.000003440000, -23.90400,
,,,-00.000003430000, -21.24800,
,,,-00.000003420000, -22.57600,
,,,-00.000003410000, -22.57600,
,,,-00.000003400000, -23.90400,
,,,-00.000003390000, -23.90400,
,,,-00.000003380000, -23.90400,
,,,-00.000003370000, -23.90400,
,,,-00.000003360000, -22.57600,
,,,-00.000003350000, -25.23200,
,,,-00.000003340000, -23.90400,
,,,-00.000003330000, -22.57600,
,,,-00.000003320000, -21.24800,
,,,-00.000003310000, -21.24800,
,,,-00.000003300000, -22.57600,
,,,-00.000003290000, -23.90400,
,,,-00.000003280000, -22.57600,
,,,-00.000003270000, -21.24800,
,,,-00.000003260000, -22.57600,
,,,-00.000003250000, -23.90400,
,,,-00.000003240000, -25.23200,
,,,-00.000003230000, -23.90400,
,,,-00.000003220000, -19.92000,
,,,-00.000003210000, -22.57600,
,,,-00.000003200000, -21.24800,
,,,-00.000003190000, -21.24800,
,,,-00.000003180000, -19.92000,
,,,-00.000003170000, -22.57600,
,,,-00.000003160000, -23.90400,
,,,-00.000003150000, -21.24800,
,,,-00.000003140000, -19.92000,
,,,-00.000003130000, -21.24800,
,,,-00.000003120000, -21.24800,
,,,-00.000003110000, -19.92000,
,,,-00.000003100000, -19.92000,
,,,-00.000003090000, -18.59200,
,,,-00.000003080000, -19.92000,
,,,-00.000003070000, -21.24800,
,,,-00.000003060000, -22.57600,
,,,-00.000003050000, -19.92000,
,,,-00.000003040000, -19.92000,
,,,-00.000003030000, -19.92000,
,,,-00.000003020000, -19.92000,
,,,-00.000003010000, -19.92000,
,,,-00.000003000000, -19.92000,
,,,-00.000002990000, -18.59200,
,,,-00.000002980000, -19.92000,
,,,-00.000002970000, -18.59200,
,,,-00.000002960000, -19.92000,
,,,-00.000002950000, -21.24800,
,,,-00.000002940000, -18.59200,
,,,-00.000002930000, -19.92000,
,,,-00.000002920000, -19.92000,
,,,-00.000002910000, -21.24800,
,,,-00.000002900000, -18.59200,
,,,-00.000002890000, -18.59200,
,,,-00.000002880000, -19.92000,
,,,-00.000002870000, -18.59200,
,,,-00.000002860000, -18.59200,
,,,-00.000002850000, -18.59200,
,,,-00.000002840000, -17.26400,
,,,-00.000002830000, -18.59200,
,,,-00.000002820000, -18.59200,
,,,-00.000002810000, -17.26400,
,,,-00.000002800000, -17.26400,
,,,-00.000002790000, -17.26400,
,,,-00.000002780000, -15.93600,
,,,-00.000002770000, -17.26400,
,,,-00.000002760000, -17.26400,
,,,-00.000002750000, -18.59200,
,,,-00.000002740000, -17.26400,
,,,-00.000002730000, -15.93600,
,,,-00.000002720000, -17.26400,
,,,-00.000002710000, -17.26400,
,,,-00.000002700000, -17.26400,
,,,-00.000002690000, -17.26400,
,,,-00.000002680000, -17.26400,
,,,-00.000002670000, -15.93600,
,,,-00.000002660000, -17.26400,
,,,-00.000002650000, -14.60800,
,,,-00.000002640000, -17.26400,
,,,-00.000002630000, -17.26400,
,,,-00.000002620000, -15.93600,
,,,-00.000002610000, -14.60800,
,,,-00.000002600000, -18.59200,
,,,-00.000002590000, -17.26400,
,,,-00.000002580000, -17.26400,
,,,-00.000002570000, -14.60800,
,,,-00.000002560000, -11.95200,
,,,-00.000002550000, -15.93600,
,,,-00.000002540000, -14.60800,
,,,-00.000002530000, -13.28000,
,,,-00.000002520000, -14.60800,
,,,-00.000002510000, -14.60800,
,,,-00.000002500000, -15.93600,
,,,-00.000002490000, -15.93600,
,,,-00.000002480000, -14.60800,
,,,-00.000002470000, -14.60800,
,,,-00.000002460000, -14.60800,
,,,-00.000002450000, -15.93600,
,,,-00.000002440000, -13.28000,
,,,-00.000002430000, -13.28000,
,,,-00.000002420000, -11.95200,
,,,-00.000002410000, -13.28000,
,,,-00.000002400000, -11.95200,
,,,-00.000002390000, -11.95200,
,,,-00.000002380000, -10.62400,
,,,-00.000002370000, -11.95200,
,,,-00.000002360000, -13.28000,
,,,-00.000002350000, -13.28000,
,,,-00.000002340000, -11.95200,
,,,-00.000002330000, -10.62400,
,,,-00.000002320000, -11.95200,
,,,-00.000002310000, -13.28000,
,,,-00.000002300000, -13.28000,
,,,-00.000002290000, -10.62400,
,,,-00.000002280000, -10.62400,
,,,-00.000002270000, -11.95200,
,,,-00.000002260000, -11.95200,
,,,-00.000002250000, -14.60800,
,,,-00.000002240000, -10.62400,
,,,-00.000002230000, -11.95200,
,,,-00.000002220000, -14.60800,
,,,-00.000002210000, -10.62400,
,,,-00.000002200000, -13.28000,
,,,-00.000002190000, -11.95200,
,,,-00.000002180000,  -7.96800,
,,,-00.000002170000, -10.62400,
,,,-00.000002160000,  -9.29600,
,,,-00.000002150000, -10.62400,
,,,-00.000002140000,  -6.64000,
,,,-00.000002130000, -10.62400,
,,,-00.000002120000,  -7.96800,
,,,-00.000002110000,  -7.96800,
,,,-00.000002100000,  -7.96800,
,,,-00.000002090000,  -7.96800,
,,,-00.000002080000,  -7.96800,
,,,-00.000002070000,  -5.31200,
,,,-00.000002060000, -10.62400,
,,,-00.000002050000,  -7.96800,
,,,-00.000002040000,  -6.64000,
,,,-00.000002030000,  -6.64000,
,,,-00.000002020000,  -7.96800,
,,,-00.000002010000,  -7.96800,
,,,-00.000002000000,  -7.96800,
,,,-00.000001990000,  -6.64000,
,,,-00.000001980000,  -7.96800,
,,,-00.000001970000,  -7.96800,
,,,-00.000001960000,  -6.64000,
,,,-00.000001950000,  -6.64000,
,,,-00.000001940000,  -6.64000,
,,,-00.000001930000,  -3.98400,
,,,-00.000001920000,  -6.64000,
,,,-00.000001910000,  -6.64000,
,,,-00.000001900000,  -5.31200,
,,,-00.000001890000,  -6.64000,
,,,-00.000001880000,  -5.31200,
,,,-00.000001870000,  -5.31200,
,,,-00.000001860000,  -6.64000,
,,,-00.000001850000,  -3.98400,
,,,-00.000001840000,  -5.31200,
,,,-00.000001830000,  -5.31200,
,,,-00.000001820000,  -3.98400,
,,,-00.000001810000,  -2.65600,
,,,-00.000001800000,  -5.31200,
,,,-00.000001790000,  -2.65600,
,,,-00.000001780000,  -3.98400,
,,,-00.000001770000,  -2.65600,
,,,-00.000001760000,  -5.31200,
,,,-00.000001750000,  -2.65600,
,,,-00.000001740000,  -3.98400,
,,,-00.000001730000,  -3.98400,
,,,-00.000001720000,  -1.32800,
,,,-00.000001710000,  -2.65600,
,,,-00.000001700000,  -1.32800,
,,,-00.000001690000,  -1.32800,
,,,-00.000001680000,  -2.65600,
,,,-00.000001670000,  -2.65600,
,,,-00.000001660000,  -1.32800,
,,,-00.000001650000,  -1.32800,
,,,-00.000001640000,  -2.65600,
,,,-00.000001630000,  -1.32800,
,,,-00.000001620000,  -1.32800,
,,,-00.000001610000,  -1.32800,
,,,-00.000001600000,  -1.32800,
,,,-00.000001590000,   0.00000,
,,,-00.000001580000,  -1.32800,
,,,-00.000001570000,   0.00000,
,,,-00.000001560000,  -1.32800,
,,,-00.000001550000,   1.32800,
,,,-00.000001540000,   1.32800,
,,,-00.000001530000,   1.32800,
,,,-00.000001520000,   0.00000,
,,,-00.000001510000,   0.00000,
,,,-00.000001500000,  -1.32800,
,,,-00.000001490000,   0.00000,
,,,-00.000001480000,   1.32800,
,,,-00.000001470000,   0.00000,
,,,-00.000001460000,   0.00000,
,,,-00.000001450000,   1.32800,
,,,-00.000001440000,   1.32800,
,,,-00.000001430000,   1.32800,
,,,-00.000001420000,   0.00000,
,,,-00.000001410000,   3.98400,
,,,-00.000001400000,   2.65600,
,,,-00.000001390000,   2.65600,
,,,-00.000001380000,   3.98400,
,,,-00.000001370000,   2.65600,
,,,-00.000001360000,   1.32800,
,,,-00.000001350000,   3.98400,
,,,-00.000001340000,   3.98400,
,,,-00.000001330000,   3.98400,
,,,-00.000001320000,   2.65600,
,,,-00.000001310000,   1.32800,
,,,-00.000001300000,   5.31200,
,,,-00.000001290000,   3.98400,
,,,-00.000001280000,   2.65600,
,,,-00.000001270000,   2.65600,
,,,-00.000001260000,   2.65600,
,,,-00.000001250000,   6.64000,
,,,-00.000001240000,   5.31200,
,,,-00.000001230000,   2.65600,
,,,-00.000001220000,   3.98400,
,,,-00.000001210000,   2.65600,
,,,-00.000001200000,   3.98400,
,,,-00.000001190000,   6.64000,
,,,-00.000001180000,   5.31200,
,,,-00.000001170000,   6.64000,
,,,-00.000001160000,   6.64000,
,,,-00.000001150000,   6.64000,
,,,-00.000001140000,   3.98400,
,,,-00.000001130000,   5.31200,
,,,-00.000001120000,   9.29600,
,,,-00.000001110000,   5.31200,
,,,-00.000001100000,   7.96800,
,,,-00.000001090000,   6.64000,
,,,-00.000001080000,   5.31200,
,,,-00.000001070000,   3.98400,
,,,-00.000001060000,   7.96800,
,,,-00.000001050000,   6.64000,
,,,-00.000001040000,   6.64000,
,,,-00.000001030000,   6.64000,
,,,-00.000001020000,   7.96800,
,,,-00.000001010000,   7.96800,
,,,-00.000001000000,   9.29600,
,,,-00.000000990000,   6.64000,
,,,-00.000000980000,   9.29600,
,,,-00.000000970000,   7.96800,
,,,-00.000000960000,   9.29600,
,,,-00.000000950000,  10.62400,
,,,-00.000000940000,   7.96800,
,,,-00.000000930000,   9.29600,
,,,-00.000000920000,   9.29600,
,,,-00.000000910000,   9.29600,
,,,-00.000000900000,  10.62400,
,,,-00.000000890000,   9.29600,
,,,-00.000000880000,  11.95200,
,,,-00.000000870000,   9.29600,
,,,-00.000000860000,  10.62400,
,,,-00.000000850000,   9.29600,
,,,-00.000000840000,   9.29600,
,,,-00.000000830000,   9.29600,
,,,-00.000000820000,   9.29600,
,,,-00.000000810000,  10.62400,
,,,-00.000000800000,  10.62400,
,,,-00.000000790000,  10.62400,
,,,-00.000000780000,  11.95200,
,,,-00.000000770000,   9.29600,
,,,-00.000000760000,  13.28000,
,,,-00.000000750000,  10.62400,
,,,-00.000000740000,  10.62400,
,,,-00.000000730000,  13.28000,
,,,-00.000000720000,  10.62400,
,,,-00.000000710000,  13.28000,
,,,-00.000000700000,  10.62400,
,,,-00.000000690000,  11.95200,
,,,-00.000000680000,  10.62400,
,,,-00.000000670000,  13.28000,
,,,-00.000000660000,  13.28000,
,,,-00.000000650000,  11.95200,
,,,-00.000000640000,  13.28000,
,,,-00.000000630000,  15.93600,
,,,-00.000000620000,  11.95200,
,,,-00.000000610000,  11.95200,
,,,-00.000000600000,  13.28000,
,,,-00.000000590000,  14.60800,
,,,-00.000000580000,  13.28000,
,,,-00.000000570000,  13.28000,
,,,-00.000000560000,  14.60800,
,,,-00.000000550000,  14.60800,
,,,-00.000000540000,  17.26400,
,,,-00.000000530000,  13.28000,
,,,-00.000000520000,  13.28000,
,,,-00.000000510000,  14.60800,
,,,-00.000000500000,  13.28000,
,,,-00.000000490000,  15.93600,
,,,-00.000000480000,  14.60800,
,,,-00.000000470000,  14.60800,
,,,-00.000000460000,  15.93600,
,,,-00.000000450000,  14.60800,
,,,-00.000000440000,  15.93600,
,,,-00.000000430000,  15.93600,
,,,-00.000000420000,  18.59200,
,,,-00.000000410000,  15.93600,
,,,-00.000000400000,  14.60800,
,,,-00.000000390000,  17.26400,
,,,-00.000000380000,  17.26400,
,,,-00.000000370000,  15.93600,
,,,-00.000000360000,  18.59200,
,,,-00.000000350000,  17.26400,
,,,-00.000000340000,  15.93600,
,,,-00.000000330000,  14.60800,
,,,-00.000000320000,  15.93600,
,,,-00.000000310000,  19.92000,
,,,-00.000000300000,  18.59200,
,,,-00.000000290000,  18.59200,
,,,-00.000000280000,  17.26400,
,,,-00.000000270000,  15.93600,
,,,-00.000000260000,  19.92000,
,,,-00.000000250000,  18.59200,
,,,-00.000000240000,  17.26400,
,,,-00.000000230000,  18.59200,
,,,-00.000000220000,  17.26400,
,,,-00.000000210000,  18.59200,
,,,-00.000000200000,  19.92000,
,,,-00.000000190000,  18.59200,
,,,-00.000000180000,  19.92000,
,,,-00.000000170000,  19.92000,
,,,-00.000000160000,  19.92000,
,,,-00.000000150000,  19.92000,
,,,-00.000000140000,  18.59200,
,,,-00.000000130000,  21.24800,
,,,-00.000000120000,  18.59200,
,,,-00.000000110000,  19.92000,
,,,-00.000000100000,  19.92000,
,,,-00.000000090000,  21.24800,
,,,-00.000000080000,  18.59200,
,,,-00.000000070000,  19.92000,
,,,-00.000000060000,  19.92000,
,,,-00.000000050000,  18.59200,
,,,-00.000000040000,  19.92000,
,,,-00.000000030000,  19.92000,
,,,-00.000000020000,  19.92000,
,,,-00.000000010000,  19.92000,
,,,-00.000000000000,  19.92000,
,,,00.000000010000,  21.24800,
,,,00.000000020000,  22.57600,
,,,00.000000030000,  22.57600,
,,,00.000000040000,  19.92000,
,,,00.000000050000,  21.24800,
,,,00.000000060000,  21.24800,
,,,00.000000070000,  21.24800,
,,,00.000000080000,  22.57600,
,,,00.000000090000,  19.92000,
,,,00.000000100000,  21.24800,
,,,00.000000110000,  23.90400,
,,,00.000000120000,  21.24800,
,,,00.000000130000,  22.57600,
,,,00.000000140000,  21.24800,
,,,00.000000150000,  21.24800,
,,,00.000000160000,  19.92000,
,,,00.000000170000,  21.24800,
,,,00.000000180000,  22.57600,
,,,00.000000190000,  21.24800,
,,,00.000000200000,  23.90400,
,,,00.000000210000,  22.57600,
,,,00.000000220000,  22.57600,
,,,00.000000230000,  23.90400,
,,,00.000000240000,  23.90400,
,,,00.000000250000,  22.57600,
,,,00.000000260000,  23.90400,
,,,00.000000270000,  22.57600,
,,,00.000000280000,  22.57600,
,,,00.000000290000,  22.57600,
,,,00.000000300000,  22.57600,
,,,00.000000310000,  22.57600,
,,,00.000000320000,  22.57600,
,,,00.000000330000,  22.57600,
,,,00.000000340000,  22.57600,
,,,00.000000350000,  23.90400,
,,,00.000000360000,  25.23200,
,,,00.000000370000,  21.24800,
,,,00.000000380000,  23.90400,
,,,00.000000390000,  22.57600,
,,,00.000000400000,  23.90400,
,,,00.000000410000,  23.90400,
,,,00.000000420000,  25.23200,
,,,00.000000430000,  25.23200,
,,,00.000000440000,  25.23200,
,,,00.000000450000,  22.57600,
,,,00.000000460000,  23.90400,
,,,00.000000470000,  23.90400,
,,,00.000000480000,  23.90400,
,,,00.000000490000,  23.90400,
,,,00.000000500000,  22.57600,
,,,00.000000510000,  23.90400,
,,,00.000000520000,  23.90400,
,,,00.000000530000,  23.90400,
,,,00.000000540000,  23.90400,
,,,00.000000550000,  22.57600,
,,,00.000000560000,  25.23200,
,,,00.000000570000,  26.56000,
,,,00.000000580000,  25.23200,
,,,00.000000590000,  25.23200,
,,,00.000000600000,  25.23200,
,,,00.000000610000,  22.57600,
,,,00.000000620000,  25.23200,
,,,00.000000630000,  25.23200,
,,,00.000000640000,  26.56000,
,,,00.000000650000,  23.90400,
,,,00.000000660000,  23.90400,
,,,00.000000670000,  25.23200,
,,,00.000000680000,  23.90400,
,,,00.000000690000,  25.23200,
,,,00.000000700000,  26.56000,
,,,00.000000710000,  23.90400,
,,,00.000000720000,  22.57600,
,,,00.000000730000,  26.56000,
,,,00.000000740000,  23.90400,
,,,00.000000750000,  23.90400,
,,,00.000000760000,  23.90400,
,,,00.000000770000,  25.23200,
,,,00.000000780000,  23.90400,
,,,00.000000790000,  26.56000,
,,,00.000000800000,  26.56000,
,,,00.000000810000,  25.23200,
,,,00.000000820000,  25.23200,
,,,00.000000830000,  26.56000,
,,,00.000000840000,  25.23200,
,,,00.000000850000,  25.23200,
,,,00.000000860000,  25.23200,
,,,00.000000870000,  26.56000,
,,,00.000000880000,  26.56000,
,,,00.000000890000,  26.56000,
,,,00.000000900000,  25.23200,
,,,00.000000910000,  25.23200,
,,,00.000000920000,  25.23200,
,,,00.000000930000,  25.23200,
,,,00.000000940000,  25.23200,
,,,00.000000950000,  25.23200,
,,,00.000000960000,  25.23200,
,,,00.000000970000,  25.23200,
,,,00.000000980000,  25.23200,
,,,00.000000990000,  25.23200,
,,,00.000001000000,  26.56000,
,,,00.000001010000,  25.23200,
,,,00.000001020000,  26.56000,
,,,00.000001030000,  26.56000,
,,,00.000001040000,  25.23200,
,,,00.000001050000,  26.56000,
,,,00.000001060000,  26.56000,
,,,00.000001070000,  27.88800,
,,,00.000001080000,  23.90400,
,,,00.000001090000,  27.88800,
,,,00.000001100000,  26.56000,
,,,00.000001110000,  26.56000,
,,,00.000001120000,  26.56000,
,,,00.000001130000,  25.23200,
,,,00.000001140000,  23.90400,
,,,00.000001150000,  25.23200,
,,,00.000001160000,  25.23200,
,,,00.000001170000,  25.23200,
,,,00.000001180000,  26.56000,
,,,00.000001190000,  23.90400,
,,,00.000001200000,  26.56000,
,,,00.000001210000,  23.90400,
,,,00.000001220000,  23.90400,
,,,00.000001230000,  23.90400,
,,,00.000001240000,  26.56000,
,,,00.000001250000,  26.56000,
,,,00.000001260000,  23.90400,
,,,00.000001270000,  26.56000,
,,,00.000001280000,  25.23200,
,,,00.000001290000,  23.90400,
,,,00.000001300000,  26.56000,
,,,00.000001310000,  23.90400,
,,,00.000001320000,  25.23200,
,,,00.000001330000,  25.23200,
,,,00.000001340000,  26.56000,
,,,00.000001350000,  22.57600,
,,,00.000001360000,  23.90400,
,,,00.000001370000,  25.23200,
,,,00.000001380000,  23.90400,
,,,00.000001390000,  26.56000,
,,,00.000001400000,  23.90400,
,,,00.000001410000,  22.57600,
,,,00.000001420000,  23.90400,
,,,00.000001430000,  26.56000,
,,,00.000001440000,  23.90400,
,,,00.000001450000,  23.90400,
,,,00.000001460000,  25.23200,
,,,00.000001470000,  23.90400,
,,,00.000001480000,  25.23200,
,,,00.000001490000,  23.90400,
,,,00.000001500000,  25.23200,
,,,00.000001510000,  22.57600,
,,,00.000001520000,  23.90400,
,,,00.000001530000,  22.57600,
,,,00.000001540000,  23.90400,
,,,00.000001550000,  25.23200,
,,,00.000001560000,  25.23200,
,,,00.000001570000,  25.23200,
,,,00.000001580000,  25.23200,
,,,00.000001590000,  25.23200,
,,,00.000001600000,  23.90400,
,,,00.000001610000,  21.24800,
,,,00.000001620000,  22.57600,
,,,00.000001630000,  25.23200,
,,,00.000001640000,  22.57600,
,,,00.000001650000,  21.24800,
,,,00.000001660000,  21.24800,
,,,00.000001670000,  23.90400,
,,,00.000001680000,  22.57600,
,,,00.000001690000,  23.90400,
,,,00.000001700000,  23.90400,
,,,00.000001710000,  21.24800,
,,,00.000001720000,  21.24800,
,,,00.000001730000,  22.57600,
,,,00.000001740000,  23.90400,
,,,00.000001750000,  22.57600,
,,,00.000001760000,  21.24800,
,,,00.000001770000,  22.57600,
,,,00.000001780000,  22.57600,
,,,00.000001790000,  22.57600,
,,,00.000001800000,  21.24800,
,,,00.000001810000,  22.57600,
,,,00.000001820000,  22.57600,
,,,00.000001830000,  23.90400,
,,,00.000001840000,  21.24800,
,,,00.000001850000,  25.23200,
,,,00.000001860000,  22.57600,
,,,00.000001870000,  23.90400,
,,,00.000001880000,  22.57600,
,,,00.000001890000,  22.57600,
,,,00.000001900000,  19.92000,
,,,00.000001910000,  21.24800,
,,,00.000001920000,  21.24800,
,,,00.000001930000,  21.24800,
,,,00.000001940000,  21.24800,
,,,00.000001950000,  18.59200,
,,,00.000001960000,  19.92000,
,,,00.000001970000,  22.57600,
,,,00.000001980000,  19.92000,
,,,00.000001990000,  22.57600,
,,,00.000002000000,  22.57600,
,,,00.000002010000,  19.92000,
,,,00.000002020000,  19.92000,
,,,00.000002030000,  18.59200,
,,,00.000002040000,  18.59200,
,,,00.000002050000,  21.24800,
,,,00.000002060000,  21.24800,
,,,00.000002070000,  19.92000,
,,,00.000002080000,  21.24800,
,,,00.000002090000,  19.92000,
,,,00.000002100000,  18.59200,
,,,00.000002110000,  21.24800,
,,,00.000002120000,  21.24800,
,,,00.000002130000,  18.59200,
,,,00.000002140000,  18.59200,
,,,00.000002150000,  19.92000,
,,,00.000002160000,  18.59200,
,,,00.000002170000,  19.92000,
,,,00.000002180000,  21.24800,
,,,00.000002190000,  19.92000,
,,,00.000002200000,  17.26400,
,,,00.000002210000,  19.92000,
,,,00.000002220000,  19.92000,
,,,00.000002230000,  18.59200,
,,,00.000002240000,  17.26400,
,,,00.000002250000,  18.59200,
,,,00.000002260000,  17.26400,
,,,00.000002270000,  17.26400,
,,,00.000002280000,  18.59200,
,,,00.000002290000,  18.59200,
,,,00.000002300000,  19.92000,
,,,00.000002310000,  18.59200,
,,,00.000002320000,  15.93600,
,,,00.000002330000,  17.26400,
,,,00.000002340000,  18.59200,
,,,00.000002350000,  17.26400,
,,,00.000002360000,  15.93600,
,,,00.000002370000,  15.93600,
,,,00.000002380000,  17.26400,
,,,00.000002390000,  17.26400,
,,,00.000002400000,  15.93600,
,,,00.000002410000,  15.93600,
,,,00.000002420000,  15.93600,
,,,00.000002430000,  15.93600,
,,,00.000002440000,  15.93600,
,,,00.000002450000,  15.93600,
,,,00.000002460000,  15.93600,
,,,00.000002470000,  15.93600,
,,,00.000002480000,  14.60800,
,,,00.000002490000,  14.60800,
,,,00.000002500000,  15.93600,
,,,00.000002510000,  14.60800,
,,,00.000002520000,  14.60800,
,,,00.000002530000,  14.60800,
,,,00.000002540000,  15.93600,
,,,00.000002550000,  17.26400,
,,,00.000002560000,  15.93600,
,,,00.000002570000,  14.60800,
,,,00.000002580000,  11.95200,
,,,00.000002590000,  13.28000,
,,,00.000002600000,  14.60800,
,,,00.000002610000,  14.60800,
,,,00.000002620000,  13.28000,
,,,00.000002630000,  11.95200,
,,,00.000002640000,  11.95200,
,,,00.000002650000,  10.62400,
,,,00.000002660000,  13.28000,
,,,00.000002670000,  11.95200,
,,,00.000002680000,  13.28000,
,,,00.000002690000,  11.95200,
,,,00.000002700000,  11.95200,
,,,00.000002710000,  11.95200,
,,,00.000002720000,  11.95200,
,,,00.000002730000,  11.95200,
,,,00.000002740000,  11.95200,
,,,00.000002750000,  10.62400,
,,,00.000002760000,  10.62400,
,,,00.000002770000,  10.62400,
,,,00.000002780000,  11.95200,
,,,00.000002790000,  11.95200,
,,,00.000002800000,  10.62400,
,,,00.000002810000,  10.62400,
,,,00.000002820000,  10.62400,
,,,00.000002830000,  10.62400,
,,,00.000002840000,  10.62400,
,,,00.000002850000,   9.29600,
,,,00.000002860000,  11.95200,
,,,00.000002870000,  10.62400,
,,,00.000002880000,   9.29600,
,,,00.000002890000,   7.96800,
,,,00.000002900000,   9.29600,
,,,00.000002910000,   9.29600,
,,,00.000002920000,   9.29600,
,,,00.000002930000,   9.29600,
,,,00.000002940000,   9.29600,
,,,00.000002950000,   9.29600,
,,,00.000002960000,   9.29600,
,,,00.000002970000,   7.96800,
,,,00.000002980000,   7.96800,
,,,00.000002990000,   9.29600,
,,,00.000003000000,   7.96800,
,,,00.000003010000,   9.29600,
,,,00.000003020000,   6.64000,
,,,00.000003030000,   6.64000,
,,,00.000003040000,   7.96800,
,,,00.000003050000,   6.64000,
,,,00.000003060000,   7.96800,
,,,00.000003070000,   9.29600,
,,,00.000003080000,   9.29600,
,,,00.000003090000,   6.64000,
,,,00.000003100000,   7.96800,
,,,00.000003110000,   6.64000,
,,,00.000003120000,   6.64000,
,,,00.000003130000,   5.31200,
,,,00.000003140000,   3.98400,
,,,00.000003150000,   5.31200,
,,,00.000003160000,   5.31200,
,,,00.000003170000,   5.31200,
,,,00.000003180000,   3.98400,
,,,00.000003190000,   5.31200,
,,,00.000003200000,   3.98400,
,,,00.000003210000,   5.31200,
,,,00.000003220000,   5.31200,
,,,00.000003230000,   3.98400,
,,,00.000003240000,   3.98400,
,,,00.000003250000,   5.31200,
,,,00.000003260000,   5.31200,
,,,00.000003270000,   5.31200,
,,,00.000003280000,   3.98400,
,,,00.000003290000,   1.32800,
,,,00.000003300000,   2.65600,
,,,00.000003310000,   3.98400,
,,,00.000003320000,   3.98400,
,,,00.000003330000,   3.98400,
,,,00.000003340000,   2.65600,
,,,00.000003350000,   3.98400,
,,,00.000003360000,   2.65600,
,,,00.000003370000,   3.98400,
,,,00.000003380000,   1.32800,
,,,00.000003390000,   1.32800,
,,,00.000003400000,   3.98400,
,,,00.000003410000,   3.98400,
,,,00.000003420000,   2.65600,
,,,00.000003430000,   2.65600,
,,,00.000003440000,   1.32800,
,,,00.000003450000,   0.00000,
,,,00.000003460000,   1.32800,
,,,00.000003470000,   1.32800,
,,,00.000003480000,  -1.32800,
,,,00.000003490000,   0.00000,
,,,00.000003500000,   0.00000,
,,,00.000003510000,   0.00000,
,,,00.000003520000,   1.32800,
,,,00.000003530000,   1.32800,
,,,00.000003540000,   1.32800,
,,,00.000003550000,   0.00000,
,,,00.000003560000,   0.00000,
,,,00.000003570000,   0.00000,
,,,00.000003580000,  -2.65600,
,,,00.000003590000,  -1.32800,
,,,00.000003600000,  -2.65600,
,,,00.000003610000,   0.00000,
,,,00.000003620000,  -1.32800,
,,,00.000003630000,  -3.98400,
,,,00.000003640000,  -3.98400,
,,,00.000003650000,  -2.65600,
,,,00.000003660000,  -1.32800,
,,,00.000003670000,   0.00000,
,,,00.000003680000,  -5.31200,
,,,00.000003690000,  -2.65600,
,,,00.000003700000,  -2.65600,
,,,00.000003710000,  -5.31200,
,,,00.000003720000,  -5.31200,
,,,00.000003730000,  -2.65600,
,,,00.000003740000,  -5.31200,
,,,00.000003750000,  -2.65600,
,,,00.000003760000,  -2.65600,
,,,00.000003770000,  -2.65600,
,,,00.000003780000,  -5.31200,
,,,00.000003790000,  -5.31200,
,,,00.000003800000,  -2.65600,
,,,00.000003810000,  -5.31200,
,,,00.000003820000,  -5.31200,
,,,00.000003830000,  -2.65600,
,,,00.000003840000,  -5.31200,
,,,00.000003850000,  -5.31200,
,,,00.000003860000,  -3.98400,
,,,00.000003870000,  -5.31200,
,,,00.000003880000,  -5.31200,
,,,00.000003890000,  -5.31200,
,,,00.000003900000,  -5.31200,
,,,00.000003910000,  -5.31200,
,,,00.000003920000,  -7.96800,
,,,00.000003930000,  -6.64000,
,,,00.000003940000,  -5.31200,
,,,00.000003950000,  -6.64000,
,,,00.000003960000,  -7.96800,
,,,00.000003970000,  -5.31200,
,,,00.000003980000,  -6.64000,
,,,00.000003990000,  -6.64000,
,,,00.000004000000,  -5.31200,
,,,00.000004010000,  -7.96800,
,,,00.000004020000, -10.62400,
,,,00.000004030000,  -9.29600,
,,,00.000004040000,  -5.31200,
,,,00.000004050000,  -9.29600,
,,,00.000004060000,  -7.96800,
,,,00.000004070000,  -6.64000,
,,,00.000004080000, -10.62400,
,,,00.000004090000,  -6.64000,
,,,00.000004100000,  -7.96800,
,,,00.000004110000,  -9.29600,
,,,00.000004120000,  -9.29600,
,,,00.000004130000,  -9.29600,
,,,00.000004140000,  -7.96800,
,,,00.000004150000,  -6.64000,
,,,00.000004160000,  -9.29600,
,,,00.000004170000, -10.62400,
,,,00.000004180000, -10.62400,
,,,00.000004190000, -10.62400,
,,,00.000004200000, -10.62400,
,,,00.000004210000, -10.62400,
,,,00.000004220000, -10.62400,
,,,00.000004230000, -10.62400,
,,,00.000004240000,  -9.29600,
,,,00.000004250000, -11.95200,
,,,00.000004260000, -10.62400,
,,,00.000004270000, -10.62400,
,,,00.000004280000, -10.62400,
,,,00.000004290000, -11.95200,
,,,00.000004300000,  -9.29600,
,,,00.000004310000, -13.28000,
,,,00.000004320000, -10.62400,
,,,00.000004330000, -13.28000,
,,,00.000004340000, -11.95200,
,,,00.000004350000, -13.28000,
,,,00.000004360000, -13.28000,
,,,00.000004370000, -11.95200,
,,,00.000004380000, -11.95200,
,,,00.000004390000, -11.95200,
,,,00.000004400000, -13.28000,
,,,00.000004410000, -11.95200,
,,,00.000004420000, -13.28000,
,,,00.000004430000, -14.60800,
,,,00.000004440000, -11.95200,
,,,00.000004450000, -13.28000,
,,,00.000004460000, -13.28000,
,,,00.000004470000, -14.60800,
,,,00.000004480000, -15.93600,
,,,00.000004490000, -14.60800,
,,,00.000004500000, -14.60800,
,,,00.000004510000, -14.60800,
,,,00.000004520000, -14.60800,
,,,00.000004530000, -13.28000,
,,,00.000004540000, -14.60800,
,,,00.000004550000, -13.28000,
,,,00.000004560000, -13.28000,
,,,00.000004570000, -17.26400,
,,,00.000004580000, -15.93600,
,,,00.000004590000, -14.60800,
,,,00.000004600000, -14.60800,
,,,00.000004610000, -15.93600,
,,,00.000004620000, -15.93600,
,,,00.000004630000, -15.93600,
,,,00.000004640000, -14.60800,
,,,00.000004650000, -15.93600,
,,,00.000004660000, -17.26400,
,,,00.000004670000, -15.93600,
,,,00.000004680000, -18.59200,
,,,00.000004690000, -15.93600,
,,,00.000004700000, -17.26400,
,,,00.000004710000, -15.93600,
,,,00.000004720000, -17.26400,
,,,00.000004730000, -19.92000,
,,,00.000004740000, -18.59200,
,,,00.000004750000, -15.93600,
,,,00.000004760000, -18.59200,
,,,00.000004770000, -17.26400,
,,,00.000004780000, -15.93600,
,,,00.000004790000, -18.59200,
,,,00.000004800000, -19.92000,
,,,00.000004810000, -18.59200,
,,,00.000004820000, -19.92000,
,,,00.000004830000, -17.26400,
,,,00.000004840000, -17.26400,
,,,00.000004850000, -18.59200,
,,,00.000004860000, -18.59200,
,,,00.000004870000, -18.59200,
,,,00.000004880000, -18.59200,
,,,00.000004890000, -18.59200,
,,,00.000004900000, -18.59200,
,,,00.000004910000, -18.59200,
,,,00.000004920000, -19.92000,
,,,00.000004930000, -18.59200,
,,,00.000004940000, -17.26400,
,,,00.000004950000, -21.24800,
,,,00.000004960000, -18.59200,
,,,00.000004970000, -21.24800,
,,,00.000004980000, -19.92000,
,,,00.000004990000, -17.26400,
,,,00.000005000000, -21.24800,
,,,00.000005010000, -21.24800,
,,,00.000005020000, -18.59200,
,,,00.000005030000, -18.59200,
,,,00.000005040000, -19.92000,
,,,00.000005050000, -19.92000,
,,,00.000005060000, -21.24800,
,,,00.000005070000, -21.24800,
,,,00.000005080000, -18.59200,
,,,00.000005090000, -22.57600,
,,,00.000005100000, -21.24800,
,,,00.000005110000, -22.57600,
,,,00.000005120000, -21.24800,
,,,00.000005130000, -21.24800,
,,,00.000005140000, -22.57600,
,,,00.000005150000, -21.24800,
,,,00.000005160000, -21.24800,
,,,00.000005170000, -21.24800,
,,,00.000005180000, -22.57600,
,,,00.000005190000, -22.57600,
,,,00.000005200000, -19.92000,
,,,00.000005210000, -21.24800,
,,,00.000005220000, -22.57600,
,,,00.000005230000, -21.24800,
,,,00.000005240000, -23.90400,
,,,00.000005250000, -21.24800,
,,,00.000005260000, -23.90400,
,,,00.000005270000, -21.24800,
,,,00.000005280000, -22.57600,
,,,00.000005290000, -23.90400,
,,,00.000005300000, -21.24800,
,,,00.000005310000, -22.57600,
,,,00.000005320000, -25.23200,
,,,00.000005330000, -23.90400,
,,,00.000005340000, -22.57600,
,,,00.000005350000, -22.57600,
,,,00.000005360000, -22.57600,
,,,00.000005370000, -23.90400,
,,,00.000005380000, -22.57600,
,,,00.000005390000, -22.57600,
,,,00.000005400000, -22.57600,
,,,00.000005410000, -23.90400,
,,,00.000005420000, -22.57600,
,,,00.000005430000, -25.23200,
,,,00.000005440000, -22.57600,
,,,00.000005450000, -23.90400,
,,,00.000005460000, -25.23200,
,,,00.000005470000, -23.90400,
,,,00.000005480000, -22.57600,
,,,00.000005490000, -23.90400,
,,,00.000005500000, -25.23200,
,,,00.000005510000, -23.90400,
,,,00.000005520000, -23.90400,
,,,00.000005530000, -23.90400,
,,,00.000005540000, -25.23200,
,,,00.000005550000, -23.90400,
,,,00.000005560000, -25.23200,
,,,00.000005570000, -23.90400,
,,,00.000005580000, -22.57600,
,,,00.000005590000, -21.24800,
,,,00.000005600000, -25.23200,
,,,00.000005610000, -23.90400,
,,,00.000005620000, -25.23200,
,,,00.000005630000, -23.90400,
,,,00.000005640000, -23.90400,
,,,00.000005650000, -25.23200,
,,,00.000005660000, -25.23200,
,,,00.000005670000, -25.23200,
,,,00.000005680000, -23.90400,
,,,00.000005690000, -23.90400,
,,,00.000005700000, -25.23200,
,,,00.000005710000, -23.90400,
,,,00.000005720000, -25.23200,
,,,00.000005730000, -23.90400,
,,,00.000005740000, -26.56000,
,,,00.000005750000, -25.23200,
,,,00.000005760000, -25.23200,
,,,00.000005770000, -26.56000,
,,,00.000005780000, -23.90400,
,,,00.000005790000, -25.23200,
,,,00.000005800000, -25.23200,
,,,00.000005810000, -23.90400,
,,,00.000005820000, -23.90400,
,,,00.000005830000, -22.57600,
,,,00.000005840000, -23.90400,
,,,00.000005850000, -25.23200,
,,,00.000005860000, -23.90400,
,,,00.000005870000, -23.90400,
,,,00.000005880000, -25.23200,
,,,00.000005890000, -22.57600,
,,,00.000005900000, -26.56000,
,,,00.000005910000, -23.90400,
,,,00.000005920000, -25.23200,
,,,00.000005930000, -25.23200,
,,,00.000005940000, -27.88800,
,,,00.000005950000, -25.23200,
,,,00.000005960000, -26.56000,
,,,00.000005970000, -23.90400,
,,,00.000005980000, -25.23200,
,,,00.000005990000, -25.23200,
,,,00.000006000000, -26.56000,
,,,00.000006010000, -25.23200,
,,,00.000006020000, -22.57600,
,,,00.000006030000, -23.90400,
,,,00.000006040000, -25.23200,
,,,00.000006050000, -23.90400,
,,,00.000006060000, -25.23200,
,,,00.000006070000, -26.56000,
,,,00.000006080000, -26.56000,
,,,00.000006090000, -23.90400,
,,,00.000006100000, -23.90400,
,,,00.000006110000, -26.56000,
,,,00.000006120000, -23.90400,
,,,00.000006130000, -25.23200,
,,,00.000006140000, -25.23200,
,,,00.000006150000, -25.23200,
,,,00.000006160000, -22.57600,
,,,00.000006170000, -25.23200,
,,,00.000006180000, -23.90400,
,,,00.000006190000, -22.57600,
,,,00.000006200000, -25.23200,
,,,00.000006210000, -25.23200,
,,,00.000006220000, -23.90400,
,,,00.000006230000, -25.23200,
,,,00.000006240000, -25.23200,
,,,00.000006250000, -23.90400,
,,,00.000006260000, -23.90400,
,,,00.000006270000, -26.56000,
,,,00.000006280000, -23.90400,
,,,00.000006290000, -23.90400,
,,,00.000006300000, -23.90400,
,,,00.000006310000, -27.88800,
,,,00.000006320000, -25.23200,
,,,00.000006330000, -23.90400,
,,,00.000006340000, -22.57600,
,,,00.000006350000, -25.23200,
,,,00.000006360000, -25.23200,
,,,00.000006370000, -25.23200,
,,,00.000006380000, -23.90400,
,,,00.000006390000, -25.23200,
,,,00.000006400000, -26.56000,
,,,00.000006410000, -25.23200,
,,,00.000006420000, -26.56000,
,,,00.000006430000, -23.90400,
,,,00.000006440000, -23.90400,
,,,00.000006450000, -23.90400,
,,,00.000006460000, -25.23200,
,,,00.000006470000, -22.57600,
,,,00.000006480000, -23.90400,
,,,00.000006490000, -22.57600,
,,,00.000006500000, -23.90400,
,,,00.000006510000, -23.90400,
,,,00.000006520000, -23.90400,
,,,00.000006530000, -25.23200,
,,,00.000006540000, -23.90400,
,,,00.000006550000, -26.56000,
,,,00.000006560000, -23.90400,
,,,00.000006570000, -22.57600,
,,,00.000006580000, -22.57600,
,,,00.000006590000, -23.90400,
,,,00.000006600000, -23.90400,
,,,00.000006610000, -23.90400,
,,,00.000006620000, -23.90400,
,,,00.000006630000, -21.24800,
,,,00.000006640000, -23.90400,
,,,00.000006650000, -23.90400,
,,,00.000006660000, -25.23200,
,,,00.000006670000, -23.90400,
,,,00.000006680000, -22.57600,
,,,00.000006690000, -23.90400,
,,,00.000006700000, -22.57600,
,,,00.000006710000, -25.23200,
,,,00.000006720000, -22.57600,
,,,00.000006730000, -21.24800,
,,,00.000006740000, -22.57600,
,,,00.000006750000, -23.90400,
,,,00.000006760000, -23.90400,
,,,00.000006770000, -21.24800,
,,,00.000006780000, -23.90400,
,,,00.000006790000, -22.57600,
,,,00.000006800000, -21.24800,
,,,00.000006810000, -21.24800,
,,,00.000006820000, -22.57600,
,,,00.000006830000, -22.57600,
,,,00.000006840000, -21.24800,
,,,00.000006850000, -21.24800,
,,,00.000006860000, -21.24800,
,,,00.000006870000, -22.57600,
,,,00.000006880000, -22.57600,
,,,00.000006890000, -22.57600,
,,,00.000006900000, -19.92000,
,,,00.000006910000, -21.24800,
,,,00.000006920000, -22.57600,
,,,00.000006930000, -22.57600,
,,,00.000006940000, -21.24800,
,,,00.000006950000, -21.24800,
,,,00.000006960000, -19.92000,
,,,00.000006970000, -21.24800,
,,,00.000006980000, -21.24800,
,,,00.000006990000, -22.57600,
,,,00.000007000000, -19.92000,
,,,00.000007010000, -21.24800,
,,,00.000007020000, -19.92000,
,,,00.000007030000, -21.24800,
,,,00.000007040000, -21.24800,
,,,00.000007050000, -19.92000,
,,,00.000007060000, -19.92000,
,,,00.000007070000, -19.92000,
,,,00.000007080000, -19.92000,
,,,00.000007090000, -21.24800,
,,,00.000007100000, -19.92000,
,,,00.000007110000, -18.59200,
,,,00.000007120000, -18.59200,
,,,00.000007130000, -18.59200,
,,,00.000007140000, -19.92000,
,,,00.000007150000, -18.59200,
,,,00.000007160000, -18.59200,
,,,00.000007170000, -18.59200,
,,,00.000007180000, -18.59200,
,,,00.000007190000, -18.59200,
,,,00.000007200000, -18.59200,
,,,00.000007210000, -19.92000,
,,,00.000007220000, -21.24800,
,,,00.000007230000, -19.92000,
,,,00.000007240000, -18.59200,
,,,00.000007250000, -15.93600,
,,,00.000007260000, -18.59200,
,,,00.000007270000, -17.26400,
,,,00.000007280000, -18.59200,
,,,00.000007290000, -18.59200,
,,,00.000007300000, -18.59200,
,,,00.000007310000, -18.59200,
,,,00.000007320000, -19.92000,
,,,00.000007330000, -15.93600,
,,,00.000007340000, -15.93600,
,,,00.000007350000, -17.26400,
,,,00.000007360000, -17.26400,
,,,00.000007370000, -14.60800,
,,,00.000007380000, -14.60800,
,,,00.000007390000, -15.93600,
,,,00.000007400000, -17.26400,
,,,00.000007410000, -17.26400,
,,,00.000007420000, -15.93600,
,,,00.000007430000, -15.93600,
,,,00.000007440000, -17.26400,
,,,00.000007450000, -17.26400,
,,,00.000007460000, -17.26400,
,,,00.000007470000, -15.93600,
,,,00.000007480000, -15.93600,
,,,00.000007490000, -15.93600,
,,,00.000007500000, -14.60800,
,,,00.000007510000, -14.60800,
,,,00.000007520000, -14.60800,
,,,00.000007530000, -17.26400,
,,,00.000007540000, -15.93600,
,,,00.000007550000, -14.60800,
,,,00.000007560000, -14.60800,
,,,00.000007570000, -11.95200,
,,,00.000007580000, -15.93600,
,,,00.000007590000, -15.93600,
,,,00.000007600000, -14.60800,
,,,00.000007610000, -15.93600,
,,,00.000007620000, -11.95200,
,,,00.000007630000, -13.28000,
,,,00.000007640000, -14.60800,
,,,00.000007650000, -18.59200,
,,,00.000007660000, -13.28000,
,,,00.000007670000, -14.60800,
,,,00.000007680000, -13.28000,
,,,00.000007690000, -11.95200,
,,,00.000007700000, -14.60800,
,,,00.000007710000, -11.95200,
,,,00.000007720000, -13.28000,
,,,00.000007730000, -11.95200,
,,,00.000007740000, -14.60800,
,,,00.000007750000, -11.95200,
,,,00.000007760000, -11.95200,
,,,00.000007770000, -11.95200,
,,,00.000007780000, -11.95200,
,,,00.000007790000,  -9.29600,
,,,00.000007800000, -11.95200,
,,,00.000007810000, -11.95200,
,,,00.000007820000, -11.95200,
,,,00.000007830000, -10.62400,
,,,00.000007840000, -10.62400,
,,,00.000007850000,  -9.29600,
,,,00.000007860000, -10.62400,
,,,00.000007870000, -10.62400,
,,,00.000007880000,  -9.29600,
,,,00.000007890000, -10.62400,
,,,00.000007900000,  -9.29600,
,,,00.000007910000,  -9.29600,
,,,00.000007920000, -11.95200,
,,,00.000007930000,  -9.29600,
,,,00.000007940000,  -9.29600,
,,,00.000007950000,  -7.96800,
,,,00.000007960000,  -9.29600,
,,,00.000007970000,  -9.29600,
,,,00.000007980000,  -9.29600,
,,,00.000007990000,  -6.64000,
,,,00.000008000000,  -9.29600,
,,,00.000008010000,  -7.96800,
,,,00.000008020000,  -7.96800,
,,,00.000008030000,  -6.64000,
,,,00.000008040000,  -9.29600,
,,,00.000008050000,  -7.96800,
,,,00.000008060000,  -7.96800,
,,,00.000008070000,  -7.96800,
,,,00.000008080000,  -7.96800,
,,,00.000008090000,  -5.31200,
,,,00.000008100000,  -7.96800,
,,,00.000008110000,  -2.65600,
,,,00.000008120000,  -3.98400,
,,,00.000008130000,  -5.31200,
,,,00.000008140000,  -7.96800,
,,,00.000008150000,  -6.64000,
,,,00.000008160000,  -6.64000,
,,,00.000008170000,  -3.98400,
,,,00.000008180000,  -6.64000,
,,,00.000008190000,  -5.31200,
,,,00.000008200000,  -3.98400,
,,,00.000008210000,  -5.31200,
,,,00.000008220000,  -5.31200,
,,,00.000008230000,  -5.31200,
,,,00.000008240000,  -6.64000,
,,,00.000008250000,  -6.64000,
,,,00.000008260000,  -3.98400,
,,,00.000008270000,  -3.98400,
,,,00.000008280000,  -5.31200,
,,,00.000008290000,  -6.64000,
,,,00.000008300000,  -5.31200,
,,,00.000008310000,  -3.98400,
,,,00.000008320000,  -3.98400,
,,,00.000008330000,  -2.65600,
,,,00.000008340000,  -3.98400,
,,,00.000008350000,  -2.65600,
,,,00.000008360000,  -2.65600,
,,,00.000008370000,  -1.32800,
,,,00.000008380000,  -1.32800,
,,,00.000008390000,  -2.65600,
,,,00.000008400000,  -3.98400,
,,,00.000008410000,  -1.32800,
,,,00.000008420000,  -1.32800,
,,,00.000008430000,  -1.32800,
,,,00.000008440000,  -3.98400,
,,,00.000008450000,  -2.65600,
,,,00.000008460000,   0.00000,
,,,00.000008470000,  -1.32800,
,,,00.000008480000,  -2.65600,
,,,00.000008490000,   1.32800,
,,,00.000008500000,   0.00000,
,,,00.000008510000,  -2.65600,
,,,00.000008520000,   0.00000,
,,,00.000008530000,  -1.32800,
,,,00.000008540000,  -2.65600,
,,,00.000008550000,   0.00000,
,,,00.000008560000,  -1.32800,
,,,00.000008570000,   1.32800,
,,,00.000008580000,  -1.32800,
,,,00.000008590000,   1.32800,
,,,00.000008600000,   1.32800,
,,,00.000008610000,   1.32800,
,,,00.000008620000,   1.32800,
,,,00.000008630000,  -1.32800,
,,,00.000008640000,   0.00000,
,,,00.000008650000,   2.65600,
,,,00.000008660000,   1.32800,
,,,00.000008670000,   0.00000,
,,,00.000008680000,   1.32800,
,,,00.000008690000,   2.65600,
,,,00.000008700000,   2.65600,
,,,00.000008710000,   1.32800,
,,,00.000008720000,   2.65600,
,,,00.000008730000,   1.32800,
,,,00.000008740000,   2.65600,
,,,00.000008750000,   5.31200,
,,,00.000008760000,   2.65600,
,,,00.000008770000,   5.31200,
,,,00.000008780000,   6.64000,
,,,00.000008790000,   5.31200,
,,,00.000008800000,   3.98400,
,,,00.000008810000,   3.98400,
,,,00.000008820000,   3.98400,
,,,00.000008830000,   2.65600,
,,,00.000008840000,   6.64000,
,,,00.000008850000,   3.98400,
,,,00.000008860000,   3.98400,
,,,00.000008870000,   5.31200,
,,,00.000008880000,   3.98400,
,,,00.000008890000,   5.31200,
,,,00.000008900000,   5.31200,
,,,00.000008910000,   3.98400,
,,,00.000008920000,   6.64000,
,,,00.000008930000,   5.31200,
,,,00.000008940000,   5.31200,
,,,00.000008950000,   7.96800,
,,,00.000008960000,   5.31200,
,,,00.000008970000,   3.98400,
,,,00.000008980000,   6.64000,
,,,00.000008990000,   6.64000,
,,,00.000009000000,   7.96800,
,,,00.000009010000,   5.31200,
,,,00.000009020000,   7.96800,
,,,00.000009030000,   7.96800,
,,,00.000009040000,   7.96800,
,,,00.000009050000,   7.96800,
,,,00.000009060000,   9.29600,
,,,00.000009070000,   6.64000,
,,,00.000009080000,   7.96800,
,,,00.000009090000,   6.64000,
,,,00.000009100000,  10.62400,
,,,00.000009110000,   7.96800,
,,,00.000009120000,   9.29600,
,,,00.000009130000,   7.96800,
,,,00.000009140000,   9.29600,
,,,00.000009150000,   9.29600,
,,,00.000009160000,  10.62400,
,,,00.000009170000,   9.29600,
,,,00.000009180000,   9.29600,
,,,00.000009190000,  10.62400,
,,,00.000009200000,  10.62400,
,,,00.000009210000,   9.29600,
,,,00.000009220000,  10.62400,
,,,00.000009230000,   9.29600,
,,,00.000009240000,  10.62400,
,,,00.000009250000,   9.29600,
,,,00.000009260000,  10.62400,
,,,00.000009270000,   9.29600,
,,,00.000009280000,  10.62400,
,,,00.000009290000,  13.28000,
,,,00.000009300000,  10.62400,
,,,00.000009310000,  13.28000,
,,,00.000009320000,  13.28000,
,,,00.000009330000,  11.95200,
,,,00.000009340000,  11.95200,
,,,00.000009350000,  11.95200,
,,,00.000009360000,  13.28000,
,,,00.000009370000,  10.62400,
,,,00.000009380000,  11.95200,
,,,00.000009390000,  11.95200,
,,,00.000009400000,  11.95200,
,,,00.000009410000,  14.60800,
,,,00.000009420000,  11.95200,
,,,00.000009430000,  13.28000,
,,,00.000009440000,  13.28000,
,,,00.000009450000,  13.28000,
,,,00.000009460000,  14.60800,
,,,00.000009470000,  13.28000,
,,,00.000009480000,  14.60800,
,,,00.000009490000,  14.60800,
,,,00.000009500000,  14.60800,
,,,00.000009510000,  15.93600,
,,,00.000009520000,  13.28000,
,,,00.000009530000,  14.60800,
,,,00.000009540000,  15.93600,
,,,00.000009550000,  17.26400,
,,,00.000009560000,  13.28000,
,,,00.000009570000,  15.93600,
,,,00.000009580000,  14.60800,
,,,00.000009590000,  14.60800,
,,,00.000009600000,  17.26400,
,,,00.000009610000,  18.59200,
,,,00.000009620000,  14.60800,
,,,00.000009630000,  13.28000,
,,,00.000009640000,  18.59200,
,,,00.000009650000,  15.93600,
,,,00.000009660000,  14.60800,
,,,00.000009670000,  17.26400,
,,,00.000009680000,  13.28000,
,,,00.000009690000,  17.26400,
,,,00.000009700000,  18.59200,
,,,00.000009710000,  17.26400,
,,,00.000009720000,  17.26400,
,,,00.000009730000,  17.26400,
,,,00.000009740000,  18.59200,
,,,00.000009750000,  17.26400,
,,,00.000009760000,  17.26400,
,,,00.000009770000,  17.26400,
,,,00.000009780000,  17.26400,
,,,00.000009790000,  19.92000,
,,,00.000009800000,  17.26400,
,,,00.000009810000,  18.59200,
,,,00.000009820000,  18.59200,
,,,00.000009830000,  18.59200,
,,,00.000009840000,  18.59200,
,,,00.000009850000,  18.59200,
,,,00.000009860000,  19.92000,
,,,00.000009870000,  18.59200,
,,,00.000009880000,  17.26400,
,,,00.000009890000,  18.59200,
,,,00.000009900000,  17.26400,
,,,00.000009910000,  18.59200,
,,,00.000009920000,  18.59200,
,,,00.000009930000,  18.59200,
,,,00.000009940000,  18.59200,
,,,00.000009950000,  19.92000,
,,,00.000009960000,  18.59200,
,,,00.000009970000,  18.59200,
,,,00.000009980000,  18.59200,
,,,00.000009990000,  19.92000,
,,,00.000010000000,  21.24800,
,,,00.000010010000,  21.24800,
,,,00.000010020000,  19.92000,
,,,00.000010030000,  19.92000,
,,,00.000010040000,  21.24800,
,,,00.000010050000,  19.92000,
,,,00.000010060000,  18.59200,
,,,00.000010070000,  21.24800,
,,,00.000010080000,  19.92000,
,,,00.000010090000,  19.92000,
,,,00.000010100000,  21.24800,
,,,00.000010110000,  21.24800,
,,,00.000010120000,  19.92000,
,,,00.000010130000,  21.24800,
,,,00.000010140000,  22.57600,
,,,00.000010150000,  21.24800,
,,,00.000010160000,  21.24800,
,,,00.000010170000,  22.57600,
,,,00.000010180000,  21.24800,
,,,00.000010190000,  19.92000,
,,,00.000010200000,  19.92000,
,,,00.000010210000,  21.24800,
,,,00.000010220000,  22.57600,
,,,00.000010230000,  21.24800,
,,,00.000010240000,  21.24800,
,,,00.000010250000,  22.57600,
,,,00.000010260000,  21.24800,
,,,00.000010270000,  22.57600,
,,,00.000010280000,  21.24800,
,,,00.000010290000,  22.57600,
,,,00.000010300000,  21.24800,
,,,00.000010310000,  21.24800,
,,,00.000010320000,  21.24800,
,,,00.000010330000,  22.57600,
,,,00.000010340000,  22.57600,
,,,00.000010350000,  22.57600,
,,,00.000010360000,  22.57600,
,,,00.000010370000,  25.23200,
,,,00.000010380000,  21.24800,
,,,00.000010390000,  22.57600,
,,,00.000010400000,  23.90400,
,,,00.000010410000,  22.57600,
,,,00.000010420000,  22.57600,
,,,00.000010430000,  22.57600,
,,,00.000010440000,  23.90400,
,,,00.000010450000,  22.57600,
,,,00.000010460000,  23.90400,
,,,00.000010470000,  25.23200,
,,,00.000010480000,  21.24800,
,,,00.000010490000,  23.90400,
,,,00.000010500000,  25.23200,
,,,00.000010510000,  22.57600,
,,,00.000010520000,  23.90400,
,,,00.000010530000,  25.23200,
,,,00.000010540000,  25.23200,
,,,00.000010550000,  22.57600,
,,,00.000010560000,  22.57600,
,,,00.000010570000,  23.90400,
,,,00.000010580000,  23.90400,
,,,00.000010590000,  25.23200,
,,,00.000010600000,  25.23200,
,,,00.000010610000,  22.57600,
,,,00.000010620000,  22.57600,
,,,00.000010630000,  25.23200,
,,,00.000010640000,  25.23200,
,,,00.000010650000,  22.57600,
,,,00.000010660000,  23.90400,
,,,00.000010670000,  25.23200,
,,,00.000010680000,  26.56000,
,,,00.000010690000,  26.56000,
,,,00.000010700000,  23.90400,
,,,00.000010710000,  25.23200,
,,,00.000010720000,  22.57600,
,,,00.000010730000,  25.23200,
,,,00.000010740000,  25.23200,
,,,00.000010750000,  25.23200,
,,,00.000010760000,  26.56000,
,,,00.000010770000,  23.90400,
,,,00.000010780000,  27.88800,
,,,00.000010790000,  25.23200,
,,,00.000010800000,  23.90400,
,,,00.000010810000,  22.57600,
,,,00.000010820000,  26.56000,
,,,00.000010830000,  23.90400,
,,,00.000010840000,  25.23200,
,,,00.000010850000,  25.23200,
,,,00.000010860000,  25.23200,
,,,00.000010870000,  26.56000,
,,,00.000010880000,  25.23200,
,,,00.000010890000,  25.23200,
,,,00.000010900000,  25.23200,
,,,00.000010910000,  25.23200,
,,,00.000010920000,  25.23200,
,,,00.000010930000,  26.56000,
,,,00.000010940000,  25.23200,
,,,00.000010950000,  23.90400,
,,,00.000010960000,  25.23200,
,,,00.000010970000,  25.23200,
,,,00.000010980000,  26.56000,
,,,00.000010990000,  27.88800,
,,,00.000011000000,  27.88800,
,,,00.000011010000,  26.56000,
,,,00.000011020000,  26.56000,
,,,00.000011030000,  25.23200,
,,,00.000011040000,  25.23200,
,,,00.000011050000,  25.23200,
,,,00.000011060000,  26.56000,
,,,00.000011070000,  23.90400,
,,,00.000011080000,  26.56000,
,,,00.000011090000,  23.90400,
,,,00.000011100000,  25.23200,
,,,00.000011110000,  26.56000,
,,,00.000011120000,  26.56000,
,,,00.000011130000,  25.23200,
,,,00.000011140000,  26.56000,
,,,00.000011150000,  25.23200,
,,,00.000011160000,  26.56000,
,,,00.000011170000,  26.56000,
,,,00.000011180000,  25.23200,
,,,00.000011190000,  23.90400,
,,,00.000011200000,  25.23200,
,,,00.000011210000,  23.90400,
,,,00.000011220000,  25.23200,
,,,00.000011230000,  26.56000,
,,,00.000011240000,  25.23200,
,,,00.000011250000,  23.90400,
,,,00.000011260000,  23.90400,
,,,00.000011270000,  25.23200,
,,,00.000011280000,  23.90400,
,,,00.000011290000,  27.88800,
,,,00.000011300000,  23.90400,
,,,00.000011310000,  25.23200,
,,,00.000011320000,  25.23200,
,,,00.000011330000,  26.56000,
,,,00.000011340000,  23.90400,
,,,00.000011350000,  26.56000,
,,,00.000011360000,  25.23200,
,,,00.000011370000,  23.90400,
,,,00.000011380000,  26.56000,
,,,00.000011390000,  25.23200,
,,,00.000011400000,  23.90400,
,,,00.000011410000,  25.23200,
,,,00.000011420000,  25.23200,
,,,00.000011430000,  23.90400,
,,,00.000011440000,  23.90400,
,,,00.000011450000,  23.90400,
,,,00.000011460000,  26.56000,
,,,00.000011470000,  23.90400,
,,,00.000011480000,  23.90400,
,,,00.000011490000,  25.23200,
,,,00.000011500000,  23.90400,
,,,00.000011510000,  23.90400,
,,,00.000011520000,  25.23200,
,,,00.000011530000,  25.23200,
,,,00.000011540000,  25.23200,
,,,00.000011550000,  23.90400,
,,,00.000011560000,  26.56000,
,,,00.000011570000,  25.23200,
,,,00.000011580000,  25.23200,
,,,00.000011590000,  25.23200,
,,,00.000011600000,  21.24800,
,,,00.000011610000,  21.24800,
,,,00.000011620000,  23.90400,
,,,00.000011630000,  25.23200,
,,,00.000011640000,  22.57600,
,,,00.000011650000,  25.23200,
,,,00.000011660000,  21.24800,
,,,00.000011670000,  23.90400,
,,,00.000011680000,  25.23200,
,,,00.000011690000,  22.57600,
,,,00.000011700000,  22.57600,
,,,00.000011710000,  22.57600,
,,,00.000011720000,  22.57600,
,,,00.000011730000,  22.57600,
,,,00.000011740000,  23.90400,
,,,00.000011750000,  23.90400,
,,,00.000011760000,  23.90400,
,,,00.000011770000,  23.90400,
,,,00.000011780000,  23.90400,
,,,00.000011790000,  23.90400,
,,,00.000011800000,  22.57600,
,,,00.000011810000,  23.90400,
,,,00.000011820000,  22.57600,
,,,00.000011830000,  23.90400,
,,,00.000011840000,  22.57600,
,,,00.000011850000,  22.57600,
,,,00.000011860000,  22.57600,
,,,00.000011870000,  21.24800,
,,,00.000011880000,  19.92000,
,,,00.000011890000,  22.57600,
,,,00.000011900000,  23.90400,
,,,00.000011910000,  22.57600,
,,,00.000011920000,  22.57600,
,,,00.000011930000,  21.24800,
,,,00.000011940000,  21.24800,
,,,00.000011950000,  21.24800,
,,,00.000011960000,  22.57600,
,,,00.000011970000,  22.57600,
,,,00.000011980000,  22.57600,
,,,00.000011990000,  23.90400,
,,,00.000012000000,  21.24800,
,,,00.000012010000,  21.24800,
,,,00.000012020000,  19.92000,
,,,00.000012030000,  21.24800,
,,,00.000012040000,  18.59200,
,,,00.000012050000,  21.24800,
,,,00.000012060000,  21.24800,
,,,00.000012070000,  22.57600,
,,,00.000012080000,  19.92000,
,,,00.000012090000,  21.24800,
,,,00.000012100000,  19.92000,
,,,00.000012110000,  21.24800,
,,,00.000012120000,  19.92000,
,,,00.000012130000,  19.92000,
,,,00.000012140000,  19.92000,
,,,00.000012150000,  17.26400,
,,,00.000012160000,  18.59200,
,,,00.000012170000,  19.92000,
,,,00.000012180000,  18.59200,
,,,00.000012190000,  19.92000,
,,,00.000012200000,  18.59200,
,,,00.000012210000,  19.92000,
,,,00.000012220000,  18.59200,
,,,00.000012230000,  19.92000,
,,,00.000012240000,  19.92000,
,,,00.000012250000,  18.59200,
,,,00.000012260000,  17.26400,
,,,00.000012270000,  17.26400,
,,,00.000012280000,  19.92000,
,,,00.000012290000,  18.59200,
,,,00.000012300000,  17.26400,
,,,00.000012310000,  19.92000,
,,,00.000012320000,  18.59200,
,,,00.000012330000,  17.26400,
,,,00.000012340000,  17.26400,
,,,00.000012350000,  17.26400,
,,,00.000012360000,  17.26400,
,,,00.000012370000,  17.26400,
,,,00.000012380000,  15.93600,
,,,00.000012390000,  17.26400,
,,,00.000012400000,  17.26400,
,,,00.000012410000,  15.93600,
,,,00.000012420000,  17.26400,
,,,00.000012430000,  17.26400,
,,,00.000012440000,  17.26400,
,,,00.000012450000,  18.59200,
,,,00.000012460000,  17.26400,
,,,00.000012470000,  17.26400,
,,,00.000012480000,  17.26400,
,,,00.000012490000,  13.28000,
