time(ch1),voltage(ch1),time(ch2),voltage(ch2)
-0.0000125,-0.5688,-0.0000125,-6.432
-0.00001249,-0.5688,-0.00001249,-7.504
-0.00001248,-0.5688,-0.00001248,-5.36
-0.00001247,-0.632,-0.00001247,-7.504
-0.00001246,-0.632,-0.00001246,-5.36
-0.00001245,-0.5688,-0.00001245,-6.432
-0.00001244,-0.5056,-0.00001244,-5.36
-0.00001243,-0.5056,-0.00001243,-5.36
-0.00001242,-0.5688,-0.00001242,-6.432
-0.00001241,-0.5056,-0.00001241,-5.36
-0.0000124,-0.5056,-0.0000124,-4.288
-0.00001239,-0.5688,-0.00001239,-4.288
-0.00001238,-0.5688,-0.00001238,-4.288
-0.00001237,-0.5056,-0.00001237,-4.288
-0.00001236,-0.5688,-0.00001236,-5.36
-0.00001235,-0.5056,-0.00001235,-3.216
-0.00001234,-0.5056,-0.00001234,-5.36
-0.00001233,-0.5056,-0.00001233,-3.216
-0.00001232,-0.4424,-0.00001232,-2.144
-0.00001231,-0.5056,-0.00001231,-4.288
-0.0000123,-0.5056,-0.0000123,-5.36
-0.00001229,-0.5056,-0.00001229,-2.144
-0.00001228,-0.4424,-0.00001228,-2.144
-0.00001227,-0.5056,-0.00001227,-3.216
-0.00001226,-0.3792,-0.00001226,-3.216
-0.00001225,-0.3792,-0.00001225,-4.288
-0.00001224,-0.3792,-0.00001224,-1.072
-0.00001223,-0.3792,-0.00001223,-2.144
-0.00001222,-0.4424,-0.00001222,-4.288
-0.00001221,-0.3792,-0.00001221,-3.216
-0.0000122,-0.4424,-0.0000122,-2.144
-0.00001219,-0.3792,-0.00001219,1.072
-0.00001218,-0.3792,-0.00001218,-1.072
-0.00001217,-0.316,-0.00001217,0
-0.00001216,-0.3792,-0.00001216,-2.144
-0.00001215,-0.316,-0.00001215,-1.072
-0.00001214,-0.316,-0.00001214,2.144
-0.00001213,-0.4424,-0.00001213,1.072
-0.00001212,-0.316,-0.00001212,1.072
-0.00001211,-0.316,-0.00001211,2.144
-0.0000121,-0.2528,-0.0000121,1.072
-0.00001209,-0.316,-0.00001209,1.072
-0.00001208,-0.2528,-0.00001208,1.072
-0.00001207,-0.316,-0.00001207,2.144
-0.00001206,-0.2528,-0.00001206,0
-0.00001205,-0.2528,-0.00001205,1.072
-0.00001204,-0.2528,-0.00001204,1.072
-0.00001203,-0.316,-0.00001203,1.072
-0.00001202,-0.2528,-0.00001202,2.144
-0.00001201,-0.1896,-0.00001201,1.072
-0.000012,-0.1264,-0.000012,2.144
-0.00001199,-0.1896,-0.00001199,3.216
-0.00001198,-0.1896,-0.00001198,2.144
-0.00001197,-0.1896,-0.00001197,5.36
-0.00001196,-0.2528,-0.00001196,3.216
-0.00001195,-0.2528,-0.00001195,3.216
-0.00001194,-0.1264,-0.00001194,3.216
-0.00001193,-0.2528,-0.00001193,2.144
-0.00001192,-0.1896,-0.00001192,3.216
-0.00001191,-0.1264,-0.00001191,4.288
-0.0000119,-0.0632,-0.0000119,3.216
-0.00001189,-0.1896,-0.00001189,4.288
-0.00001188,-0.1896,-0.00001188,4.288
-0.00001187,-0.0632,-0.00001187,5.36
-0.00001186,-0.1264,-0.00001186,4.288
-0.00001185,-0.1264,-0.00001185,3.216
-0.00001184,-0.1264,-0.00001184,5.36
-0.00001183,-0.1896,-0.00001183,5.36
-0.00001182,-0.1264,-0.00001182,4.288
-0.00001181,-0.1264,-0.00001181,5.36
-0.0000118,-0.0632,-0.0000118,6.432
-0.00001179,0,-0.00001179,6.432
-0.00001178,-0.0632,-0.00001178,6.432
-0.00001177,-0.0632,-0.00001177,5.36
-0.00001176,-0.1264,-0.00001176,6.432
-0.00001175,0,-0.00001175,6.432
-0.00001174,0,-0.00001174,5.36
-0.00001173,0,-0.00001173,8.576
-0.00001172,0,-0.00001172,6.432
-0.00001171,-0.0632,-0.00001171,7.504
-0.0000117,0,-0.0000117,7.504
-0.00001169,0,-0.00001169,7.504
-0.00001168,-0.0632,-0.00001168,7.504
-0.00001167,0.0632,-0.00001167,8.576
-0.00001166,0,-0.00001166,8.576
-0.00001165,0,-0.00001165,7.504
-0.00001164,0.0632,-0.00001164,9.648
-0.00001163,0.0632,-0.00001163,9.648
-0.00001162,0.0632,-0.00001162,10.72
-0.00001161,0,-0.00001161,6.432
-0.0000116,0.0632,-0.0000116,7.504
-0.00001159,0.1264,-0.00001159,8.576
-0.00001158,0.0632,-0.00001158,10.72
-0.00001157,0.1264,-0.00001157,9.648
-0.00001156,0.1264,-0.00001156,10.72
-0.00001155,0.0632,-0.00001155,9.648
-0.00001154,0.1264,-0.00001154,10.72
-0.00001153,0.1264,-0.00001153,9.648
-0.00001152,0.0632,-0.00001152,10.72
-0.00001151,0.0632,-0.00001151,9.648
-0.0000115,0.1896,-0.0000115,10.72
-0.00001149,0.1896,-0.00001149,10.72
-0.00001148,0.1264,-0.00001148,11.792
-0.00001147,0.1264,-0.00001147,11.792
-0.00001146,0.1264,-0.00001146,10.72
-0.00001145,0.2528,-0.00001145,11.792
-0.00001144,0.1896,-0.00001144,11.792
-0.00001143,0.1896,-0.00001143,11.792
-0.00001142,0.2528,-0.00001142,10.72
-0.00001141,0.1896,-0.00001141,13.936
-0.0000114,0.1896,-0.0000114,12.864
-0.00001139,0.1264,-0.00001139,12.864
-0.00001138,0.1896,-0.00001138,13.936
-0.00001137,0.2528,-0.00001137,11.792
-0.00001136,0.2528,-0.00001136,11.792
-0.00001135,0.316,-0.00001135,12.864
-0.00001134,0.2528,-0.00001134,15.008
-0.00001133,0.2528,-0.00001133,13.936
-0.00001132,0.316,-0.00001132,12.864
-0.00001131,0.2528,-0.00001131,15.008
-0.0000113,0.316,-0.0000113,17.152
-0.00001129,0.316,-0.00001129,16.08
-0.00001128,0.316,-0.00001128,13.936
-0.00001127,0.2528,-0.00001127,15.008
-0.00001126,0.316,-0.00001126,13.936
-0.00001125,0.316,-0.00001125,15.008
-0.00001124,0.3792,-0.00001124,17.152
-0.00001123,0.3792,-0.00001123,15.008
-0.00001122,0.3792,-0.00001122,16.08
-0.00001121,0.3792,-0.00001121,13.936
-0.0000112,0.4424,-0.0000112,17.152
-0.00001119,0.4424,-0.00001119,16.08
-0.00001118,0.5056,-0.00001118,17.152
-0.00001117,0.3792,-0.00001117,16.08
-0.00001116,0.316,-0.00001116,16.08
-0.00001115,0.4424,-0.00001115,16.08
-0.00001114,0.3792,-0.00001114,17.152
-0.00001113,0.3792,-0.00001113,16.08
-0.00001112,0.4424,-0.00001112,20.368
-0.00001111,0.3792,-0.00001111,17.152
-0.0000111,0.5056,-0.0000111,19.296
-0.00001109,0.3792,-0.00001109,17.152
-0.00001108,0.3792,-0.00001108,16.08
-0.00001107,0.4424,-0.00001107,17.152
-0.00001106,0.5688,-0.00001106,17.152
-0.00001105,0.5688,-0.00001105,18.224
-0.00001104,0.3792,-0.00001104,18.224
-0.00001103,0.4424,-0.00001103,18.224
-0.00001102,0.5056,-0.00001102,17.152
-0.00001101,0.5056,-0.00001101,20.368
-0.000011,0.5688,-0.000011,20.368
-0.00001099,0.5688,-0.00001099,18.224
-0.00001098,0.632,-0.00001098,20.368
-0.00001097,0.5056,-0.00001097,18.224
-0.00001096,0.5688,-0.00001096,19.296
-0.00001095,0.632,-0.00001095,20.368
-0.00001094,0.5056,-0.00001094,19.296
-0.00001093,0.5688,-0.00001093,18.224
-0.00001092,0.632,-0.00001092,21.44
-0.00001091,0.5688,-0.00001091,19.296
-0.0000109,0.632,-0.0000109,20.368
-0.00001089,0.632,-0.00001089,21.44
-0.00001088,0.7584,-0.00001088,21.44
-0.00001087,0.632,-0.00001087,20.368
-0.00001086,0.5688,-0.00001086,20.368
-0.00001085,0.632,-0.00001085,20.368
-0.00001084,0.5688,-0.00001084,21.44
-0.00001083,0.632,-0.00001083,20.368
-0.00001082,0.632,-0.00001082,20.368
-0.00001081,0.632,-0.00001081,22.512
-0.0000108,0.6952,-0.0000108,20.368
-0.00001079,0.632,-0.00001079,21.44
-0.00001078,0.632,-0.00001078,22.512
-0.00001077,0.6952,-0.00001077,21.44
-0.00001076,0.6952,-0.00001076,20.368
-0.00001075,0.6952,-0.00001075,22.512
-0.00001074,0.6952,-0.00001074,23.584
-0.00001073,0.7584,-0.00001073,22.512
-0.00001072,0.632,-0.00001072,21.44
-0.00001071,0.6952,-0.00001071,21.44
-0.0000107,0.7584,-0.0000107,22.512
-0.00001069,0.6952,-0.00001069,21.44
-0.00001068,0.8216,-0.00001068,23.584
-0.00001067,0.6952,-0.00001067,22.512
-0.00001066,0.632,-0.00001066,23.584
-0.00001065,0.6952,-0.00001065,22.512
-0.00001064,0.7584,-0.00001064,24.656
-0.00001063,0.7584,-0.00001063,23.584
-0.00001062,0.8216,-0.00001062,24.656
-0.00001061,0.8216,-0.00001061,23.584
-0.0000106,0.8216,-0.0000106,23.584
-0.00001059,0.6952,-0.00001059,25.728
-0.00001058,0.7584,-0.00001058,23.584
-0.00001057,0.7584,-0.00001057,23.584
-0.00001056,0.8216,-0.00001056,23.584
-0.00001055,0.7584,-0.00001055,25.728
-0.00001054,0.8216,-0.00001054,24.656
-0.00001053,0.8216,-0.00001053,25.728
-0.00001052,0.7584,-0.00001052,24.656
-0.00001051,0.7584,-0.00001051,22.512
-0.0000105,0.8848,-0.0000105,25.728
-0.00001049,0.8216,-0.00001049,25.728
-0.00001048,0.7584,-0.00001048,23.584
-0.00001047,0.8848,-0.00001047,25.728
-0.00001046,0.8216,-0.00001046,26.8
-0.00001045,0.8848,-0.00001045,26.8
-0.00001044,0.8848,-0.00001044,26.8
-0.00001043,0.948,-0.00001043,27.872
-0.00001042,0.8216,-0.00001042,27.872
-0.00001041,0.8848,-0.00001041,26.8
-0.0000104,0.8848,-0.0000104,23.584
-0.00001039,0.8848,-0.00001039,26.8
-0.00001038,0.8848,-0.00001038,24.656
-0.00001037,0.8848,-0.00001037,25.728
-0.00001036,0.8848,-0.00001036,27.872
-0.00001035,0.8848,-0.00001035,24.656
-0.00001034,0.8848,-0.00001034,26.8
-0.00001033,0.8848,-0.00001033,25.728
-0.00001032,0.8848,-0.00001032,25.728
-0.00001031,0.948,-0.00001031,27.872
-0.0000103,1.0112,-0.0000103,28.944
-0.00001029,0.948,-0.00001029,27.872
-0.00001028,0.8848,-0.00001028,25.728
-0.00001027,1.0744,-0.00001027,26.8
-0.00001026,1.0112,-0.00001026,27.872
-0.00001025,1.0112,-0.00001025,26.8
-0.00001024,0.948,-0.00001024,25.728
-0.00001023,1.0112,-0.00001023,27.872
-0.00001022,0.948,-0.00001022,26.8
-0.00001021,1.0744,-0.00001021,26.8
-0.0000102,1.0744,-0.0000102,28.944
-0.00001019,1.0112,-0.00001019,28.944
-0.00001018,0.948,-0.00001018,25.728
-0.00001017,1.0744,-0.00001017,27.872
-0.00001016,1.0744,-0.00001016,27.872
-0.00001015,1.0112,-0.00001015,26.8
-0.00001014,1.0744,-0.00001014,27.872
-0.00001013,1.0744,-0.00001013,28.944
-0.00001012,1.0744,-0.00001012,30.016
-0.00001011,1.0744,-0.00001011,27.872
-0.0000101,1.0744,-0.0000101,28.944
-0.00001009,1.0744,-0.00001009,26.8
-0.00001008,1.0744,-0.00001008,26.8
-0.00001007,1.0744,-0.00001007,28.944
-0.00001006,1.0744,-0.00001006,28.944
-0.00001005,1.0744,-0.00001005,28.944
-0.00001004,1.0112,-0.00001004,28.944
-0.00001003,1.1376,-0.00001003,27.872
-0.00001002,1.1376,-0.00001002,28.944
-0.00001001,1.1376,-0.00001001,27.872
-0.00001,1.0744,-0.00001,27.872
-0.00000999,1.2008,-0.00000999,27.872
-0.00000998,1.0744,-0.00000998,27.872
-0.00000997,1.0744,-0.00000997,28.944
-0.00000996,1.0744,-0.00000996,27.872
-0.00000995,1.0112,-0.00000995,27.872
-0.00000994,1.0744,-0.00000994,27.872
-0.00000993,1.0744,-0.00000993,30.016
-0.00000992,1.1376,-0.00000992,30.016
-0.00000991,1.0744,-0.00000991,28.944
-0.0000099,1.2008,-0.0000099,30.016
-0.00000989,1.2008,-0.00000989,31.088
-0.00000988,1.1376,-0.00000988,28.944
-0.00000987,1.0744,-0.00000987,30.016
-0.00000986,1.2008,-0.00000986,28.944
-0.00000985,1.2008,-0.00000985,27.872
-0.00000984,1.1376,-0.00000984,28.944
-0.00000983,1.1376,-0.00000983,28.944
-0.00000982,1.1376,-0.00000982,28.944
-0.00000981,1.1376,-0.00000981,30.016
-0.0000098,1.1376,-0.0000098,28.944
-0.00000979,1.0744,-0.00000979,27.872
-0.00000978,1.1376,-0.00000978,28.944
-0.00000977,1.2008,-0.00000977,31.088
-0.00000976,1.1376,-0.00000976,27.872
-0.00000975,1.264,-0.00000975,30.016
-0.00000974,1.2008,-0.00000974,28.944
-0.00000973,1.2008,-0.00000973,27.872
-0.00000972,1.1376,-0.00000972,26.8
-0.00000971,1.1376,-0.00000971,28.944
-0.0000097,1.0744,-0.0000097,27.872
-0.00000969,1.264,-0.00000969,31.088
-0.00000968,1.2008,-0.00000968,30.016
-0.00000967,1.1376,-0.00000967,30.016
-0.00000966,1.2008,-0.00000966,28.944
-0.00000965,1.2008,-0.00000965,30.016
-0.00000964,1.264,-0.00000964,30.016
-0.00000963,1.2008,-0.00000963,26.8
-0.00000962,1.2008,-0.00000962,30.016
-0.00000961,1.2008,-0.00000961,30.016
-0.0000096,1.264,-0.0000096,30.016
-0.00000959,1.2008,-0.00000959,30.016
-0.00000958,1.2008,-0.00000958,28.944
-0.00000957,1.264,-0.00000957,30.016
-0.00000956,1.2008,-0.00000956,28.944
-0.00000955,1.264,-0.00000955,28.944
-0.00000954,1.2008,-0.00000954,28.944
-0.00000953,1.2008,-0.00000953,30.016
-0.00000952,1.264,-0.00000952,27.872
-0.00000951,1.264,-0.00000951,28.944
-0.0000095,1.2008,-0.0000095,27.872
-0.00000949,1.2008,-0.00000949,27.872
-0.00000948,1.264,-0.00000948,27.872
-0.00000947,1.264,-0.00000947,30.016
-0.00000946,1.264,-0.00000946,28.944
-0.00000945,1.2008,-0.00000945,27.872
-0.00000944,1.264,-0.00000944,28.944
-0.00000943,1.2008,-0.00000943,32.16
-0.00000942,1.264,-0.00000942,30.016
-0.00000941,1.2008,-0.00000941,28.944
-0.0000094,1.2008,-0.0000094,28.944
-0.00000939,1.2008,-0.00000939,26.8
-0.00000938,1.264,-0.00000938,30.016
-0.00000937,1.3272,-0.00000937,28.944
-0.00000936,1.1376,-0.00000936,31.088
-0.00000935,1.2008,-0.00000935,28.944
-0.00000934,1.2008,-0.00000934,28.944
-0.00000933,1.2008,-0.00000933,26.8
-0.00000932,1.264,-0.00000932,27.872
-0.00000931,1.2008,-0.00000931,30.016
-0.0000093,1.2008,-0.0000093,30.016
-0.00000929,1.2008,-0.00000929,28.944
-0.00000928,1.264,-0.00000928,30.016
-0.00000927,1.3272,-0.00000927,27.872
-0.00000926,1.3272,-0.00000926,30.016
-0.00000925,1.264,-0.00000925,27.872
-0.00000924,1.264,-0.00000924,30.016
-0.00000923,1.264,-0.00000923,27.872
-0.00000922,1.3272,-0.00000922,28.944
-0.00000921,1.264,-0.00000921,27.872
-0.0000092,1.3272,-0.0000092,28.944
-0.00000919,1.264,-0.00000919,30.016
-0.00000918,1.264,-0.00000918,28.944
-0.00000917,1.3272,-0.00000917,28.944
-0.00000916,1.264,-0.00000916,27.872
-0.00000915,1.2008,-0.00000915,27.872
-0.00000914,1.264,-0.00000914,32.16
-0.00000913,1.1376,-0.00000913,26.8
-0.00000912,1.264,-0.00000912,30.016
-0.00000911,1.264,-0.00000911,27.872
-0.0000091,1.2008,-0.0000091,28.944
-0.00000909,1.3272,-0.00000909,27.872
-0.00000908,1.3904,-0.00000908,27.872
-0.00000907,1.3272,-0.00000907,26.8
-0.00000906,1.2008,-0.00000906,27.872
-0.00000905,1.264,-0.00000905,26.8
-0.00000904,1.3272,-0.00000904,27.872
-0.00000903,1.3272,-0.00000903,27.872
-0.00000902,1.3272,-0.00000902,26.8
-0.00000901,1.264,-0.00000901,26.8
-0.000009,1.3904,-0.000009,27.872
-0.00000899,1.264,-0.00000899,27.872
-0.00000898,1.264,-0.00000898,27.872
-0.00000897,1.264,-0.00000897,28.944
-0.00000896,1.264,-0.00000896,27.872
-0.00000895,1.2008,-0.00000895,27.872
-0.00000894,1.3272,-0.00000894,27.872
-0.00000893,1.2008,-0.00000893,26.8
-0.00000892,1.2008,-0.00000892,26.8
-0.00000891,1.3272,-0.00000891,27.872
-0.0000089,1.3904,-0.0000089,30.016
-0.00000889,1.264,-0.00000889,25.728
-0.00000888,1.264,-0.00000888,26.8
-0.00000887,1.264,-0.00000887,26.8
-0.00000886,1.3904,-0.00000886,25.728
-0.00000885,1.264,-0.00000885,26.8
-0.00000884,1.264,-0.00000884,25.728
-0.00000883,1.2008,-0.00000883,25.728
-0.00000882,1.264,-0.00000882,25.728
-0.00000881,1.264,-0.00000881,26.8
-0.0000088,1.264,-0.0000088,26.8
-0.00000879,1.2008,-0.00000879,27.872
-0.00000878,1.264,-0.00000878,25.728
-0.00000877,1.264,-0.00000877,25.728
-0.00000876,1.264,-0.00000876,24.656
-0.00000875,1.264,-0.00000875,25.728
-0.00000874,1.264,-0.00000874,24.656
-0.00000873,1.1376,-0.00000873,24.656
-0.00000872,1.2008,-0.00000872,25.728
-0.00000871,1.2008,-0.00000871,25.728
-0.0000087,1.264,-0.0000087,24.656
-0.00000869,1.2008,-0.00000869,25.728
-0.00000868,1.2008,-0.00000868,23.584
-0.00000867,1.264,-0.00000867,24.656
-0.00000866,1.264,-0.00000866,25.728
-0.00000865,1.264,-0.00000865,24.656
-0.00000864,1.2008,-0.00000864,24.656
-0.00000863,1.2008,-0.00000863,24.656
-0.00000862,1.2008,-0.00000862,23.584
-0.00000861,1.2008,-0.00000861,24.656
-0.0000086,1.2008,-0.0000086,23.584
-0.00000859,1.1376,-0.00000859,22.512
-0.00000858,1.264,-0.00000858,23.584
-0.00000857,1.2008,-0.00000857,23.584
-0.00000856,1.264,-0.00000856,23.584
-0.00000855,1.2008,-0.00000855,23.584
-0.00000854,1.1376,-0.00000854,22.512
-0.00000853,1.2008,-0.00000853,22.512
-0.00000852,1.2008,-0.00000852,22.512
-0.00000851,1.1376,-0.00000851,22.512
-0.0000085,1.1376,-0.0000085,22.512
-0.00000849,1.1376,-0.00000849,21.44
-0.00000848,1.2008,-0.00000848,24.656
-0.00000847,1.264,-0.00000847,21.44
-0.00000846,1.264,-0.00000846,21.44
-0.00000845,1.1376,-0.00000845,22.512
-0.00000844,1.1376,-0.00000844,25.728
-0.00000843,1.1376,-0.00000843,21.44
-0.00000842,1.2008,-0.00000842,20.368
-0.00000841,1.1376,-0.00000841,21.44
-0.0000084,1.2008,-0.0000084,21.44
-0.00000839,1.1376,-0.00000839,22.512
-0.00000838,1.1376,-0.00000838,23.584
-0.00000837,1.1376,-0.00000837,23.584
-0.00000836,1.1376,-0.00000836,19.296
-0.00000835,1.0744,-0.00000835,19.296
-0.00000834,1.1376,-0.00000834,20.368
-0.00000833,1.1376,-0.00000833,22.512
-0.00000832,1.1376,-0.00000832,20.368
-0.00000831,1.0744,-0.00000831,22.512
-0.0000083,1.0112,-0.0000083,20.368
-0.00000829,1.1376,-0.00000829,19.296
-0.00000828,1.0744,-0.00000828,20.368
-0.00000827,1.2008,-0.00000827,18.224
-0.00000826,1.0112,-0.00000826,17.152
-0.00000825,1.0744,-0.00000825,17.152
-0.00000824,1.0744,-0.00000824,21.44
-0.00000823,1.1376,-0.00000823,20.368
-0.00000822,1.1376,-0.00000822,18.224
-0.00000821,1.0744,-0.00000821,20.368
-0.0000082,1.0744,-0.0000082,18.224
-0.00000819,1.0112,-0.00000819,19.296
-0.00000818,1.1376,-0.00000818,17.152
-0.00000817,1.1376,-0.00000817,17.152
-0.00000816,1.0112,-0.00000816,17.152
-0.00000815,1.0744,-0.00000815,19.296
-0.00000814,1.0112,-0.00000814,19.296
-0.00000813,1.0112,-0.00000813,18.224
-0.00000812,1.0112,-0.00000812,17.152
-0.00000811,1.0744,-0.00000811,17.152
-0.0000081,1.0744,-0.0000081,18.224
-0.00000809,1.0744,-0.00000809,16.08
-0.00000808,1.0744,-0.00000808,19.296
-0.00000807,1.0112,-0.00000807,16.08
-0.00000806,0.948,-0.00000806,18.224
-0.00000805,1.0744,-0.00000805,16.08
-0.00000804,1.0112,-0.00000804,16.08
-0.00000803,1.0744,-0.00000803,18.224
-0.00000802,1.0112,-0.00000802,15.008
-0.00000801,1.1376,-0.00000801,16.08
-0.000008,1.0112,-0.000008,17.152
-0.00000799,1.0112,-0.00000799,16.08
-0.00000798,1.0112,-0.00000798,16.08
-0.00000797,0.8848,-0.00000797,15.008
-0.00000796,0.8848,-0.00000796,16.08
-0.00000795,1.0112,-0.00000795,16.08
-0.00000794,1.0112,-0.00000794,16.08
-0.00000793,1.0744,-0.00000793,17.152
-0.00000792,0.948,-0.00000792,15.008
-0.00000791,1.0744,-0.00000791,16.08
-0.0000079,0.948,-0.0000079,15.008
-0.00000789,0.8848,-0.00000789,16.08
-0.00000788,0.948,-0.00000788,16.08
-0.00000787,0.8848,-0.00000787,15.008
-0.00000786,0.8848,-0.00000786,11.792
-0.00000785,0.8848,-0.00000785,15.008
-0.00000784,0.948,-0.00000784,13.936
-0.00000783,0.8848,-0.00000783,12.864
-0.00000782,0.8848,-0.00000782,15.008
-0.00000781,0.8848,-0.00000781,11.792
-0.0000078,0.8848,-0.0000078,12.864
-0.00000779,0.8848,-0.00000779,12.864
-0.00000778,0.8848,-0.00000778,11.792
-0.00000777,0.948,-0.00000777,12.864
-0.00000776,0.8216,-0.00000776,12.864
-0.00000775,0.8848,-0.00000775,11.792
-0.00000774,0.7584,-0.00000774,9.648
-0.00000773,0.8848,-0.00000773,11.792
-0.00000772,0.7584,-0.00000772,9.648
-0.00000771,0.8216,-0.00000771,10.72
-0.0000077,0.8216,-0.0000077,10.72
-0.00000769,0.8216,-0.00000769,11.792
-0.00000768,0.8216,-0.00000768,12.864
-0.00000767,0.8216,-0.00000767,10.72
-0.00000766,0.8216,-0.00000766,11.792
-0.00000765,0.7584,-0.00000765,10.72
-0.00000764,0.8848,-0.00000764,9.648
-0.00000763,0.7584,-0.00000763,7.504
-0.00000762,0.8216,-0.00000762,11.792
-0.00000761,0.8216,-0.00000761,10.72
-0.0000076,0.7584,-0.0000076,10.72
-0.00000759,0.7584,-0.00000759,8.576
-0.00000758,0.8216,-0.00000758,10.72
-0.00000757,0.8216,-0.00000757,10.72
-0.00000756,0.8216,-0.00000756,8.576
-0.00000755,0.6952,-0.00000755,7.504
-0.00000754,0.6952,-0.00000754,7.504
-0.00000753,0.7584,-0.00000753,7.504
-0.00000752,0.7584,-0.00000752,9.648
-0.00000751,0.6952,-0.00000751,7.504
-0.0000075,0.6952,-0.0000075,6.432
-0.00000749,0.8216,-0.00000749,8.576
-0.00000748,0.7584,-0.00000748,6.432
-0.00000747,0.632,-0.00000747,8.576
-0.00000746,0.6952,-0.00000746,6.432
-0.00000745,0.632,-0.00000745,8.576
-0.00000744,0.6952,-0.00000744,7.504
-0.00000743,0.632,-0.00000743,7.504
-0.00000742,0.632,-0.00000742,5.36
-0.00000741,0.632,-0.00000741,7.504
-0.0000074,0.632,-0.0000074,5.36
-0.00000739,0.632,-0.00000739,6.432
-0.00000738,0.632,-0.00000738,6.432
-0.00000737,0.632,-0.00000737,5.36
-0.00000736,0.632,-0.00000736,5.36
-0.00000735,0.632,-0.00000735,6.432
-0.00000734,0.632,-0.00000734,6.432
-0.00000733,0.5688,-0.00000733,4.288
-0.00000732,0.5056,-0.00000732,6.432
-0.00000731,0.5056,-0.00000731,3.216
-0.0000073,0.5688,-0.0000073,3.216
-0.00000729,0.5688,-0.00000729,5.36
-0.00000728,0.5056,-0.00000728,3.216
-0.00000727,0.4424,-0.00000727,2.144
-0.00000726,0.5056,-0.00000726,4.288
-0.00000725,0.5056,-0.00000725,4.288
-0.00000724,0.632,-0.00000724,2.144
-0.00000723,0.5056,-0.00000723,4.288
-0.00000722,0.5688,-0.00000722,3.216
-0.00000721,0.4424,-0.00000721,0
-0.0000072,0.5056,-0.0000072,4.288
-0.00000719,0.5688,-0.00000719,3.216
-0.00000718,0.4424,-0.00000718,3.216
-0.00000717,0.4424,-0.00000717,1.072
-0.00000716,0.4424,-0.00000716,3.216
-0.00000715,0.4424,-0.00000715,1.072
-0.00000714,0.4424,-0.00000714,0
-0.00000713,0.4424,-0.00000713,2.144
-0.00000712,0.4424,-0.00000712,0
-0.00000711,0.3792,-0.00000711,-1.072
-0.0000071,0.4424,-0.0000071,1.072
-0.00000709,0.5056,-0.00000709,1.072
-0.00000708,0.3792,-0.00000708,1.072
-0.00000707,0.3792,-0.00000707,-1.072
-0.00000706,0.3792,-0.00000706,-2.144
-0.00000705,0.3792,-0.00000705,0
-0.00000704,0.4424,-0.00000704,0
-0.00000703,0.3792,-0.00000703,-2.144
-0.00000702,0.4424,-0.00000702,0
-0.00000701,0.316,-0.00000701,-2.144
-0.000007,0.3792,-0.000007,-1.072
-0.00000699,0.3792,-0.00000699,-2.144
-0.00000698,0.316,-0.00000698,0
-0.00000697,0.3792,-0.00000697,-3.216
-0.00000696,0.3792,-0.00000696,-1.072
-0.00000695,0.316,-0.00000695,-2.144
-0.00000694,0.316,-0.00000694,-3.216
-0.00000693,0.316,-0.00000693,-2.144
-0.00000692,0.3792,-0.00000692,-1.072
-0.00000691,0.2528,-0.00000691,-3.216
-0.0000069,0.316,-0.0000069,-1.072
-0.00000689,0.2528,-0.00000689,-4.288
-0.00000688,0.2528,-0.00000688,-3.216
-0.00000687,0.2528,-0.00000687,-2.144
-0.00000686,0.1896,-0.00000686,-3.216
-0.00000685,0.2528,-0.00000685,-3.216
-0.00000684,0.2528,-0.00000684,-3.216
-0.00000683,0.1896,-0.00000683,-4.288
-0.00000682,0.1264,-0.00000682,-3.216
-0.00000681,0.2528,-0.00000681,-6.432
-0.0000068,0.1896,-0.0000068,-5.36
-0.00000679,0.1896,-0.00000679,-5.36
-0.00000678,0.2528,-0.00000678,-6.432
-0.00000677,0.1896,-0.00000677,-7.504
-0.00000676,0.1264,-0.00000676,-4.288
-0.00000675,0.1896,-0.00000675,-5.36
-0.00000674,0.1896,-0.00000674,-5.36
-0.00000673,0.1264,-0.00000673,-6.432
-0.00000672,0.1896,-0.00000672,-5.36
-0.00000671,0.1264,-0.00000671,-6.432
-0.0000067,0.0632,-0.0000067,-5.36
-0.00000669,0.1896,-0.00000669,-7.504
-0.00000668,0.1264,-0.00000668,-7.504
-0.00000667,0.1896,-0.00000667,-7.504
-0.00000666,0.0632,-0.00000666,-8.576
-0.00000665,0.1896,-0.00000665,-8.576
-0.00000664,0,-0.00000664,-8.576
-0.00000663,0.0632,-0.00000663,-4.288
-0.00000662,0,-0.00000662,-8.576
-0.00000661,0.0632,-0.00000661,-9.648
-0.0000066,0.0632,-0.0000066,-7.504
-0.00000659,0.0632,-0.00000659,-8.576
-0.00000658,0.0632,-0.00000658,-5.36
-0.00000657,0,-0.00000657,-10.72
-0.00000656,-0.0632,-0.00000656,-8.576
-0.00000655,0.0632,-0.00000655,-8.576
-0.00000654,0,-0.00000654,-9.648
-0.00000653,0,-0.00000653,-11.792
-0.00000652,0,-0.00000652,-8.576
-0.00000651,0,-0.00000651,-10.72
-0.0000065,0,-0.0000065,-10.72
-0.00000649,0.0632,-0.00000649,-7.504
-0.00000648,-0.0632,-0.00000648,-9.648
-0.00000647,-0.0632,-0.00000647,-9.648
-0.00000646,-0.0632,-0.00000646,-9.648
-0.00000645,-0.1264,-0.00000645,-11.792
-0.00000644,-0.1896,-0.00000644,-11.792
-0.00000643,-0.1264,-0.00000643,-11.792
-0.00000642,-0.0632,-0.00000642,-10.72
-0.00000641,0,-0.00000641,-12.864
-0.0000064,-0.0632,-0.0000064,-11.792
-0.00000639,-0.1264,-0.00000639,-9.648
-0.00000638,-0.1896,-0.00000638,-11.792
-0.00000637,-0.1896,-0.00000637,-12.864
-0.00000636,-0.1896,-0.00000636,-13.936
-0.00000635,-0.1896,-0.00000635,-11.792
-0.00000634,-0.1264,-0.00000634,-11.792
-0.00000633,-0.1896,-0.00000633,-12.864
-0.00000632,-0.2528,-0.00000632,-15.008
-0.00000631,-0.1264,-0.00000631,-18.224
-0.0000063,-0.1896,-0.0000063,-11.792
-0.00000629,-0.1896,-0.00000629,-12.864
-0.00000628,-0.1896,-0.00000628,-12.864
-0.00000627,-0.1896,-0.00000627,-15.008
-0.00000626,-0.2528,-0.00000626,-15.008
-0.00000625,-0.0632,-0.00000625,-13.936
-0.00000624,-0.1896,-0.00000624,-13.936
-0.00000623,-0.2528,-0.00000623,-13.936
-0.00000622,-0.2528,-0.00000622,-13.936
-0.00000621,-0.316,-0.00000621,-13.936
-0.0000062,-0.1896,-0.0000062,-15.008
-0.00000619,-0.2528,-0.00000619,-16.08
-0.00000618,-0.1896,-0.00000618,-13.936
-0.00000617,-0.316,-0.00000617,-15.008
-0.00000616,-0.2528,-0.00000616,-13.936
-0.00000615,-0.316,-0.00000615,-15.008
-0.00000614,-0.3792,-0.00000614,-16.08
-0.00000613,-0.2528,-0.00000613,-12.864
-0.00000612,-0.3792,-0.00000612,-17.152
-0.00000611,-0.316,-0.00000611,-16.08
-0.0000061,-0.2528,-0.0000061,-17.152
-0.00000609,-0.3792,-0.00000609,-15.008
-0.00000608,-0.316,-0.00000608,-17.152
-0.00000607,-0.316,-0.00000607,-16.08
-0.00000606,-0.3792,-0.00000606,-15.008
-0.00000605,-0.3792,-0.00000605,-16.08
-0.00000604,-0.3792,-0.00000604,-17.152
-0.00000603,-0.2528,-0.00000603,-16.08
-0.00000602,-0.4424,-0.00000602,-17.152
-0.00000601,-0.3792,-0.00000601,-17.152
-0.000006,-0.316,-0.000006,-18.224
-0.00000599,-0.3792,-0.00000599,-17.152
-0.00000598,-0.4424,-0.00000598,-18.224
-0.00000597,-0.4424,-0.00000597,-16.08
-0.00000596,-0.3792,-0.00000596,-17.152
-0.00000595,-0.5056,-0.00000595,-19.296
-0.00000594,-0.4424,-0.00000594,-20.368
-0.00000593,-0.4424,-0.00000593,-18.224
-0.00000592,-0.5056,-0.00000592,-20.368
-0.00000591,-0.4424,-0.00000591,-19.296
-0.0000059,-0.5056,-0.0000059,-19.296
-0.00000589,-0.5056,-0.00000589,-19.296
-0.00000588,-0.5056,-0.00000588,-20.368
-0.00000587,-0.5056,-0.00000587,-20.368
-0.00000586,-0.5056,-0.00000586,-18.224
-0.00000585,-0.4424,-0.00000585,-18.224
-0.00000584,-0.632,-0.00000584,-19.296
-0.00000583,-0.5688,-0.00000583,-21.44
-0.00000582,-0.5056,-0.00000582,-19.296
-0.00000581,-0.5688,-0.00000581,-20.368
-0.0000058,-0.5056,-0.0000058,-20.368
-0.00000579,-0.5056,-0.00000579,-21.44
-0.00000578,-0.5056,-0.00000578,-20.368
-0.00000577,-0.5056,-0.00000577,-20.368
-0.00000576,-0.5688,-0.00000576,-22.512
-0.00000575,-0.5688,-0.00000575,-22.512
-0.00000574,-0.5688,-0.00000574,-23.584
-0.00000573,-0.5688,-0.00000573,-21.44
-0.00000572,-0.632,-0.00000572,-20.368
-0.00000571,-0.5688,-0.00000571,-21.44
-0.0000057,-0.5688,-0.0000057,-22.512
-0.00000569,-0.632,-0.00000569,-21.44
-0.00000568,-0.5688,-0.00000568,-19.296
-0.00000567,-0.6952,-0.00000567,-22.512
-0.00000566,-0.632,-0.00000566,-21.44
-0.00000565,-0.6952,-0.00000565,-24.656
-0.00000564,-0.632,-0.00000564,-21.44
-0.00000563,-0.632,-0.00000563,-21.44
-0.00000562,-0.6952,-0.00000562,-22.512
-0.00000561,-0.632,-0.00000561,-22.512
-0.0000056,-0.6952,-0.0000056,-23.584
-0.00000559,-0.6952,-0.00000559,-21.44
-0.00000558,-0.632,-0.00000558,-23.584
-0.00000557,-0.632,-0.00000557,-23.584
-0.00000556,-0.6952,-0.00000556,-24.656
-0.00000555,-0.6952,-0.00000555,-23.584
-0.00000554,-0.6952,-0.00000554,-24.656
-0.00000553,-0.7584,-0.00000553,-22.512
-0.00000552,-0.8216,-0.00000552,-25.728
-0.00000551,-0.6952,-0.00000551,-22.512
-0.0000055,-0.632,-0.0000055,-23.584
-0.00000549,-0.7584,-0.00000549,-23.584
-0.00000548,-0.632,-0.00000548,-24.656
-0.00000547,-0.7584,-0.00000547,-24.656
-0.00000546,-0.6952,-0.00000546,-23.584
-0.00000545,-0.8848,-0.00000545,-24.656
-0.00000544,-0.8216,-0.00000544,-24.656
-0.00000543,-0.7584,-0.00000543,-26.8
-0.00000542,-0.8216,-0.00000542,-25.728
-0.00000541,-0.8848,-0.00000541,-24.656
-0.0000054,-0.8848,-0.0000054,-22.512
-0.00000539,-0.8216,-0.00000539,-25.728
-0.00000538,-0.8848,-0.00000538,-25.728
-0.00000537,-0.7584,-0.00000537,-26.8
-0.00000536,-0.8216,-0.00000536,-25.728
-0.00000535,-0.8216,-0.00000535,-22.512
-0.00000534,-0.8216,-0.00000534,-25.728
-0.00000533,-0.948,-0.00000533,-26.8
-0.00000532,-0.8216,-0.00000532,-30.016
-0.00000531,-0.8216,-0.00000531,-25.728
-0.0000053,-0.8216,-0.0000053,-25.728
-0.00000529,-0.8216,-0.00000529,-23.584
-0.00000528,-0.948,-0.00000528,-25.728
-0.00000527,-0.8848,-0.00000527,-27.872
-0.00000526,-0.7584,-0.00000526,-26.8
-0.00000525,-0.8216,-0.00000525,-24.656
-0.00000524,-0.8216,-0.00000524,-24.656
-0.00000523,-0.8216,-0.00000523,-26.8
-0.00000522,-0.8848,-0.00000522,-25.728
-0.00000521,-0.8216,-0.00000521,-26.8
-0.0000052,-0.8848,-0.0000052,-25.728
-0.00000519,-0.948,-0.00000519,-26.8
-0.00000518,-0.8848,-0.00000518,-23.584
-0.00000517,-0.8848,-0.00000517,-25.728
-0.00000516,-0.8848,-0.00000516,-26.8
-0.00000515,-1.0112,-0.00000515,-25.728
-0.00000514,-0.8848,-0.00000514,-26.8
-0.00000513,-0.8848,-0.00000513,-28.944
-0.00000512,-0.8848,-0.00000512,-27.872
-0.00000511,-0.8848,-0.00000511,-25.728
-0.0000051,-0.8848,-0.0000051,-26.8
-0.00000509,-0.948,-0.00000509,-27.872
-0.00000508,-0.948,-0.00000508,-26.8
-0.00000507,-0.8848,-0.00000507,-27.872
-0.00000506,-0.8216,-0.00000506,-28.944
-0.00000505,-0.948,-0.00000505,-30.016
-0.00000504,-0.8848,-0.00000504,-30.016
-0.00000503,-0.948,-0.00000503,-27.872
-0.00000502,-0.948,-0.00000502,-27.872
-0.00000501,-0.8848,-0.00000501,-27.872
-0.000005,-1.0112,-0.000005,-25.728
-0.00000499,-0.948,-0.00000499,-28.944
-0.00000498,-1.0112,-0.00000498,-26.8
-0.00000497,-1.0112,-0.00000497,-25.728
-0.00000496,-1.1376,-0.00000496,-26.8
-0.00000495,-0.948,-0.00000495,-26.8
-0.00000494,-0.948,-0.00000494,-27.872
-0.00000493,-1.0112,-0.00000493,-27.872
-0.00000492,-1.0744,-0.00000492,-26.8
-0.00000491,-0.948,-0.00000491,-27.872
-0.0000049,-1.0112,-0.0000049,-26.8
-0.00000489,-1.0112,-0.00000489,-28.944
-0.00000488,-1.0112,-0.00000488,-26.8
-0.00000487,-1.0744,-0.00000487,-28.944
-0.00000486,-0.948,-0.00000486,-28.944
-0.00000485,-1.0744,-0.00000485,-27.872
-0.00000484,-1.0744,-0.00000484,-27.872
-0.00000483,-1.0744,-0.00000483,-28.944
-0.00000482,-1.0744,-0.00000482,-28.944
-0.00000481,-1.0744,-0.00000481,-28.944
-0.0000048,-1.0112,-0.0000048,-28.944
-0.00000479,-1.0744,-0.00000479,-28.944
-0.00000478,-1.0744,-0.00000478,-27.872
-0.00000477,-1.0112,-0.00000477,-30.016
-0.00000476,-1.0112,-0.00000476,-30.016
-0.00000475,-1.2008,-0.00000475,-27.872
-0.00000474,-1.0744,-0.00000474,-28.944
-0.00000473,-1.0744,-0.00000473,-27.872
-0.00000472,-1.0744,-0.00000472,-30.016
-0.00000471,-1.0744,-0.00000471,-28.944
-0.0000047,-1.1376,-0.0000047,-28.944
-0.00000469,-1.0112,-0.00000469,-27.872
-0.00000468,-1.0744,-0.00000468,-31.088
-0.00000467,-1.0744,-0.00000467,-30.016
-0.00000466,-1.1376,-0.00000466,-31.088
-0.00000465,-1.0744,-0.00000465,-28.944
-0.00000464,-1.2008,-0.00000464,-28.944
-0.00000463,-1.0744,-0.00000463,-28.944
-0.00000462,-1.1376,-0.00000462,-28.944
-0.00000461,-1.0744,-0.00000461,-27.872
-0.0000046,-1.1376,-0.0000046,-28.944
-0.00000459,-1.1376,-0.00000459,-27.872
-0.00000458,-1.1376,-0.00000458,-30.016
-0.00000457,-1.1376,-0.00000457,-31.088
-0.00000456,-1.1376,-0.00000456,-31.088
-0.00000455,-1.1376,-0.00000455,-28.944
-0.00000454,-1.1376,-0.00000454,-30.016
-0.00000453,-1.1376,-0.00000453,-30.016
-0.00000452,-1.1376,-0.00000452,-28.944
-0.00000451,-1.1376,-0.00000451,-26.8
-0.0000045,-1.2008,-0.0000045,-28.944
-0.00000449,-1.1376,-0.00000449,-30.016
-0.00000448,-1.1376,-0.00000448,-28.944
-0.00000447,-1.2008,-0.00000447,-27.872
-0.00000446,-1.1376,-0.00000446,-28.944
-0.00000445,-1.2008,-0.00000445,-28.944
-0.00000444,-1.1376,-0.00000444,-30.016
-0.00000443,-1.2008,-0.00000443,-30.016
-0.00000442,-1.0744,-0.00000442,-26.8
-0.00000441,-1.1376,-0.00000441,-25.728
-0.0000044,-1.2008,-0.0000044,-26.8
-0.00000439,-1.2008,-0.00000439,-30.016
-0.00000438,-1.1376,-0.00000438,-28.944
-0.00000437,-1.0744,-0.00000437,-28.944
-0.00000436,-1.2008,-0.00000436,-26.8
-0.00000435,-1.264,-0.00000435,-28.944
-0.00000434,-1.2008,-0.00000434,-28.944
-0.00000433,-1.2008,-0.00000433,-28.944
-0.00000432,-1.2008,-0.00000432,-27.872
-0.00000431,-1.2008,-0.00000431,-27.872
-0.0000043,-1.2008,-0.0000043,-28.944
-0.00000429,-1.2008,-0.00000429,-28.944
-0.00000428,-1.264,-0.00000428,-27.872
-0.00000427,-1.1376,-0.00000427,-27.872
-0.00000426,-1.0744,-0.00000426,-30.016
-0.00000425,-1.1376,-0.00000425,-28.944
-0.00000424,-1.264,-0.00000424,-28.944
-0.00000423,-1.2008,-0.00000423,-27.872
-0.00000422,-1.1376,-0.00000422,-26.8
-0.00000421,-1.2008,-0.00000421,-30.016
-0.0000042,-1.2008,-0.0000042,-28.944
-0.00000419,-1.1376,-0.00000419,-27.872
-0.00000418,-1.2008,-0.00000418,-28.944
-0.00000417,-1.0744,-0.00000417,-26.8
-0.00000416,-1.1376,-0.00000416,-27.872
-0.00000415,-1.264,-0.00000415,-30.016
-0.00000414,-1.1376,-0.00000414,-27.872
-0.00000413,-1.2008,-0.00000413,-26.8
-0.00000412,-1.2008,-0.00000412,-27.872
-0.00000411,-1.2008,-0.00000411,-27.872
-0.0000041,-1.2008,-0.0000041,-27.872
-0.00000409,-1.1376,-0.00000409,-27.872
-0.00000408,-1.2008,-0.00000408,-27.872
-0.00000407,-1.2008,-0.00000407,-27.872
-0.00000406,-1.264,-0.00000406,-28.944
-0.00000405,-1.1376,-0.00000405,-27.872
-0.00000404,-1.2008,-0.00000404,-26.8
-0.00000403,-1.0744,-0.00000403,-25.728
-0.00000402,-1.1376,-0.00000402,-25.728
-0.00000401,-1.2008,-0.00000401,-26.8
-0.000004,-1.0744,-0.000004,-26.8
-0.00000399,-1.2008,-0.00000399,-25.728
-0.00000398,-1.264,-0.00000398,-25.728
-0.00000397,-1.1376,-0.00000397,-25.728
-0.00000396,-1.2008,-0.00000396,-27.872
-0.00000395,-1.1376,-0.00000395,-27.872
-0.00000394,-1.2008,-0.00000394,-27.872
-0.00000393,-1.2008,-0.00000393,-26.8
-0.00000392,-1.1376,-0.00000392,-26.8
-0.00000391,-1.1376,-0.00000391,-25.728
-0.0000039,-1.2008,-0.0000039,-27.872
-0.00000389,-1.264,-0.00000389,-26.8
-0.00000388,-1.2008,-0.00000388,-27.872
-0.00000387,-1.1376,-0.00000387,-24.656
-0.00000386,-1.1376,-0.00000386,-24.656
-0.00000385,-1.0744,-0.00000385,-25.728
-0.00000384,-1.2008,-0.00000384,-25.728
-0.00000383,-1.1376,-0.00000383,-27.872
-0.00000382,-1.264,-0.00000382,-25.728
-0.00000381,-1.1376,-0.00000381,-24.656
-0.0000038,-1.1376,-0.0000038,-25.728
-0.00000379,-1.1376,-0.00000379,-24.656
-0.00000378,-1.1376,-0.00000378,-24.656
-0.00000377,-1.1376,-0.00000377,-25.728
-0.00000376,-1.264,-0.00000376,-25.728
-0.00000375,-1.0744,-0.00000375,-25.728
-0.00000374,-1.2008,-0.00000374,-25.728
-0.00000373,-1.1376,-0.00000373,-25.728
-0.00000372,-1.2008,-0.00000372,-23.584
-0.00000371,-1.2008,-0.00000371,-22.512
-0.0000037,-1.0744,-0.0000037,-25.728
-0.00000369,-1.1376,-0.00000369,-26.8
-0.00000368,-1.1376,-0.00000368,-26.8
-0.00000367,-1.1376,-0.00000367,-24.656
-0.00000366,-1.1376,-0.00000366,-24.656
-0.00000365,-1.2008,-0.00000365,-24.656
-0.00000364,-1.1376,-0.00000364,-24.656
-0.00000363,-1.0744,-0.00000363,-22.512
-0.00000362,-1.2008,-0.00000362,-24.656
-0.00000361,-1.0744,-0.00000361,-24.656
-0.0000036,-1.1376,-0.0000036,-23.584
-0.00000359,-1.0744,-0.00000359,-24.656
-0.00000358,-1.1376,-0.00000358,-25.728
-0.00000357,-1.1376,-0.00000357,-24.656
-0.00000356,-1.2008,-0.00000356,-23.584
-0.00000355,-1.2008,-0.00000355,-25.728
-0.00000354,-1.1376,-0.00000354,-22.512
-0.00000353,-1.2008,-0.00000353,-21.44
-0.00000352,-1.0744,-0.00000352,-22.512
-0.00000351,-1.0744,-0.00000351,-21.44
-0.0000035,-1.0744,-0.0000035,-23.584
-0.00000349,-1.1376,-0.00000349,-23.584
-0.00000348,-1.1376,-0.00000348,-23.584
-0.00000347,-1.0112,-0.00000347,-23.584
-0.00000346,-1.1376,-0.00000346,-22.512
-0.00000345,-1.1376,-0.00000345,-23.584
-0.00000344,-1.0744,-0.00000344,-23.584
-0.00000343,-1.0112,-0.00000343,-20.368
-0.00000342,-1.0744,-0.00000342,-19.296
-0.00000341,-1.0744,-0.00000341,-20.368
-0.0000034,-1.1376,-0.0000034,-21.44
-0.00000339,-1.0744,-0.00000339,-22.512
-0.00000338,-0.948,-0.00000338,-22.512
-0.00000337,-1.0112,-0.00000337,-19.296
-0.00000336,-1.0744,-0.00000336,-22.512
-0.00000335,-1.0744,-0.00000335,-23.584
-0.00000334,-1.0744,-0.00000334,-23.584
-0.00000333,-1.1376,-0.00000333,-20.368
-0.00000332,-1.0112,-0.00000332,-20.368
-0.00000331,-1.0112,-0.00000331,-20.368
-0.0000033,-1.0112,-0.0000033,-19.296
-0.00000329,-1.1376,-0.00000329,-20.368
-0.00000328,-0.948,-0.00000328,-20.368
-0.00000327,-0.948,-0.00000327,-21.44
-0.00000326,-0.948,-0.00000326,-20.368
-0.00000325,-1.0112,-0.00000325,-18.224
-0.00000324,-1.0112,-0.00000324,-19.296
-0.00000323,-0.948,-0.00000323,-18.224
-0.00000322,-1.0112,-0.00000322,-17.152
-0.00000321,-1.0112,-0.00000321,-18.224
-0.0000032,-1.0112,-0.0000032,-18.224
-0.00000319,-0.948,-0.00000319,-16.08
-0.00000318,-0.948,-0.00000318,-17.152
-0.00000317,-0.948,-0.00000317,-18.224
-0.00000316,-0.948,-0.00000316,-19.296
-0.00000315,-0.948,-0.00000315,-18.224
-0.00000314,-0.948,-0.00000314,-19.296
-0.00000313,-0.8848,-0.00000313,-18.224
-0.00000312,-0.8848,-0.00000312,-16.08
-0.00000311,-0.8848,-0.00000311,-18.224
-0.0000031,-0.948,-0.0000031,-16.08
-0.00000309,-0.8216,-0.00000309,-17.152
-0.00000308,-0.8848,-0.00000308,-17.152
-0.00000307,-0.8848,-0.00000307,-17.152
-0.00000306,-0.8848,-0.00000306,-17.152
-0.00000305,-1.0112,-0.00000305,-16.08
-0.00000304,-0.948,-0.00000304,-17.152
-0.00000303,-0.8216,-0.00000303,-16.08
-0.00000302,-0.8848,-0.00000302,-17.152
-0.00000301,-1.0112,-0.00000301,-16.08
-0.000003,-0.8216,-0.000003,-17.152
-0.00000299,-0.8216,-0.00000299,-15.008
-0.00000298,-0.8848,-0.00000298,-16.08
-0.00000297,-0.8216,-0.00000297,-15.008
-0.00000296,-0.8216,-0.00000296,-15.008
-0.00000295,-0.8848,-0.00000295,-16.08
-0.00000294,-0.948,-0.00000294,-12.864
-0.00000293,-0.7584,-0.00000293,-15.008
-0.00000292,-0.8848,-0.00000292,-15.008
-0.00000291,-0.8216,-0.00000291,-15.008
-0.0000029,-0.8848,-0.0000029,-16.08
-0.00000289,-0.8848,-0.00000289,-13.936
-0.00000288,-0.8216,-0.00000288,-12.864
-0.00000287,-0.8216,-0.00000287,-13.936
-0.00000286,-0.8848,-0.00000286,-13.936
-0.00000285,-0.8848,-0.00000285,-15.008
-0.00000284,-0.7584,-0.00000284,-11.792
-0.00000283,-0.8216,-0.00000283,-12.864
-0.00000282,-0.8216,-0.00000282,-13.936
-0.00000281,-0.8216,-0.00000281,-13.936
-0.0000028,-0.8216,-0.0000028,-12.864
-0.00000279,-0.7584,-0.00000279,-13.936
-0.00000278,-0.8848,-0.00000278,-13.936
-0.00000277,-0.8848,-0.00000277,-11.792
-0.00000276,-0.8216,-0.00000276,-12.864
-0.00000275,-0.7584,-0.00000275,-10.72
-0.00000274,-0.7584,-0.00000274,-12.864
-0.00000273,-0.8216,-0.00000273,-12.864
-0.00000272,-0.6952,-0.00000272,-11.792
-0.00000271,-0.6952,-0.00000271,-8.576
-0.0000027,-0.7584,-0.0000027,-12.864
-0.00000269,-0.6952,-0.00000269,-11.792
-0.00000268,-0.7584,-0.00000268,-10.72
-0.00000267,-0.7584,-0.00000267,-10.72
-0.00000266,-0.6952,-0.00000266,-10.72
-0.00000265,-0.8216,-0.00000265,-9.648
-0.00000264,-0.6952,-0.00000264,-8.576
-0.00000263,-0.6952,-0.00000263,-7.504
-0.00000262,-0.6952,-0.00000262,-9.648
-0.00000261,-0.6952,-0.00000261,-9.648
-0.0000026,-0.6952,-0.0000026,-11.792
-0.00000259,-0.5688,-0.00000259,-10.72
-0.00000258,-0.632,-0.00000258,-9.648
-0.00000257,-0.6952,-0.00000257,-8.576
-0.00000256,-0.7584,-0.00000256,-9.648
-0.00000255,-0.632,-0.00000255,-9.648
-0.00000254,-0.632,-0.00000254,-7.504
-0.00000253,-0.632,-0.00000253,-8.576
-0.00000252,-0.6952,-0.00000252,-6.432
-0.00000251,-0.632,-0.00000251,-7.504
-0.0000025,-0.6952,-0.0000025,-6.432
-0.00000249,-0.632,-0.00000249,-7.504
-0.00000248,-0.632,-0.00000248,-7.504
-0.00000247,-0.632,-0.00000247,-6.432
-0.00000246,-0.632,-0.00000246,-8.576
-0.00000245,-0.5688,-0.00000245,-8.576
-0.00000244,-0.5688,-0.00000244,-5.36
-0.00000243,-0.5688,-0.00000243,-7.504
-0.00000242,-0.5688,-0.00000242,-8.576
-0.00000241,-0.5688,-0.00000241,-8.576
-0.0000024,-0.5688,-0.0000024,-6.432
-0.00000239,-0.632,-0.00000239,-5.36
-0.00000238,-0.5688,-0.00000238,-5.36
-0.00000237,-0.5688,-0.00000237,-5.36
-0.00000236,-0.632,-0.00000236,-5.36
-0.00000235,-0.5688,-0.00000235,-7.504
-0.00000234,-0.5056,-0.00000234,-5.36
-0.00000233,-0.5056,-0.00000233,-6.432
-0.00000232,-0.4424,-0.00000232,-6.432
-0.00000231,-0.5056,-0.00000231,-5.36
-0.0000023,-0.5056,-0.0000023,-5.36
-0.00000229,-0.5056,-0.00000229,-4.288
-0.00000228,-0.4424,-0.00000228,-2.144
-0.00000227,-0.5056,-0.00000227,-3.216
-0.00000226,-0.4424,-0.00000226,-4.288
-0.00000225,-0.5056,-0.00000225,-5.36
-0.00000224,-0.4424,-0.00000224,-2.144
-0.00000223,-0.4424,-0.00000223,-1.072
-0.00000222,-0.4424,-0.00000222,-2.144
-0.00000221,-0.4424,-0.00000221,-1.072
-0.0000022,-0.3792,-0.0000022,-2.144
-0.00000219,-0.3792,-0.00000219,-1.072
-0.00000218,-0.3792,-0.00000218,-3.216
-0.00000217,-0.4424,-0.00000217,-1.072
-0.00000216,-0.3792,-0.00000216,-2.144
-0.00000215,-0.316,-0.00000215,-1.072
-0.00000214,-0.3792,-0.00000214,0
-0.00000213,-0.316,-0.00000213,-1.072
-0.00000212,-0.3792,-0.00000212,0
-0.00000211,-0.316,-0.00000211,-2.144
-0.0000021,-0.3792,-0.0000021,1.072
-0.00000209,-0.2528,-0.00000209,0
-0.00000208,-0.3792,-0.00000208,-2.144
-0.00000207,-0.316,-0.00000207,-1.072
-0.00000206,-0.316,-0.00000206,0
-0.00000205,-0.316,-0.00000205,1.072
-0.00000204,-0.316,-0.00000204,0
-0.00000203,-0.3792,-0.00000203,0
-0.00000202,-0.3792,-0.00000202,0
-0.00000201,-0.2528,-0.00000201,1.072
-0.000002,-0.1896,-0.000002,0
-0.00000199,-0.316,-0.00000199,0
-0.00000198,-0.2528,-0.00000198,2.144
-0.00000197,-0.1896,-0.00000197,2.144
-0.00000196,-0.1896,-0.00000196,1.072
-0.00000195,-0.2528,-0.00000195,4.288
-0.00000194,-0.2528,-0.00000194,3.216
-0.00000193,-0.2528,-0.00000193,3.216
-0.00000192,-0.1896,-0.00000192,2.144
-0.00000191,-0.2528,-0.00000191,1.072
-0.0000019,-0.1896,-0.0000019,1.072
-0.00000189,-0.1896,-0.00000189,5.36
-0.00000188,-0.1896,-0.00000188,4.288
-0.00000187,-0.1896,-0.00000187,3.216
-0.00000186,-0.1264,-0.00000186,2.144
-0.00000185,-0.1896,-0.00000185,5.36
-0.00000184,-0.1896,-0.00000184,3.216
-0.00000183,-0.1264,-0.00000183,5.36
-0.00000182,-0.1896,-0.00000182,5.36
-0.00000181,-0.1896,-0.00000181,4.288
-0.0000018,-0.1264,-0.0000018,6.432
-0.00000179,-0.1264,-0.00000179,6.432
-0.00000178,-0.1896,-0.00000178,6.432
-0.00000177,-0.0632,-0.00000177,4.288
-0.00000176,-0.0632,-0.00000176,6.432
-0.00000175,-0.0632,-0.00000175,6.432
-0.00000174,0,-0.00000174,5.36
-0.00000173,0,-0.00000173,5.36
-0.00000172,-0.0632,-0.00000172,6.432
-0.00000171,-0.0632,-0.00000171,5.36
-0.0000017,0.0632,-0.0000017,6.432
-0.00000169,-0.0632,-0.00000169,5.36
-0.00000168,-0.0632,-0.00000168,6.432
-0.00000167,0,-0.00000167,7.504
-0.00000166,0,-0.00000166,7.504
-0.00000165,0,-0.00000165,9.648
-0.00000164,0,-0.00000164,9.648
-0.00000163,0,-0.00000163,8.576
-0.00000162,0,-0.00000162,6.432
-0.00000161,0,-0.00000161,8.576
-0.0000016,0,-0.0000016,7.504
-0.00000159,0,-0.00000159,9.648
-0.00000158,0,-0.00000158,8.576
-0.00000157,0,-0.00000157,8.576
-0.00000156,0,-0.00000156,8.576
-0.00000155,0.0632,-0.00000155,9.648
-0.00000154,0.1264,-0.00000154,8.576
-0.00000153,0,-0.00000153,7.504
-0.00000152,0.1896,-0.00000152,8.576
-0.00000151,0.1264,-0.00000151,11.792
-0.0000015,0.1264,-0.0000015,10.72
-0.00000149,0.1264,-0.00000149,10.72
-0.00000148,0.1264,-0.00000148,11.792
-0.00000147,0.0632,-0.00000147,9.648
-0.00000146,0.1264,-0.00000146,7.504
-0.00000145,0.1896,-0.00000145,10.72
-0.00000144,0.1264,-0.00000144,12.864
-0.00000143,0.0632,-0.00000143,10.72
-0.00000142,0.1264,-0.00000142,10.72
-0.00000141,0.1264,-0.00000141,8.576
-0.0000014,0.1264,-0.0000014,12.864
-0.00000139,0.1896,-0.00000139,12.864
-0.00000138,0.2528,-0.00000138,12.864
-0.00000137,0.1264,-0.00000137,11.792
-0.00000136,0.1896,-0.00000136,9.648
-0.00000135,0.2528,-0.00000135,15.008
-0.00000134,0.2528,-0.00000134,15.008
-0.00000133,0.2528,-0.00000133,10.72
-0.00000132,0.2528,-0.00000132,11.792
-0.00000131,0.1896,-0.00000131,10.72
-0.0000013,0.3792,-0.0000013,10.72
-0.00000129,0.316,-0.00000129,13.936
-0.00000128,0.2528,-0.00000128,13.936
-0.00000127,0.316,-0.00000127,16.08
-0.00000126,0.316,-0.00000126,13.936
-0.00000125,0.3792,-0.00000125,16.08
-0.00000124,0.316,-0.00000124,11.792
-0.00000123,0.2528,-0.00000123,12.864
-0.00000122,0.3792,-0.00000122,18.224
-0.00000121,0.316,-0.00000121,15.008
-0.0000012,0.3792,-0.0000012,15.008
-0.00000119,0.316,-0.00000119,13.936
-0.00000118,0.3792,-0.00000118,15.008
-0.00000117,0.3792,-0.00000117,12.864
-0.00000116,0.3792,-0.00000116,16.08
-0.00000115,0.4424,-0.00000115,15.008
-0.00000114,0.3792,-0.00000114,13.936
-0.00000113,0.316,-0.00000113,16.08
-0.00000112,0.3792,-0.00000112,15.008
-0.00000111,0.4424,-0.00000111,18.224
-0.0000011,0.4424,-0.0000011,17.152
-0.00000109,0.3792,-0.00000109,16.08
-0.00000108,0.5056,-0.00000108,17.152
-0.00000107,0.3792,-0.00000107,15.008
-0.00000106,0.5056,-0.00000106,17.152
-0.00000105,0.4424,-0.00000105,18.224
-0.00000104,0.5056,-0.00000104,16.08
-0.00000103,0.4424,-0.00000103,17.152
-0.00000102,0.5056,-0.00000102,16.08
-0.00000101,0.5688,-0.00000101,18.224
-0.000001,0.5056,-0.000001,19.296
-0.00000099,0.5056,-0.00000099,18.224
-0.00000098,0.5056,-0.00000098,19.296
-0.00000097,0.4424,-0.00000097,18.224
-0.00000096,0.5056,-0.00000096,18.224
-0.00000095,0.5688,-0.00000095,17.152
-0.00000094,0.5688,-0.00000094,18.224
-0.00000093,0.5056,-0.00000093,17.152
-0.00000092,0.5056,-0.00000092,18.224
-0.00000091,0.5688,-0.00000091,20.368
-0.0000009,0.632,-0.0000009,19.296
-0.00000089,0.5688,-0.00000089,19.296
-0.00000088,0.5056,-0.00000088,19.296
-0.00000087,0.5056,-0.00000087,20.368
-0.00000086,0.5688,-0.00000086,20.368
-0.00000085,0.5056,-0.00000085,19.296
-0.00000084,0.632,-0.00000084,19.296
-0.00000083,0.5688,-0.00000083,21.44
-0.00000082,0.5688,-0.00000082,19.296
-0.00000081,0.5688,-0.00000081,19.296
-0.0000008,0.632,-0.0000008,21.44
-0.00000079,0.5056,-0.00000079,19.296
-0.00000078,0.632,-0.00000078,19.296
-0.00000077,0.632,-0.00000077,19.296
-0.00000076,0.632,-0.00000076,22.512
-0.00000075,0.632,-0.00000075,21.44
-0.00000074,0.7584,-0.00000074,21.44
-0.00000073,0.7584,-0.00000073,23.584
-0.00000072,0.6952,-0.00000072,20.368
-0.00000071,0.6952,-0.00000071,21.44
-0.0000007,0.7584,-0.0000007,20.368
-0.00000069,0.7584,-0.00000069,22.512
-0.00000068,0.632,-0.00000068,22.512
-0.00000067,0.6952,-0.00000067,21.44
-0.00000066,0.6952,-0.00000066,23.584
-0.00000065,0.7584,-0.00000065,23.584
-0.00000064,0.7584,-0.00000064,24.656
-0.00000063,0.7584,-0.00000063,23.584
-0.00000062,0.6952,-0.00000062,22.512
-0.00000061,0.7584,-0.00000061,22.512
-0.0000006,0.8216,-0.0000006,23.584
-0.00000059,0.7584,-0.00000059,23.584
-0.00000058,0.6952,-0.00000058,23.584
-0.00000057,0.7584,-0.00000057,23.584
-0.00000056,0.7584,-0.00000056,23.584
-0.00000055,0.6952,-0.00000055,23.584
-0.00000054,0.7584,-0.00000054,23.584
-0.00000053,0.7584,-0.00000053,24.656
-0.00000052,0.8216,-0.00000052,25.728
-0.00000051,0.7584,-0.00000051,23.584
-0.0000005,0.8216,-0.0000005,24.656
-0.00000049,0.8216,-0.00000049,24.656
-0.00000048,0.8216,-0.00000048,23.584
-0.00000047,0.8216,-0.00000047,23.584
-0.00000046,0.8848,-0.00000046,25.728
-0.00000045,0.8848,-0.00000045,24.656
-0.00000044,0.8216,-0.00000044,23.584
-0.00000043,0.8216,-0.00000043,24.656
-0.00000042,0.8216,-0.00000042,25.728
-0.00000041,0.8848,-0.00000041,26.8
-0.0000004,0.8216,-0.0000004,27.872
-0.00000039,0.8848,-0.00000039,24.656
-0.00000038,0.7584,-0.00000038,23.584
-0.00000037,0.948,-0.00000037,22.512
-0.00000036,0.8848,-0.00000036,25.728
-0.00000035,0.8848,-0.00000035,25.728
-0.00000034,0.8848,-0.00000034,24.656
-0.00000033,0.8848,-0.00000033,27.872
-0.00000032,0.8848,-0.00000032,25.728
-0.00000031,1.0112,-0.00000031,25.728
-0.0000003,1.0744,-0.0000003,26.8
-0.00000029,0.948,-0.00000029,27.872
-0.00000028,0.948,-0.00000028,26.8
-0.00000027,0.948,-0.00000027,26.8
-0.00000026,1.0112,-0.00000026,26.8
-0.00000025,0.8848,-0.00000025,26.8
-0.00000024,0.948,-0.00000024,25.728
-0.00000023,0.948,-0.00000023,28.944
-0.00000022,0.948,-0.00000022,26.8
-0.00000021,1.0112,-0.00000021,27.872
-0.0000002,0.948,-0.0000002,27.872
-0.00000019,0.948,-0.00000019,27.872
-0.00000018,0.948,-0.00000018,25.728
-0.00000017,1.0744,-0.00000017,27.872
-0.00000016,1.0112,-0.00000016,27.872
-0.00000015,0.948,-0.00000015,26.8
-0.00000014,0.948,-0.00000014,26.8
-0.00000013,1.0744,-0.00000013,25.728
-0.00000012,1.0112,-0.00000012,28.944
-0.00000011,1.1376,-0.00000011,27.872
-0.0000001,1.0112,-0.0000001,26.8
-0.00000009,1.0744,-0.00000009,26.8
-0.00000008,1.0112,-0.00000008,27.872
-0.00000007,1.0744,-0.00000007,27.872
-0.00000006,1.0744,-0.00000006,28.944
-0.00000005,1.0744,-0.00000005,27.872
-0.00000004,1.1376,-0.00000004,26.8
-0.00000003,1.0744,-0.00000003,28.944
-0.00000002,1.0112,-0.00000002,27.872
-0.00000001,1.0744,-0.00000001,28.944
0,1.1376,0,28.944
0.00000001,1.2008,0.00000001,32.16
0.00000002,1.0744,0.00000002,26.8
0.00000003,1.0744,0.00000003,27.872
0.00000004,1.1376,0.00000004,28.944
0.00000005,1.0744,0.00000005,27.872
0.00000006,1.0744,0.00000006,27.872
0.00000007,1.0744,0.00000007,27.872
0.00000008,1.0744,0.00000008,28.944
0.00000009,1.0744,0.00000009,28.944
0.0000001,1.1376,0.0000001,26.8
0.00000011,1.1376,0.00000011,26.8
0.00000012,1.1376,0.00000012,27.872
0.00000013,1.1376,0.00000013,28.944
0.00000014,1.0744,0.00000014,28.944
0.00000015,1.264,0.00000015,27.872
0.00000016,1.1376,0.00000016,28.944
0.00000017,1.1376,0.00000017,30.016
0.00000018,1.0744,0.00000018,28.944
0.00000019,1.0112,0.00000019,27.872
0.0000002,1.1376,0.0000002,27.872
0.00000021,1.1376,0.00000021,27.872
0.00000022,1.0744,0.00000022,30.016
0.00000023,1.1376,0.00000023,28.944
0.00000024,1.2008,0.00000024,30.016
0.00000025,1.2008,0.00000025,30.016
0.00000026,1.2008,0.00000026,31.088
0.00000027,1.2008,0.00000027,27.872
0.00000028,1.2008,0.00000028,27.872
0.00000029,1.1376,0.00000029,26.8
0.0000003,1.264,0.0000003,28.944
0.00000031,1.2008,0.00000031,30.016
0.00000032,1.1376,0.00000032,30.016
0.00000033,1.264,0.00000033,30.016
0.00000034,1.2008,0.00000034,31.088
0.00000035,1.264,0.00000035,27.872
0.00000036,1.2008,0.00000036,28.944
0.00000037,1.2008,0.00000037,28.944
0.00000038,1.1376,0.00000038,28.944
0.00000039,1.2008,0.00000039,27.872
0.0000004,1.2008,0.0000004,28.944
0.00000041,1.1376,0.00000041,27.872
0.00000042,1.264,0.00000042,28.944
0.00000043,1.2008,0.00000043,30.016
0.00000044,1.2008,0.00000044,28.944
0.00000045,1.2008,0.00000045,31.088
0.00000046,1.264,0.00000046,30.016
0.00000047,1.264,0.00000047,32.16
0.00000048,1.264,0.00000048,30.016
0.00000049,1.1376,0.00000049,27.872
0.0000005,1.2008,0.0000005,31.088
0.00000051,1.264,0.00000051,28.944
0.00000052,1.264,0.00000052,28.944
0.00000053,1.264,0.00000053,30.016
0.00000054,1.1376,0.00000054,31.088
0.00000055,1.264,0.00000055,30.016
0.00000056,1.2008,0.00000056,28.944
0.00000057,1.2008,0.00000057,30.016
0.00000058,1.2008,0.00000058,28.944
0.00000059,1.264,0.00000059,31.088
0.0000006,1.264,0.0000006,30.016
0.00000061,1.1376,0.00000061,27.872
0.00000062,1.3272,0.00000062,26.8
0.00000063,1.2008,0.00000063,28.944
0.00000064,1.264,0.00000064,30.016
0.00000065,1.2008,0.00000065,28.944
0.00000066,1.264,0.00000066,28.944
0.00000067,1.264,0.00000067,28.944
0.00000068,1.3272,0.00000068,28.944
0.00000069,1.3272,0.00000069,28.944
0.0000007,1.3272,0.0000007,27.872
0.00000071,1.264,0.00000071,30.016
0.00000072,1.264,0.00000072,28.944
0.00000073,1.264,0.00000073,28.944
0.00000074,1.2008,0.00000074,28.944
0.00000075,1.264,0.00000075,30.016
0.00000076,1.264,0.00000076,31.088
0.00000077,1.264,0.00000077,28.944
0.00000078,1.3272,0.00000078,28.944
0.00000079,1.264,0.00000079,28.944
0.0000008,1.3272,0.0000008,28.944
0.00000081,1.2008,0.00000081,27.872
0.00000082,1.3272,0.00000082,28.944
0.00000083,1.3272,0.00000083,28.944
0.00000084,1.2008,0.00000084,27.872
0.00000085,1.264,0.00000085,27.872
0.00000086,1.264,0.00000086,28.944
0.00000087,1.264,0.00000087,28.944
0.00000088,1.264,0.00000088,30.016
0.00000089,1.264,0.00000089,27.872
0.0000009,1.3904,0.0000009,28.944
0.00000091,1.264,0.00000091,28.944
0.00000092,1.264,0.00000092,30.016
0.00000093,1.3272,0.00000093,30.016
0.00000094,1.3272,0.00000094,28.944
0.00000095,1.3272,0.00000095,26.8
0.00000096,1.3272,0.00000096,28.944
0.00000097,1.264,0.00000097,26.8
0.00000098,1.264,0.00000098,27.872
0.00000099,1.264,0.00000099,30.016
0.000001,1.264,0.000001,27.872
0.00000101,1.264,0.00000101,27.872
0.00000102,1.3272,0.00000102,26.8
0.00000103,1.3272,0.00000103,26.8
0.00000104,1.264,0.00000104,26.8
0.00000105,1.3272,0.00000105,26.8
0.00000106,1.264,0.00000106,26.8
0.00000107,1.264,0.00000107,28.944
0.00000108,1.264,0.00000108,27.872
0.00000109,1.3272,0.00000109,26.8
0.0000011,1.264,0.0000011,26.8
0.00000111,1.264,0.00000111,25.728
0.00000112,1.264,0.00000112,25.728
0.00000113,1.264,0.00000113,25.728
0.00000114,1.264,0.00000114,27.872
0.00000115,1.2008,0.00000115,25.728
0.00000116,1.2008,0.00000116,25.728
0.00000117,1.2008,0.00000117,26.8
0.00000118,1.264,0.00000118,24.656
0.00000119,1.264,0.00000119,25.728
0.0000012,1.264,0.0000012,26.8
0.00000121,1.264,0.00000121,25.728
0.00000122,1.2008,0.00000122,25.728
0.00000123,1.2008,0.00000123,24.656
0.00000124,1.264,0.00000124,25.728
0.00000125,1.3272,0.00000125,24.656
0.00000126,1.3272,0.00000126,24.656
0.00000127,1.264,0.00000127,25.728
0.00000128,1.264,0.00000128,26.8
0.00000129,1.264,0.00000129,27.872
0.0000013,1.2008,0.0000013,26.8
0.00000131,1.264,0.00000131,23.584
0.00000132,1.3272,0.00000132,24.656
0.00000133,1.264,0.00000133,26.8
0.00000134,1.264,0.00000134,25.728
0.00000135,1.264,0.00000135,23.584
0.00000136,1.264,0.00000136,25.728
0.00000137,1.264,0.00000137,24.656
0.00000138,1.264,0.00000138,24.656
0.00000139,1.2008,0.00000139,24.656
0.0000014,1.1376,0.0000014,24.656
0.00000141,1.2008,0.00000141,23.584
0.00000142,1.264,0.00000142,24.656
0.00000143,1.2008,0.00000143,23.584
0.00000144,1.2008,0.00000144,24.656
0.00000145,1.2008,0.00000145,26.8
0.00000146,1.2008,0.00000146,26.8
0.00000147,1.1376,0.00000147,26.8
0.00000148,1.1376,0.00000148,24.656
0.00000149,1.2008,0.00000149,24.656
0.0000015,1.2008,0.0000015,22.512
0.00000151,1.2008,0.00000151,22.512
0.00000152,1.264,0.00000152,22.512
0.00000153,1.2008,0.00000153,24.656
0.00000154,1.0744,0.00000154,23.584
0.00000155,1.2008,0.00000155,21.44
0.00000156,1.0744,0.00000156,21.44
0.00000157,1.2008,0.00000157,22.512
0.00000158,1.1376,0.00000158,23.584
0.00000159,1.2008,0.00000159,22.512
0.0000016,1.0744,0.0000016,22.512
0.00000161,1.2008,0.00000161,20.368
0.00000162,1.0744,0.00000162,22.512
0.00000163,1.1376,0.00000163,21.44
0.00000164,1.0744,0.00000164,21.44
0.00000165,1.2008,0.00000165,21.44
0.00000166,1.1376,0.00000166,19.296
0.00000167,1.264,0.00000167,23.584
0.00000168,1.2008,0.00000168,22.512
0.00000169,1.264,0.00000169,21.44
0.0000017,1.1376,0.0000017,19.296
0.00000171,1.2008,0.00000171,20.368
0.00000172,1.2008,0.00000172,22.512
0.00000173,1.0744,0.00000173,21.44
0.00000174,1.0744,0.00000174,20.368
0.00000175,1.0112,0.00000175,22.512
0.00000176,1.1376,0.00000176,21.44
0.00000177,1.1376,0.00000177,22.512
0.00000178,1.1376,0.00000178,21.44
0.00000179,1.0744,0.00000179,20.368
0.0000018,1.0744,0.0000018,18.224
0.00000181,1.2008,0.00000181,21.44
0.00000182,1.2008,0.00000182,20.368
0.00000183,1.0112,0.00000183,20.368
0.00000184,1.0744,0.00000184,19.296
0.00000185,1.1376,0.00000185,18.224
0.00000186,1.0112,0.00000186,18.224
0.00000187,1.1376,0.00000187,19.296
0.00000188,1.0112,0.00000188,18.224
0.00000189,1.1376,0.00000189,18.224
0.0000019,1.0744,0.0000019,20.368
0.00000191,1.0744,0.00000191,17.152
0.00000192,1.0112,0.00000192,17.152
0.00000193,1.0112,0.00000193,17.152
0.00000194,1.0112,0.00000194,15.008
0.00000195,1.0112,0.00000195,16.08
0.00000196,1.0744,0.00000196,17.152
0.00000197,1.0112,0.00000197,16.08
0.00000198,1.0112,0.00000198,18.224
0.00000199,1.0744,0.00000199,18.224
0.000002,1.0744,0.000002,17.152
0.00000201,0.948,0.00000201,19.296
0.00000202,1.0112,0.00000202,17.152
0.00000203,0.8848,0.00000203,16.08
0.00000204,0.948,0.00000204,17.152
0.00000205,1.0112,0.00000205,16.08
0.00000206,0.948,0.00000206,17.152
0.00000207,1.0112,0.00000207,17.152
0.00000208,1.0112,0.00000208,18.224
0.00000209,0.948,0.00000209,17.152
0.0000021,0.948,0.0000021,15.008
0.00000211,0.948,0.00000211,16.08
0.00000212,0.948,0.00000212,16.08
0.00000213,0.8848,0.00000213,15.008
0.00000214,1.0112,0.00000214,12.864
0.00000215,0.948,0.00000215,15.008
0.00000216,0.8848,0.00000216,12.864
0.00000217,0.948,0.00000217,15.008
0.00000218,0.8848,0.00000218,13.936
0.00000219,0.8848,0.00000219,15.008
0.0000022,0.8848,0.0000022,15.008
0.00000221,0.8216,0.00000221,16.08
0.00000222,0.8848,0.00000222,11.792
0.00000223,0.8848,0.00000223,15.008
0.00000224,0.8848,0.00000224,13.936
0.00000225,0.8216,0.00000225,13.936
0.00000226,0.8848,0.00000226,12.864
0.00000227,0.948,0.00000227,12.864
0.00000228,0.8216,0.00000228,13.936
0.00000229,0.8848,0.00000229,12.864
0.0000023,0.8848,0.0000023,11.792
0.00000231,0.8216,0.00000231,12.864
0.00000232,0.8848,0.00000232,11.792
0.00000233,0.8848,0.00000233,12.864
0.00000234,0.8848,0.00000234,11.792
0.00000235,0.7584,0.00000235,11.792
0.00000236,0.7584,0.00000236,10.72
0.00000237,0.8216,0.00000237,10.72
0.00000238,0.948,0.00000238,11.792
0.00000239,0.7584,0.00000239,8.576
0.0000024,0.8216,0.0000024,10.72
0.00000241,0.8216,0.00000241,10.72
0.00000242,0.6952,0.00000242,9.648
0.00000243,0.7584,0.00000243,9.648
0.00000244,0.8216,0.00000244,10.72
0.00000245,0.8216,0.00000245,11.792
0.00000246,0.8216,0.00000246,9.648
0.00000247,0.7584,0.00000247,9.648
0.00000248,0.7584,0.00000248,8.576
0.00000249,0.7584,0.00000249,8.576
0.0000025,0.7584,0.0000025,7.504
0.00000251,0.8216,0.00000251,9.648
0.00000252,0.7584,0.00000252,9.648
0.00000253,0.6952,0.00000253,7.504
0.00000254,0.6952,0.00000254,7.504
0.00000255,0.6952,0.00000255,8.576
0.00000256,0.6952,0.00000256,7.504
0.00000257,0.7584,0.00000257,8.576
0.00000258,0.632,0.00000258,8.576
0.00000259,0.632,0.00000259,6.432
0.0000026,0.6952,0.0000026,4.288
0.00000261,0.6952,0.00000261,6.432
0.00000262,0.5688,0.00000262,7.504
0.00000263,0.632,0.00000263,5.36
0.00000264,0.632,0.00000264,6.432
0.00000265,0.5688,0.00000265,4.288
0.00000266,0.6952,0.00000266,6.432
0.00000267,0.6952,0.00000267,6.432
0.00000268,0.5688,0.00000268,6.432
0.00000269,0.5688,0.00000269,6.432
0.0000027,0.6952,0.0000027,4.288
0.00000271,0.632,0.00000271,4.288
0.00000272,0.5688,0.00000272,5.36
0.00000273,0.5056,0.00000273,4.288
0.00000274,0.5056,0.00000274,5.36
0.00000275,0.5688,0.00000275,5.36
0.00000276,0.5688,0.00000276,5.36
0.00000277,0.5056,0.00000277,3.216
0.00000278,0.5688,0.00000278,3.216
0.00000279,0.5688,0.00000279,3.216
0.0000028,0.5688,0.0000028,4.288
0.00000281,0.632,0.00000281,4.288
0.00000282,0.5056,0.00000282,1.072
0.00000283,0.5056,0.00000283,2.144
0.00000284,0.4424,0.00000284,2.144
0.00000285,0.5056,0.00000285,3.216
0.00000286,0.5688,0.00000286,2.144
0.00000287,0.5056,0.00000287,1.072
0.00000288,0.5688,0.00000288,1.072
0.00000289,0.4424,0.00000289,1.072
0.0000029,0.5688,0.0000029,2.144
0.00000291,0.4424,0.00000291,2.144
0.00000292,0.5056,0.00000292,2.144
0.00000293,0.5056,0.00000293,1.072
0.00000294,0.4424,0.00000294,0
0.00000295,0.3792,0.00000295,1.072
0.00000296,0.4424,0.00000296,0
0.00000297,0.4424,0.00000297,1.072
0.00000298,0.5056,0.00000298,2.144
0.00000299,0.3792,0.00000299,0
0.000003,0.3792,0.000003,0
0.00000301,0.3792,0.00000301,0
0.00000302,0.3792,0.00000302,-1.072
0.00000303,0.3792,0.00000303,-2.144
0.00000304,0.3792,0.00000304,0
0.00000305,0.2528,0.00000305,0
0.00000306,0.3792,0.00000306,0
0.00000307,0.316,0.00000307,0
0.00000308,0.2528,0.00000308,-2.144
0.00000309,0.3792,0.00000309,-2.144
0.0000031,0.316,0.0000031,-3.216
0.00000311,0.316,0.00000311,-1.072
0.00000312,0.316,0.00000312,-1.072
0.00000313,0.316,0.00000313,-2.144
0.00000314,0.2528,0.00000314,-2.144
0.00000315,0.2528,0.00000315,-2.144
0.00000316,0.316,0.00000316,-2.144
0.00000317,0.1896,0.00000317,-1.072
0.00000318,0.2528,0.00000318,-3.216
0.00000319,0.2528,0.00000319,-4.288
0.0000032,0.2528,0.0000032,-4.288
0.00000321,0.2528,0.00000321,-2.144
0.00000322,0.1896,0.00000322,-4.288
0.00000323,0.2528,0.00000323,-3.216
0.00000324,0.1896,0.00000324,-6.432
0.00000325,0.1896,0.00000325,-3.216
0.00000326,0.2528,0.00000326,-3.216
0.00000327,0.2528,0.00000327,-3.216
0.00000328,0.1896,0.00000328,-3.216
0.00000329,0.1264,0.00000329,-6.432
0.0000033,0.1896,0.0000033,-3.216
0.00000331,0.2528,0.00000331,-3.216
0.00000332,0.1896,0.00000332,-6.432
0.00000333,0.1896,0.00000333,-5.36
0.00000334,0.1264,0.00000334,-6.432
0.00000335,0.1264,0.00000335,-7.504
0.00000336,0.1264,0.00000336,-6.432
0.00000337,0.0632,0.00000337,-8.576
0.00000338,0.0632,0.00000338,-7.504
0.00000339,0.0632,0.00000339,-8.576
0.0000034,0.1264,0.0000034,-7.504
0.00000341,0.1264,0.00000341,-6.432
0.00000342,0.1264,0.00000342,-9.648
0.00000343,0.0632,0.00000343,-7.504
0.00000344,0.0632,0.00000344,-5.36
0.00000345,0.0632,0.00000345,-7.504
0.00000346,0,0.00000346,-6.432
0.00000347,-0.0632,0.00000347,-7.504
0.00000348,0,0.00000348,-8.576
0.00000349,0,0.00000349,-7.504
0.0000035,0,0.0000035,-8.576
0.00000351,0,0.00000351,-8.576
0.00000352,0.0632,0.00000352,-8.576
0.00000353,0,0.00000353,-11.792
0.00000354,-0.0632,0.00000354,-10.72
0.00000355,0,0.00000355,-8.576
0.00000356,0,0.00000356,-8.576
0.00000357,-0.0632,0.00000357,-9.648
0.00000358,-0.1264,0.00000358,-10.72
0.00000359,-0.0632,0.00000359,-10.72
0.0000036,0,0.0000036,-9.648
0.00000361,0,0.00000361,-10.72
0.00000362,-0.1264,0.00000362,-11.792
0.00000363,-0.0632,0.00000363,-10.72
0.00000364,-0.1264,0.00000364,-13.936
0.00000365,0,0.00000365,-10.72
0.00000366,-0.1264,0.00000366,-9.648
0.00000367,-0.0632,0.00000367,-10.72
0.00000368,-0.1896,0.00000368,-11.792
0.00000369,-0.1264,0.00000369,-12.864
0.0000037,-0.0632,0.0000037,-9.648
0.00000371,-0.1896,0.00000371,-12.864
0.00000372,-0.1264,0.00000372,-13.936
0.00000373,-0.1264,0.00000373,-10.72
0.00000374,-0.1896,0.00000374,-11.792
0.00000375,-0.1896,0.00000375,-12.864
0.00000376,-0.1264,0.00000376,-12.864
0.00000377,-0.2528,0.00000377,-13.936
0.00000378,-0.1896,0.00000378,-15.008
0.00000379,-0.1896,0.00000379,-12.864
0.0000038,-0.1896,0.0000038,-15.008
0.00000381,-0.2528,0.00000381,-11.792
0.00000382,-0.1896,0.00000382,-16.08
0.00000383,-0.2528,0.00000383,-16.08
0.00000384,-0.1896,0.00000384,-13.936
0.00000385,-0.1896,0.00000385,-15.008
0.00000386,-0.316,0.00000386,-16.08
0.00000387,-0.1896,0.00000387,-15.008
0.00000388,-0.316,0.00000388,-17.152
0.00000389,-0.2528,0.00000389,-15.008
0.0000039,-0.2528,0.0000039,-17.152
0.00000391,-0.316,0.00000391,-16.08
0.00000392,-0.316,0.00000392,-17.152
0.00000393,-0.3792,0.00000393,-15.008
0.00000394,-0.2528,0.00000394,-16.08
0.00000395,-0.3792,0.00000395,-17.152
0.00000396,-0.316,0.00000396,-15.008
0.00000397,-0.1896,0.00000397,-13.936
0.00000398,-0.3792,0.00000398,-17.152
0.00000399,-0.4424,0.00000399,-15.008
0.000004,-0.2528,0.000004,-18.224
0.00000401,-0.3792,0.00000401,-18.224
0.00000402,-0.316,0.00000402,-16.08
0.00000403,-0.3792,0.00000403,-16.08
0.00000404,-0.3792,0.00000404,-16.08
0.00000405,-0.316,0.00000405,-15.008
0.00000406,-0.316,0.00000406,-17.152
0.00000407,-0.3792,0.00000407,-18.224
0.00000408,-0.4424,0.00000408,-18.224
0.00000409,-0.3792,0.00000409,-19.296
0.0000041,-0.4424,0.0000041,-19.296
0.00000411,-0.4424,0.00000411,-18.224
0.00000412,-0.3792,0.00000412,-18.224
0.00000413,-0.3792,0.00000413,-19.296
0.00000414,-0.3792,0.00000414,-17.152
0.00000415,-0.4424,0.00000415,-19.296
0.00000416,-0.5688,0.00000416,-20.368
0.00000417,-0.5056,0.00000417,-19.296
0.00000418,-0.5688,0.00000418,-18.224
0.00000419,-0.5056,0.00000419,-19.296
0.0000042,-0.5056,0.0000042,-19.296
0.00000421,-0.5056,0.00000421,-20.368
0.00000422,-0.632,0.00000422,-19.296
0.00000423,-0.5688,0.00000423,-21.44
0.00000424,-0.5056,0.00000424,-21.44
0.00000425,-0.5688,0.00000425,-22.512
0.00000426,-0.5056,0.00000426,-19.296
0.00000427,-0.5688,0.00000427,-18.224
0.00000428,-0.5688,0.00000428,-21.44
0.00000429,-0.5688,0.00000429,-20.368
0.0000043,-0.5688,0.0000043,-19.296
0.00000431,-0.5688,0.00000431,-20.368
0.00000432,-0.632,0.00000432,-21.44
0.00000433,-0.5688,0.00000433,-23.584
0.00000434,-0.632,0.00000434,-22.512
0.00000435,-0.632,0.00000435,-22.512
0.00000436,-0.632,0.00000436,-21.44
0.00000437,-0.632,0.00000437,-22.512
0.00000438,-0.5688,0.00000438,-23.584
0.00000439,-0.5688,0.00000439,-22.512
0.0000044,-0.5688,0.0000044,-23.584
0.00000441,-0.6952,0.00000441,-21.44
0.00000442,-0.5688,0.00000442,-24.656
0.00000443,-0.632,0.00000443,-22.512
0.00000444,-0.632,0.00000444,-22.512
0.00000445,-0.632,0.00000445,-22.512
0.00000446,-0.6952,0.00000446,-21.44
0.00000447,-0.632,0.00000447,-22.512
0.00000448,-0.6952,0.00000448,-24.656
0.00000449,-0.6952,0.00000449,-25.728
0.0000045,-0.6952,0.0000045,-22.512
0.00000451,-0.6952,0.00000451,-22.512
0.00000452,-0.7584,0.00000452,-24.656
0.00000453,-0.7584,0.00000453,-24.656
0.00000454,-0.6952,0.00000454,-22.512
0.00000455,-0.6952,0.00000455,-21.44
0.00000456,-0.7584,0.00000456,-23.584
0.00000457,-0.7584,0.00000457,-22.512
0.00000458,-0.6952,0.00000458,-26.8
0.00000459,-0.7584,0.00000459,-22.512
0.0000046,-0.632,0.0000046,-24.656
0.00000461,-0.7584,0.00000461,-26.8
0.00000462,-0.8848,0.00000462,-23.584
0.00000463,-0.8216,0.00000463,-26.8
0.00000464,-0.6952,0.00000464,-23.584
0.00000465,-0.8216,0.00000465,-22.512
0.00000466,-0.7584,0.00000466,-25.728
0.00000467,-0.8216,0.00000467,-23.584
0.00000468,-0.7584,0.00000468,-23.584
0.00000469,-0.7584,0.00000469,-26.8
0.0000047,-0.8848,0.0000047,-25.728
0.00000471,-0.7584,0.00000471,-26.8
0.00000472,-0.8216,0.00000472,-25.728
0.00000473,-0.8848,0.00000473,-24.656
0.00000474,-0.8216,0.00000474,-22.512
0.00000475,-0.8848,0.00000475,-25.728
0.00000476,-0.8216,0.00000476,-26.8
0.00000477,-0.8216,0.00000477,-25.728
0.00000478,-0.7584,0.00000478,-26.8
0.00000479,-0.8848,0.00000479,-26.8
0.0000048,-0.8848,0.0000048,-25.728
0.00000481,-0.8848,0.00000481,-26.8
0.00000482,-0.8216,0.00000482,-26.8
0.00000483,-0.8216,0.00000483,-24.656
0.00000484,-0.948,0.00000484,-25.728
0.00000485,-0.948,0.00000485,-28.944
0.00000486,-0.8216,0.00000486,-23.584
0.00000487,-0.8848,0.00000487,-26.8
0.00000488,-0.948,0.00000488,-25.728
0.00000489,-0.8848,0.00000489,-23.584
0.0000049,-0.8216,0.0000049,-25.728
0.00000491,-0.948,0.00000491,-27.872
0.00000492,-0.948,0.00000492,-27.872
0.00000493,-0.8848,0.00000493,-25.728
0.00000494,-0.8848,0.00000494,-25.728
0.00000495,-0.948,0.00000495,-25.728
0.00000496,-0.948,0.00000496,-25.728
0.00000497,-0.948,0.00000497,-28.944
0.00000498,-1.0112,0.00000498,-24.656
0.00000499,-0.8848,0.00000499,-27.872
0.000005,-0.8848,0.000005,-25.728
0.00000501,-0.948,0.00000501,-27.872
0.00000502,-0.948,0.00000502,-27.872
0.00000503,-1.0112,0.00000503,-25.728
0.00000504,-1.0112,0.00000504,-27.872
0.00000505,-0.948,0.00000505,-27.872
0.00000506,-0.948,0.00000506,-26.8
0.00000507,-1.0112,0.00000507,-27.872
0.00000508,-1.0112,0.00000508,-27.872
0.00000509,-1.0112,0.00000509,-26.8
0.0000051,-0.948,0.0000051,-26.8
0.00000511,-0.948,0.00000511,-26.8
0.00000512,-1.0112,0.00000512,-26.8
0.00000513,-1.0112,0.00000513,-26.8
0.00000514,-1.0112,0.00000514,-30.016
0.00000515,-1.0744,0.00000515,-28.944
0.00000516,-1.0112,0.00000516,-28.944
0.00000517,-1.0744,0.00000517,-28.944
0.00000518,-1.0744,0.00000518,-27.872
0.00000519,-1.0744,0.00000519,-28.944
0.0000052,-0.948,0.0000052,-26.8
0.00000521,-1.0112,0.00000521,-28.944
0.00000522,-1.0744,0.00000522,-30.016
0.00000523,-1.0744,0.00000523,-30.016
0.00000524,-1.0744,0.00000524,-27.872
0.00000525,-1.0112,0.00000525,-28.944
0.00000526,-1.0744,0.00000526,-28.944
0.00000527,-1.0744,0.00000527,-30.016
0.00000528,-1.1376,0.00000528,-27.872
0.00000529,-1.0112,0.00000529,-26.8
0.0000053,-1.0112,0.0000053,-28.944
0.00000531,-1.0744,0.00000531,-28.944
0.00000532,-1.0744,0.00000532,-28.944
0.00000533,-1.1376,0.00000533,-30.016
0.00000534,-1.0744,0.00000534,-27.872
0.00000535,-1.1376,0.00000535,-28.944
0.00000536,-1.1376,0.00000536,-28.944
0.00000537,-1.0744,0.00000537,-27.872
0.00000538,-1.0744,0.00000538,-27.872
0.00000539,-1.0112,0.00000539,-30.016
0.0000054,-1.0744,0.0000054,-27.872
0.00000541,-1.0112,0.00000541,-27.872
0.00000542,-1.0744,0.00000542,-30.016
0.00000543,-1.1376,0.00000543,-27.872
0.00000544,-1.1376,0.00000544,-30.016
0.00000545,-1.1376,0.00000545,-27.872
0.00000546,-1.0744,0.00000546,-27.872
0.00000547,-1.1376,0.00000547,-28.944
0.00000548,-1.0744,0.00000548,-28.944
0.00000549,-1.1376,0.00000549,-26.8
0.0000055,-1.2008,0.0000055,-28.944
0.00000551,-1.1376,0.00000551,-30.016
0.00000552,-1.0112,0.00000552,-30.016
0.00000553,-1.0112,0.00000553,-27.872
0.00000554,-1.1376,0.00000554,-28.944
0.00000555,-1.0744,0.00000555,-30.016
0.00000556,-1.2008,0.00000556,-28.944
0.00000557,-1.1376,0.00000557,-31.088
0.00000558,-1.1376,0.00000558,-28.944
0.00000559,-1.1376,0.00000559,-27.872
0.0000056,-1.1376,0.0000056,-30.016
0.00000561,-1.264,0.00000561,-26.8
0.00000562,-1.1376,0.00000562,-31.088
0.00000563,-1.1376,0.00000563,-28.944
0.00000564,-1.0744,0.00000564,-28.944
0.00000565,-1.0744,0.00000565,-30.016
0.00000566,-1.0744,0.00000566,-28.944
0.00000567,-1.2008,0.00000567,-30.016
0.00000568,-1.2008,0.00000568,-27.872
0.00000569,-1.1376,0.00000569,-26.8
0.0000057,-1.1376,0.0000057,-28.944
0.00000571,-1.1376,0.00000571,-26.8
0.00000572,-1.0744,0.00000572,-27.872
0.00000573,-1.2008,0.00000573,-25.728
0.00000574,-1.1376,0.00000574,-27.872
0.00000575,-1.1376,0.00000575,-27.872
0.00000576,-1.264,0.00000576,-27.872
0.00000577,-1.1376,0.00000577,-27.872
0.00000578,-1.1376,0.00000578,-28.944
0.00000579,-1.0744,0.00000579,-26.8
0.0000058,-1.1376,0.0000058,-28.944
0.00000581,-1.1376,0.00000581,-26.8
0.00000582,-1.2008,0.00000582,-27.872
0.00000583,-1.1376,0.00000583,-27.872
0.00000584,-1.1376,0.00000584,-31.088
0.00000585,-1.0744,0.00000585,-28.944
0.00000586,-1.2008,0.00000586,-27.872
0.00000587,-1.0744,0.00000587,-27.872
0.00000588,-1.2008,0.00000588,-26.8
0.00000589,-1.1376,0.00000589,-27.872
0.0000059,-1.2008,0.0000059,-27.872
0.00000591,-1.1376,0.00000591,-27.872
0.00000592,-1.1376,0.00000592,-25.728
0.00000593,-1.0744,0.00000593,-26.8
0.00000594,-1.1376,0.00000594,-26.8
0.00000595,-1.0744,0.00000595,-27.872
0.00000596,-1.2008,0.00000596,-28.944
0.00000597,-1.1376,0.00000597,-26.8
0.00000598,-1.0744,0.00000598,-27.872
0.00000599,-1.2008,0.00000599,-26.8
0.000006,-1.1376,0.000006,-28.944
0.00000601,-1.2008,0.00000601,-27.872
0.00000602,-1.2008,0.00000602,-26.8
0.00000603,-1.2008,0.00000603,-27.872
0.00000604,-1.2008,0.00000604,-27.872
0.00000605,-1.2008,0.00000605,-26.8
0.00000606,-1.1376,0.00000606,-25.728
0.00000607,-1.264,0.00000607,-27.872
0.00000608,-1.264,0.00000608,-25.728
0.00000609,-1.2008,0.00000609,-26.8
0.0000061,-1.0744,0.0000061,-28.944
0.00000611,-1.2008,0.00000611,-26.8
0.00000612,-1.1376,0.00000612,-26.8
0.00000613,-1.1376,0.00000613,-26.8
0.00000614,-1.3272,0.00000614,-27.872
0.00000615,-1.1376,0.00000615,-25.728
0.00000616,-1.2008,0.00000616,-25.728
0.00000617,-1.1376,0.00000617,-26.8
0.00000618,-1.264,0.00000618,-24.656
0.00000619,-1.0744,0.00000619,-23.584
0.0000062,-1.1376,0.0000062,-25.728
0.00000621,-1.2008,0.00000621,-28.944
0.00000622,-1.2008,0.00000622,-28.944
0.00000623,-1.1376,0.00000623,-25.728
0.00000624,-1.2008,0.00000624,-24.656
0.00000625,-1.1376,0.00000625,-24.656
0.00000626,-1.2008,0.00000626,-26.8
0.00000627,-1.0744,0.00000627,-24.656
0.00000628,-1.1376,0.00000628,-25.728
0.00000629,-1.0744,0.00000629,-24.656
0.0000063,-1.1376,0.0000063,-25.728
0.00000631,-1.1376,0.00000631,-25.728
0.00000632,-1.1376,0.00000632,-26.8
0.00000633,-1.1376,0.00000633,-24.656
0.00000634,-1.2008,0.00000634,-26.8
0.00000635,-1.2008,0.00000635,-23.584
0.00000636,-1.1376,0.00000636,-26.8
0.00000637,-1.1376,0.00000637,-23.584
0.00000638,-1.0112,0.00000638,-23.584
0.00000639,-1.2008,0.00000639,-24.656
0.0000064,-1.1376,0.0000064,-24.656
0.00000641,-1.1376,0.00000641,-25.728
0.00000642,-1.0744,0.00000642,-23.584
0.00000643,-1.1376,0.00000643,-23.584
0.00000644,-1.1376,0.00000644,-23.584
0.00000645,-1.1376,0.00000645,-25.728
0.00000646,-1.2008,0.00000646,-24.656
0.00000647,-1.0744,0.00000647,-23.584
0.00000648,-1.1376,0.00000648,-22.512
0.00000649,-1.0744,0.00000649,-24.656
0.0000065,-1.1376,0.0000065,-24.656
0.00000651,-1.1376,0.00000651,-24.656
0.00000652,-1.0112,0.00000652,-22.512
0.00000653,-1.0744,0.00000653,-21.44
0.00000654,-1.1376,0.00000654,-21.44
0.00000655,-1.1376,0.00000655,-22.512
0.00000656,-1.0744,0.00000656,-25.728
0.00000657,-1.1376,0.00000657,-24.656
0.00000658,-1.0744,0.00000658,-21.44
0.00000659,-1.0744,0.00000659,-22.512
0.0000066,-1.0744,0.0000066,-22.512
0.00000661,-1.0744,0.00000661,-23.584
0.00000662,-1.0112,0.00000662,-22.512
0.00000663,-1.0112,0.00000663,-20.368
0.00000664,-1.0744,0.00000664,-23.584
0.00000665,-1.0744,0.00000665,-21.44
0.00000666,-1.0744,0.00000666,-23.584
0.00000667,-0.948,0.00000667,-23.584
0.00000668,-1.1376,0.00000668,-23.584
0.00000669,-1.0112,0.00000669,-21.44
0.0000067,-1.0744,0.0000067,-19.296
0.00000671,-1.0744,0.00000671,-20.368
0.00000672,-1.0744,0.00000672,-19.296
0.00000673,-1.0112,0.00000673,-21.44
0.00000674,-1.0744,0.00000674,-20.368
0.00000675,-1.0112,0.00000675,-19.296
0.00000676,-1.0112,0.00000676,-20.368
0.00000677,-0.8848,0.00000677,-19.296
0.00000678,-1.0744,0.00000678,-20.368
0.00000679,-1.0744,0.00000679,-19.296
0.0000068,-0.8848,0.0000068,-19.296
0.00000681,-0.948,0.00000681,-19.296
0.00000682,-0.948,0.00000682,-21.44
0.00000683,-1.0112,0.00000683,-19.296
0.00000684,-0.948,0.00000684,-19.296
0.00000685,-0.948,0.00000685,-19.296
0.00000686,-0.948,0.00000686,-19.296
0.00000687,-1.0112,0.00000687,-18.224
0.00000688,-1.0112,0.00000688,-19.296
0.00000689,-1.0112,0.00000689,-20.368
0.0000069,-1.0112,0.0000069,-18.224
0.00000691,-0.948,0.00000691,-18.224
0.00000692,-0.948,0.00000692,-18.224
0.00000693,-0.948,0.00000693,-18.224
0.00000694,-0.8848,0.00000694,-17.152
0.00000695,-1.0112,0.00000695,-18.224
0.00000696,-1.0112,0.00000696,-18.224
0.00000697,-0.948,0.00000697,-19.296
0.00000698,-0.948,0.00000698,-18.224
0.00000699,-0.8848,0.00000699,-18.224
0.000007,-0.948,0.000007,-18.224
0.00000701,-0.948,0.00000701,-16.08
0.00000702,-0.8848,0.00000702,-15.008
0.00000703,-0.948,0.00000703,-15.008
0.00000704,-0.948,0.00000704,-18.224
0.00000705,-0.8848,0.00000705,-16.08
0.00000706,-0.948,0.00000706,-16.08
0.00000707,-0.8848,0.00000707,-18.224
0.00000708,-0.8848,0.00000708,-16.08
0.00000709,-0.8216,0.00000709,-15.008
0.0000071,-0.948,0.0000071,-16.08
0.00000711,-0.8848,0.00000711,-17.152
0.00000712,-0.8848,0.00000712,-17.152
0.00000713,-0.948,0.00000713,-17.152
0.00000714,-0.948,0.00000714,-13.936
0.00000715,-0.8848,0.00000715,-12.864
0.00000716,-0.8216,0.00000716,-13.936
0.00000717,-0.8848,0.00000717,-13.936
0.00000718,-0.8216,0.00000718,-15.008
0.00000719,-0.8216,0.00000719,-15.008
0.0000072,-0.8216,0.0000072,-15.008
0.00000721,-0.7584,0.00000721,-15.008
0.00000722,-0.8216,0.00000722,-16.08
0.00000723,-0.7584,0.00000723,-11.792
0.00000724,-0.8848,0.00000724,-11.792
0.00000725,-0.8848,0.00000725,-13.936
0.00000726,-0.8216,0.00000726,-12.864
0.00000727,-0.7584,0.00000727,-10.72
0.00000728,-0.8216,0.00000728,-12.864
0.00000729,-0.8216,0.00000729,-12.864
0.0000073,-0.7584,0.0000073,-12.864
0.00000731,-0.8216,0.00000731,-13.936
0.00000732,-0.7584,0.00000732,-11.792
0.00000733,-0.6952,0.00000733,-12.864
0.00000734,-0.8848,0.00000734,-12.864
0.00000735,-0.8216,0.00000735,-12.864
0.00000736,-0.7584,0.00000736,-11.792
0.00000737,-0.6952,0.00000737,-11.792
0.00000738,-0.8216,0.00000738,-12.864
0.00000739,-0.7584,0.00000739,-11.792
0.0000074,-0.6952,0.0000074,-10.72
0.00000741,-0.6952,0.00000741,-11.792
0.00000742,-0.7584,0.00000742,-10.72
0.00000743,-0.6952,0.00000743,-11.792
0.00000744,-0.6952,0.00000744,-12.864
0.00000745,-0.6952,0.00000745,-10.72
0.00000746,-0.6952,0.00000746,-8.576
0.00000747,-0.8216,0.00000747,-7.504
0.00000748,-0.6952,0.00000748,-9.648
0.00000749,-0.6952,0.00000749,-10.72
0.0000075,-0.6952,0.0000075,-9.648
0.00000751,-0.6952,0.00000751,-8.576
0.00000752,-0.6952,0.00000752,-6.432
0.00000753,-0.6952,0.00000753,-7.504
0.00000754,-0.6952,0.00000754,-9.648
0.00000755,-0.632,0.00000755,-11.792
0.00000756,-0.632,0.00000756,-8.576
0.00000757,-0.632,0.00000757,-8.576
0.00000758,-0.632,0.00000758,-9.648
0.00000759,-0.6952,0.00000759,-8.576
0.0000076,-0.632,0.0000076,-8.576
0.00000761,-0.5688,0.00000761,-6.432
0.00000762,-0.5688,0.00000762,-7.504
0.00000763,-0.632,0.00000763,-7.504
0.00000764,-0.5688,0.00000764,-8.576
0.00000765,-0.5688,0.00000765,-6.432
0.00000766,-0.4424,0.00000766,-6.432
0.00000767,-0.632,0.00000767,-7.504
0.00000768,-0.5688,0.00000768,-5.36
0.00000769,-0.5688,0.00000769,-1.072
0.0000077,-0.4424,0.0000077,-5.36
0.00000771,-0.4424,0.00000771,-5.36
0.00000772,-0.5056,0.00000772,-4.288
0.00000773,-0.4424,0.00000773,-6.432
0.00000774,-0.5688,0.00000774,-7.504
0.00000775,-0.4424,0.00000775,-4.288
0.00000776,-0.4424,0.00000776,-4.288
0.00000777,-0.5056,0.00000777,-3.216
0.00000778,-0.5056,0.00000778,-4.288
0.00000779,-0.5056,0.00000779,-5.36
0.0000078,-0.5056,0.0000078,-4.288
0.00000781,-0.4424,0.00000781,-3.216
0.00000782,-0.4424,0.00000782,-5.36
0.00000783,-0.3792,0.00000783,-4.288
0.00000784,-0.4424,0.00000784,-1.072
0.00000785,-0.3792,0.00000785,-2.144
0.00000786,-0.4424,0.00000786,-2.144
0.00000787,-0.4424,0.00000787,-1.072
0.00000788,-0.3792,0.00000788,-2.144
0.00000789,-0.4424,0.00000789,-2.144
0.0000079,-0.3792,0.0000079,-2.144
0.00000791,-0.3792,0.00000791,-2.144
0.00000792,-0.3792,0.00000792,-2.144
0.00000793,-0.3792,0.00000793,0
0.00000794,-0.3792,0.00000794,-2.144
0.00000795,-0.4424,0.00000795,-1.072
0.00000796,-0.3792,0.00000796,-1.072
0.00000797,-0.316,0.00000797,-1.072
0.00000798,-0.3792,0.00000798,-2.144
0.00000799,-0.316,0.00000799,-1.072
0.000008,-0.316,0.000008,-1.072
0.00000801,-0.316,0.00000801,0
0.00000802,-0.316,0.00000802,2.144
0.00000803,-0.316,0.00000803,0
0.00000804,-0.3792,0.00000804,-1.072
0.00000805,-0.2528,0.00000805,0
0.00000806,-0.2528,0.00000806,-1.072
0.00000807,-0.1896,0.00000807,1.072
0.00000808,-0.316,0.00000808,0
0.00000809,-0.2528,0.00000809,2.144
0.0000081,-0.316,0.0000081,2.144
0.00000811,-0.2528,0.00000811,1.072
0.00000812,-0.316,0.00000812,2.144
0.00000813,-0.1896,0.00000813,2.144
0.00000814,-0.2528,0.00000814,2.144
0.00000815,-0.316,0.00000815,0
0.00000816,-0.1896,0.00000816,3.216
0.00000817,-0.2528,0.00000817,2.144
0.00000818,-0.1896,0.00000818,4.288
0.00000819,-0.2528,0.00000819,2.144
0.0000082,-0.2528,0.0000082,3.216
0.00000821,-0.1896,0.00000821,2.144
0.00000822,-0.1896,0.00000822,4.288
0.00000823,-0.1264,0.00000823,4.288
0.00000824,-0.1896,0.00000824,3.216
0.00000825,-0.1264,0.00000825,3.216
0.00000826,-0.1264,0.00000826,5.36
0.00000827,-0.0632,0.00000827,6.432
0.00000828,-0.1264,0.00000828,4.288
0.00000829,-0.1264,0.00000829,4.288
0.0000083,-0.1264,0.0000083,4.288
0.00000831,-0.0632,0.00000831,4.288
0.00000832,-0.1264,0.00000832,6.432
0.00000833,-0.1896,0.00000833,4.288
0.00000834,-0.1264,0.00000834,4.288
0.00000835,0,0.00000835,6.432
0.00000836,-0.0632,0.00000836,6.432
0.00000837,-0.0632,0.00000837,5.36
0.00000838,0,0.00000838,4.288
0.00000839,-0.0632,0.00000839,7.504
0.0000084,0,0.0000084,6.432
0.00000841,-0.0632,0.00000841,7.504
0.00000842,0,0.00000842,7.504
0.00000843,-0.0632,0.00000843,8.576
0.00000844,-0.0632,0.00000844,5.36
0.00000845,0.0632,0.00000845,7.504
0.00000846,0,0.00000846,8.576
0.00000847,0,0.00000847,10.72
0.00000848,0,0.00000848,6.432
0.00000849,0,0.00000849,6.432
0.0000085,0,0.0000085,8.576
0.00000851,0.0632,0.00000851,9.648
0.00000852,0,0.00000852,8.576
0.00000853,0,0.00000853,8.576
0.00000854,0.0632,0.00000854,8.576
0.00000855,0.0632,0.00000855,8.576
0.00000856,0.0632,0.00000856,9.648
0.00000857,0.1264,0.00000857,8.576
0.00000858,0.0632,0.00000858,9.648
0.00000859,0.0632,0.00000859,9.648
0.0000086,0.2528,0.0000086,11.792
0.00000861,0.0632,0.00000861,10.72
0.00000862,0.1896,0.00000862,10.72
0.00000863,0.0632,0.00000863,9.648
0.00000864,0.1264,0.00000864,11.792
0.00000865,0.1896,0.00000865,12.864
0.00000866,0.1264,0.00000866,9.648
0.00000867,0.1896,0.00000867,12.864
0.00000868,0.1896,0.00000868,13.936
0.00000869,0.2528,0.00000869,13.936
0.0000087,0.1896,0.0000087,12.864
0.00000871,0.1896,0.00000871,13.936
0.00000872,0.2528,0.00000872,11.792
0.00000873,0.1264,0.00000873,11.792
0.00000874,0.316,0.00000874,15.008
0.00000875,0.2528,0.00000875,12.864
0.00000876,0.316,0.00000876,12.864
0.00000877,0.2528,0.00000877,13.936
0.00000878,0.2528,0.00000878,11.792
0.00000879,0.2528,0.00000879,13.936
0.0000088,0.316,0.0000088,13.936
0.00000881,0.2528,0.00000881,13.936
0.00000882,0.316,0.00000882,12.864
0.00000883,0.2528,0.00000883,13.936
0.00000884,0.2528,0.00000884,13.936
0.00000885,0.316,0.00000885,15.008
0.00000886,0.4424,0.00000886,12.864
0.00000887,0.2528,0.00000887,15.008
0.00000888,0.3792,0.00000888,16.08
0.00000889,0.316,0.00000889,16.08
0.0000089,0.316,0.0000089,15.008
0.00000891,0.4424,0.00000891,16.08
0.00000892,0.4424,0.00000892,16.08
0.00000893,0.3792,0.00000893,15.008
0.00000894,0.316,0.00000894,16.08
0.00000895,0.3792,0.00000895,15.008
0.00000896,0.316,0.00000896,16.08
0.00000897,0.3792,0.00000897,15.008
0.00000898,0.3792,0.00000898,13.936
0.00000899,0.3792,0.00000899,16.08
0.000009,0.5056,0.000009,18.224
0.00000901,0.4424,0.00000901,19.296
0.00000902,0.4424,0.00000902,18.224
0.00000903,0.4424,0.00000903,17.152
0.00000904,0.4424,0.00000904,18.224
0.00000905,0.4424,0.00000905,16.08
0.00000906,0.5056,0.00000906,18.224
0.00000907,0.5688,0.00000907,17.152
0.00000908,0.5056,0.00000908,18.224
0.00000909,0.5056,0.00000909,18.224
0.0000091,0.5688,0.0000091,18.224
0.00000911,0.5056,0.00000911,19.296
0.00000912,0.5688,0.00000912,18.224
0.00000913,0.5056,0.00000913,18.224
0.00000914,0.5056,0.00000914,18.224
0.00000915,0.5688,0.00000915,19.296
0.00000916,0.5688,0.00000916,19.296
0.00000917,0.5688,0.00000917,21.44
0.00000918,0.4424,0.00000918,18.224
0.00000919,0.632,0.00000919,20.368
0.0000092,0.5056,0.0000092,20.368
0.00000921,0.5688,0.00000921,21.44
0.00000922,0.5056,0.00000922,20.368
0.00000923,0.4424,0.00000923,19.296
0.00000924,0.5688,0.00000924,18.224
0.00000925,0.5688,0.00000925,21.44
0.00000926,0.6952,0.00000926,22.512
0.00000927,0.6952,0.00000927,19.296
0.00000928,0.632,0.00000928,21.44
0.00000929,0.632,0.00000929,20.368
0.0000093,0.632,0.0000093,21.44
0.00000931,0.5688,0.00000931,21.44
0.00000932,0.632,0.00000932,20.368
0.00000933,0.632,0.00000933,21.44
0.00000934,0.7584,0.00000934,21.44
0.00000935,0.6952,0.00000935,22.512
0.00000936,0.6952,0.00000936,22.512
0.00000937,0.7584,0.00000937,21.44
0.00000938,0.7584,0.00000938,24.656
0.00000939,0.6952,0.00000939,22.512
0.0000094,0.632,0.0000094,21.44
0.00000941,0.6952,0.00000941,23.584
0.00000942,0.7584,0.00000942,20.368
0.00000943,0.7584,0.00000943,22.512
0.00000944,0.6952,0.00000944,24.656
0.00000945,0.6952,0.00000945,23.584
0.00000946,0.6952,0.00000946,22.512
0.00000947,0.632,0.00000947,21.44
0.00000948,0.7584,0.00000948,21.44
0.00000949,0.7584,0.00000949,22.512
0.0000095,0.7584,0.0000095,24.656
0.00000951,0.7584,0.00000951,24.656
0.00000952,0.7584,0.00000952,21.44
0.00000953,0.8216,0.00000953,22.512
0.00000954,0.8216,0.00000954,23.584
0.00000955,0.7584,0.00000955,24.656
0.00000956,0.7584,0.00000956,21.44
0.00000957,0.8216,0.00000957,23.584
0.00000958,0.7584,0.00000958,22.512
0.00000959,0.948,0.00000959,25.728
0.0000096,0.8848,0.0000096,24.656
0.00000961,0.8848,0.00000961,24.656
0.00000962,0.7584,0.00000962,23.584
0.00000963,0.8216,0.00000963,24.656
0.00000964,1.0112,0.00000964,25.728
0.00000965,0.8216,0.00000965,26.8
0.00000966,0.8848,0.00000966,24.656
0.00000967,0.8216,0.00000967,25.728
0.00000968,0.8848,0.00000968,25.728
0.00000969,0.8848,0.00000969,27.872
0.0000097,0.8216,0.0000097,25.728
0.00000971,0.8216,0.00000971,26.8
0.00000972,0.8216,0.00000972,26.8
0.00000973,0.948,0.00000973,26.8
0.00000974,0.948,0.00000974,24.656
0.00000975,0.8216,0.00000975,26.8
0.00000976,0.7584,0.00000976,27.872
0.00000977,0.948,0.00000977,24.656
0.00000978,1.0112,0.00000978,25.728
0.00000979,1.0112,0.00000979,25.728
0.0000098,0.8848,0.0000098,24.656
0.00000981,1.0112,0.00000981,24.656
0.00000982,0.8848,0.00000982,26.8
0.00000983,1.0112,0.00000983,28.944
0.00000984,0.948,0.00000984,26.8
0.00000985,0.8848,0.00000985,26.8
0.00000986,0.948,0.00000986,24.656
0.00000987,1.0112,0.00000987,26.8
0.00000988,1.0112,0.00000988,25.728
0.00000989,1.0112,0.00000989,26.8
0.0000099,1.0112,0.0000099,27.872
0.00000991,1.0112,0.00000991,30.016
0.00000992,1.0744,0.00000992,25.728
0.00000993,1.0112,0.00000993,26.8
0.00000994,1.0744,0.00000994,26.8
0.00000995,0.8848,0.00000995,26.8
0.00000996,0.948,0.00000996,24.656
0.00000997,1.0112,0.00000997,27.872
0.00000998,0.948,0.00000998,25.728
0.00000999,1.0744,0.00000999,27.872
0.00001,1.0744,0.00001,28.944
0.00001001,1.0112,0.00001001,26.8
0.00001002,1.0744,0.00001002,27.872
0.00001003,1.0744,0.00001003,27.872
0.00001004,1.1376,0.00001004,26.8
0.00001005,1.0744,0.00001005,30.016
0.00001006,1.0744,0.00001006,26.8
0.00001007,1.0112,0.00001007,28.944
0.00001008,1.0112,0.00001008,26.8
0.00001009,1.0112,0.00001009,26.8
0.0000101,1.0744,0.0000101,26.8
0.00001011,1.1376,0.00001011,30.016
0.00001012,1.0744,0.00001012,28.944
0.00001013,1.0112,0.00001013,27.872
0.00001014,1.0744,0.00001014,27.872
0.00001015,1.0744,0.00001015,30.016
0.00001016,1.0744,0.00001016,28.944
0.00001017,1.1376,0.00001017,30.016
0.00001018,1.0744,0.00001018,27.872
0.00001019,1.1376,0.00001019,28.944
0.0000102,1.2008,0.0000102,28.944
0.00001021,1.1376,0.00001021,27.872
0.00001022,1.1376,0.00001022,28.944
0.00001023,1.0744,0.00001023,27.872
0.00001024,1.1376,0.00001024,28.944
0.00001025,1.2008,0.00001025,26.8
0.00001026,1.1376,0.00001026,30.016
0.00001027,1.1376,0.00001027,28.944
0.00001028,1.1376,0.00001028,26.8
0.00001029,1.264,0.00001029,26.8
0.0000103,1.2008,0.0000103,28.944
0.00001031,1.1376,0.00001031,28.944
0.00001032,1.2008,0.00001032,28.944
0.00001033,1.2008,0.00001033,28.944
0.00001034,1.2008,0.00001034,28.944
0.00001035,1.1376,0.00001035,28.944
0.00001036,1.2008,0.00001036,31.088
0.00001037,1.2008,0.00001037,31.088
0.00001038,1.2008,0.00001038,27.872
0.00001039,1.1376,0.00001039,28.944
0.0000104,1.2008,0.0000104,28.944
0.00001041,1.2008,0.00001041,26.8
0.00001042,1.1376,0.00001042,30.016
0.00001043,1.2008,0.00001043,28.944
0.00001044,1.2008,0.00001044,28.944
0.00001045,1.2008,0.00001045,28.944
0.00001046,1.2008,0.00001046,28.944
0.00001047,1.1376,0.00001047,26.8
0.00001048,1.2008,0.00001048,28.944
0.00001049,1.2008,0.00001049,31.088
0.0000105,1.2008,0.0000105,31.088
0.00001051,1.1376,0.00001051,28.944
0.00001052,1.264,0.00001052,26.8
0.00001053,1.2008,0.00001053,31.088
0.00001054,1.264,0.00001054,30.016
0.00001055,1.1376,0.00001055,28.944
0.00001056,1.264,0.00001056,30.016
0.00001057,1.2008,0.00001057,28.944
0.00001058,1.3272,0.00001058,30.016
0.00001059,1.264,0.00001059,30.016
0.0000106,1.264,0.0000106,31.088
0.00001061,1.2008,0.00001061,30.016
0.00001062,1.2008,0.00001062,27.872
0.00001063,1.3272,0.00001063,28.944
0.00001064,1.2008,0.00001064,30.016
0.00001065,1.2008,0.00001065,30.016
0.00001066,1.2008,0.00001066,31.088
0.00001067,1.3272,0.00001067,28.944
0.00001068,1.2008,0.00001068,30.016
0.00001069,1.2008,0.00001069,28.944
0.0000107,1.264,0.0000107,28.944
0.00001071,1.264,0.00001071,28.944
0.00001072,1.264,0.00001072,28.944
0.00001073,1.3272,0.00001073,27.872
0.00001074,1.2008,0.00001074,27.872
0.00001075,1.264,0.00001075,28.944
0.00001076,1.3272,0.00001076,27.872
0.00001077,1.264,0.00001077,30.016
0.00001078,1.264,0.00001078,28.944
0.00001079,1.2008,0.00001079,28.944
0.0000108,1.3272,0.0000108,28.944
0.00001081,1.264,0.00001081,28.944
0.00001082,1.3272,0.00001082,31.088
0.00001083,1.264,0.00001083,30.016
0.00001084,1.2008,0.00001084,28.944
0.00001085,1.3272,0.00001085,28.944
0.00001086,1.3272,0.00001086,28.944
0.00001087,1.264,0.00001087,28.944
0.00001088,1.264,0.00001088,30.016
0.00001089,1.264,0.00001089,30.016
0.0000109,1.3272,0.0000109,30.016
0.00001091,1.264,0.00001091,28.944
0.00001092,1.264,0.00001092,28.944
0.00001093,1.3904,0.00001093,27.872
0.00001094,1.2008,0.00001094,27.872
0.00001095,1.264,0.00001095,27.872
0.00001096,1.264,0.00001096,28.944
0.00001097,1.264,0.00001097,27.872
0.00001098,1.264,0.00001098,26.8
0.00001099,1.3272,0.00001099,26.8
0.000011,1.264,0.000011,27.872
0.00001101,1.264,0.00001101,28.944
0.00001102,1.3272,0.00001102,28.944
0.00001103,1.264,0.00001103,26.8
0.00001104,1.264,0.00001104,28.944
0.00001105,1.264,0.00001105,28.944
0.00001106,1.264,0.00001106,26.8
0.00001107,1.264,0.00001107,26.8
0.00001108,1.264,0.00001108,26.8
0.00001109,1.1376,0.00001109,27.872
0.0000111,1.264,0.0000111,25.728
0.00001111,1.264,0.00001111,27.872
0.00001112,1.264,0.00001112,28.944
0.00001113,1.2008,0.00001113,26.8
0.00001114,1.3272,0.00001114,26.8
0.00001115,1.3272,0.00001115,26.8
0.00001116,1.264,0.00001116,26.8
0.00001117,1.3272,0.00001117,25.728
0.00001118,1.3272,0.00001118,25.728
0.00001119,1.3272,0.00001119,28.944
0.0000112,1.3272,0.0000112,25.728
0.00001121,1.2008,0.00001121,26.8
0.00001122,1.3272,0.00001122,26.8
0.00001123,1.264,0.00001123,27.872
0.00001124,1.264,0.00001124,25.728
0.00001125,1.3272,0.00001125,25.728
0.00001126,1.264,0.00001126,24.656
0.00001127,1.2008,0.00001127,25.728
0.00001128,1.264,0.00001128,26.8
0.00001129,1.264,0.00001129,26.8
0.0000113,1.2008,0.0000113,24.656
0.00001131,1.264,0.00001131,25.728
0.00001132,1.3272,0.00001132,27.872
0.00001133,1.264,0.00001133,24.656
0.00001134,1.2008,0.00001134,25.728
0.00001135,1.3272,0.00001135,25.728
0.00001136,1.2008,0.00001136,27.872
0.00001137,1.2008,0.00001137,25.728
0.00001138,1.0744,0.00001138,23.584
0.00001139,1.2008,0.00001139,23.584
0.0000114,1.264,0.0000114,24.656
0.00001141,1.264,0.00001141,24.656
0.00001142,1.264,0.00001142,26.8
0.00001143,1.2008,0.00001143,25.728
0.00001144,1.264,0.00001144,24.656
0.00001145,1.264,0.00001145,25.728
0.00001146,1.2008,0.00001146,24.656
0.00001147,1.1376,0.00001147,25.728
0.00001148,1.2008,0.00001148,24.656
0.00001149,1.2008,0.00001149,25.728
0.0000115,1.2008,0.0000115,23.584
0.00001151,1.2008,0.00001151,22.512
0.00001152,1.1376,0.00001152,24.656
0.00001153,1.3272,0.00001153,23.584
0.00001154,1.1376,0.00001154,23.584
0.00001155,1.264,0.00001155,22.512
0.00001156,1.264,0.00001156,21.44
0.00001157,1.2008,0.00001157,23.584
0.00001158,1.264,0.00001158,23.584
0.00001159,1.2008,0.00001159,23.584
0.0000116,1.2008,0.0000116,24.656
0.00001161,1.1376,0.00001161,23.584
0.00001162,1.1376,0.00001162,22.512
0.00001163,1.2008,0.00001163,22.512
0.00001164,1.1376,0.00001164,23.584
0.00001165,1.0744,0.00001165,24.656
0.00001166,1.2008,0.00001166,21.44
0.00001167,1.2008,0.00001167,24.656
0.00001168,1.0744,0.00001168,21.44
0.00001169,1.2008,0.00001169,21.44
0.0000117,1.1376,0.0000117,22.512
0.00001171,1.2008,0.00001171,23.584
0.00001172,1.264,0.00001172,20.368
0.00001173,1.1376,0.00001173,21.44
0.00001174,1.1376,0.00001174,22.512
0.00001175,1.2008,0.00001175,21.44
0.00001176,1.1376,0.00001176,21.44
0.00001177,1.2008,0.00001177,22.512
0.00001178,1.0744,0.00001178,20.368
0.00001179,1.264,0.00001179,20.368
0.0000118,1.0744,0.0000118,22.512
0.00001181,1.1376,0.00001181,23.584
0.00001182,1.1376,0.00001182,21.44
0.00001183,1.1376,0.00001183,20.368
0.00001184,1.0744,0.00001184,21.44
0.00001185,1.1376,0.00001185,20.368
0.00001186,1.1376,0.00001186,18.224
0.00001187,1.1376,0.00001187,20.368
0.00001188,1.1376,0.00001188,21.44
0.00001189,1.2008,0.00001189,20.368
0.0000119,1.0744,0.0000119,20.368
0.00001191,1.0112,0.00001191,20.368
0.00001192,1.0744,0.00001192,18.224
0.00001193,1.0744,0.00001193,20.368
0.00001194,1.0112,0.00001194,17.152
0.00001195,1.0744,0.00001195,18.224
0.00001196,1.0744,0.00001196,19.296
0.00001197,1.0744,0.00001197,20.368
0.00001198,1.0744,0.00001198,19.296
0.00001199,1.0112,0.00001199,18.224
0.000012,1.0112,0.000012,17.152
0.00001201,1.0744,0.00001201,18.224
0.00001202,1.0112,0.00001202,17.152
0.00001203,1.0744,0.00001203,17.152
0.00001204,1.0112,0.00001204,18.224
0.00001205,1.0744,0.00001205,17.152
0.00001206,1.0112,0.00001206,17.152
0.00001207,1.0112,0.00001207,17.152
0.00001208,0.948,0.00001208,17.152
0.00001209,1.0112,0.00001209,16.08
0.0000121,1.0112,0.0000121,17.152
0.00001211,0.948,0.00001211,17.152
0.00001212,1.0112,0.00001212,17.152
0.00001213,1.0112,0.00001213,16.08
0.00001214,1.0744,0.00001214,16.08
0.00001215,1.0112,0.00001215,13.936
0.00001216,1.0112,0.00001216,15.008
0.00001217,1.0112,0.00001217,15.008
0.00001218,0.8848,0.00001218,16.08
0.00001219,0.8848,0.00001219,16.08
0.0000122,0.948,0.0000122,16.08
0.00001221,1.0112,0.00001221,16.08
0.00001222,0.948,0.00001222,17.152
0.00001223,0.948,0.00001223,15.008
0.00001224,0.8216,0.00001224,13.936
0.00001225,0.8848,0.00001225,13.936
0.00001226,0.948,0.00001226,15.008
0.00001227,0.948,0.00001227,13.936
0.00001228,0.8848,0.00001228,16.08
0.00001229,0.8216,0.00001229,11.792
0.0000123,0.8848,0.0000123,12.864
0.00001231,0.948,0.00001231,13.936
0.00001232,0.8848,0.00001232,11.792
0.00001233,0.8848,0.00001233,13.936
0.00001234,0.8848,0.00001234,12.864
0.00001235,0.8216,0.00001235,15.008
0.00001236,0.8216,0.00001236,13.936
0.00001237,0.7584,0.00001237,13.936
0.00001238,0.8216,0.00001238,11.792
0.00001239,0.8848,0.00001239,10.72
0.0000124,0.8216,0.0000124,10.72
0.00001241,0.8216,0.00001241,11.792
0.00001242,0.8216,0.00001242,13.936
0.00001243,0.7584,0.00001243,10.72
0.00001244,0.8216,0.00001244,9.648
0.00001245,0.8848,0.00001245,9.648
0.00001246,0.7584,0.00001246,11.792
0.00001247,0.8216,0.00001247,12.864
0.00001248,0.7584,0.00001248,12.864
0.00001249,0.7584,0.00001249,8.576