#,Arquivo:,C:/Documents,and,Settings/AULA/Desktop/FRANCK_HERTZ_2-02-12-2016/He_3.txt
#,Tensao,inicial:,10.0,
#,Tensao,final:,30.0,
#,Passo:,0.0121,,
1.000000000000000000e+01	0.000000000000000000e+00,,,,
1.001210000000000022e+01	0.000000000000000000e+00,,,,
1.002420000000000044e+01	0.000000000000000000e+00,,,,
1.003630000000000067e+01	0.000000000000000000e+00,,,,
1.004840000000000089e+01	0.000000000000000000e+00,,,,
1.006050000000000111e+01	0.000000000000000000e+00,,,,
1.007260000000000133e+01	0.000000000000000000e+00,,,,
1.008470000000000155e+01	0.000000000000000000e+00,,,,
1.009680000000000177e+01	0.000000000000000000e+00,,,,
1.010890000000000200e+01	0.000000000000000000e+00,,,,
1.012100000000000222e+01	0.000000000000000000e+00,,,,
1.013310000000000244e+01	0.000000000000000000e+00,,,,
1.014520000000000266e+01	0.000000000000000000e+00,,,,
1.015730000000000288e+01	0.000000000000000000e+00,,,,
1.016940000000000310e+01	0.000000000000000000e+00,,,,
1.018150000000000333e+01	0.000000000000000000e+00,,,,
1.019360000000000355e+01	0.000000000000000000e+00,,,,
1.020570000000000377e+01	0.000000000000000000e+00,,,,
1.021780000000000399e+01	0.000000000000000000e+00,,,,
1.022990000000000421e+01	0.000000000000000000e+00,,,,
1.024200000000000443e+01	0.000000000000000000e+00,,,,
1.025410000000000466e+01	0.000000000000000000e+00,,,,
1.026620000000000488e+01	0.000000000000000000e+00,,,,
1.027830000000000510e+01	0.000000000000000000e+00,,,,
1.029040000000000532e+01	0.000000000000000000e+00,,,,
1.030250000000000554e+01	0.000000000000000000e+00,,,,
1.031460000000000576e+01	0.000000000000000000e+00,,,,
1.032670000000000599e+01	0.000000000000000000e+00,,,,
1.033880000000000621e+01	0.000000000000000000e+00,,,,
1.035090000000000643e+01	0.000000000000000000e+00,,,,
1.036300000000000665e+01	0.000000000000000000e+00,,,,
1.037510000000000687e+01	0.000000000000000000e+00,,,,
1.038720000000000709e+01	0.000000000000000000e+00,,,,
1.039930000000000732e+01	0.000000000000000000e+00,,,,
1.041140000000000754e+01	0.000000000000000000e+00,,,,
1.042350000000000776e+01	0.000000000000000000e+00,,,,
1.043560000000000798e+01	0.000000000000000000e+00,,,,
1.044770000000000820e+01	0.000000000000000000e+00,,,,
1.045980000000000842e+01	0.000000000000000000e+00,,,,
1.047190000000000865e+01	0.000000000000000000e+00,,,,
1.048400000000000887e+01	0.000000000000000000e+00,,,,
1.049610000000000909e+01	0.000000000000000000e+00,,,,
1.050820000000000931e+01	0.000000000000000000e+00,,,,
1.052030000000000953e+01	0.000000000000000000e+00,,,,
1.053240000000000975e+01	0.000000000000000000e+00,,,,
1.054450000000000998e+01	0.000000000000000000e+00,,,,
1.055660000000001020e+01	0.000000000000000000e+00,,,,
1.056870000000001042e+01	0.000000000000000000e+00,,,,
1.058080000000001064e+01	0.000000000000000000e+00,,,,
1.059290000000001086e+01	0.000000000000000000e+00,,,,
1.060500000000001108e+01	0.000000000000000000e+00,,,,
1.061710000000001131e+01	0.000000000000000000e+00,,,,
1.062920000000001153e+01	0.000000000000000000e+00,,,,
1.064130000000001175e+01	0.000000000000000000e+00,,,,
1.065340000000001197e+01	0.000000000000000000e+00,,,,
1.066550000000001219e+01	0.000000000000000000e+00,,,,
1.067760000000001241e+01	0.000000000000000000e+00,,,,
1.068970000000001264e+01	0.000000000000000000e+00,,,,
1.070180000000001286e+01	0.000000000000000000e+00,,,,
1.071390000000001308e+01	0.000000000000000000e+00,,,,
1.072600000000001330e+01	0.000000000000000000e+00,,,,
1.073810000000001352e+01	0.000000000000000000e+00,,,,
1.075020000000001374e+01	0.000000000000000000e+00,,,,
1.076230000000001397e+01	0.000000000000000000e+00,,,,
1.077440000000001419e+01	0.000000000000000000e+00,,,,
1.078650000000001441e+01	0.000000000000000000e+00,,,,
1.079860000000001463e+01	0.000000000000000000e+00,,,,
1.081070000000001485e+01	0.000000000000000000e+00,,,,
1.082280000000001507e+01	0.000000000000000000e+00,,,,
1.083490000000001530e+01	0.000000000000000000e+00,,,,
1.084700000000001552e+01	0.000000000000000000e+00,,,,
1.085910000000001574e+01	0.000000000000000000e+00,,,,
1.087120000000001596e+01	0.000000000000000000e+00,,,,
1.088330000000001618e+01	0.000000000000000000e+00,,,,
1.089540000000001641e+01	0.000000000000000000e+00,,,,
1.090750000000001663e+01	0.000000000000000000e+00,,,,
1.091960000000001685e+01	0.000000000000000000e+00,,,,
1.093170000000001707e+01	0.000000000000000000e+00,,,,
1.094380000000001729e+01	0.000000000000000000e+00,,,,
1.095590000000001751e+01	0.000000000000000000e+00,,,,
1.096800000000001774e+01	0.000000000000000000e+00,,,,
1.098010000000001796e+01	0.000000000000000000e+00,,,,
1.099220000000001818e+01	0.000000000000000000e+00,,,,
1.100430000000001840e+01	0.000000000000000000e+00,,,,
1.101640000000001862e+01	0.000000000000000000e+00,,,,
1.102850000000001884e+01	0.000000000000000000e+00,,,,
1.104060000000001907e+01	0.000000000000000000e+00,,,,
1.105270000000001929e+01	0.000000000000000000e+00,,,,
1.106480000000001951e+01	0.000000000000000000e+00,,,,
1.107690000000001973e+01	0.000000000000000000e+00,,,,
1.108900000000001995e+01	0.000000000000000000e+00,,,,
1.110110000000002017e+01	0.000000000000000000e+00,,,,
1.111320000000002040e+01	0.000000000000000000e+00,,,,
1.112530000000002062e+01	0.000000000000000000e+00,,,,
1.113740000000002084e+01	0.000000000000000000e+00,,,,
1.114950000000002106e+01	0.000000000000000000e+00,,,,
1.116160000000002128e+01	0.000000000000000000e+00,,,,
1.117370000000002150e+01	0.000000000000000000e+00,,,,
1.118580000000002173e+01	0.000000000000000000e+00,,,,
1.119790000000002195e+01	0.000000000000000000e+00,,,,
1.121000000000002217e+01	0.000000000000000000e+00,,,,
1.122210000000002239e+01	0.000000000000000000e+00,,,,
1.123420000000002261e+01	0.000000000000000000e+00,,,,
1.124630000000002283e+01	0.000000000000000000e+00,,,,
1.125840000000002306e+01	0.000000000000000000e+00,,,,
1.127050000000002328e+01	0.000000000000000000e+00,,,,
1.128260000000002350e+01	0.000000000000000000e+00,,,,
1.129470000000002372e+01	0.000000000000000000e+00,,,,
1.130680000000002394e+01	0.000000000000000000e+00,,,,
1.131890000000002416e+01	0.000000000000000000e+00,,,,
1.133100000000002439e+01	0.000000000000000000e+00,,,,
1.134310000000002461e+01	0.000000000000000000e+00,,,,
1.135520000000002483e+01	0.000000000000000000e+00,,,,
1.136730000000002505e+01	0.000000000000000000e+00,,,,
1.137940000000002527e+01	0.000000000000000000e+00,,,,
1.139150000000002549e+01	0.000000000000000000e+00,,,,
1.140360000000002572e+01	0.000000000000000000e+00,,,,
1.141570000000002594e+01	0.000000000000000000e+00,,,,
1.142780000000002616e+01	0.000000000000000000e+00,,,,
1.143990000000002638e+01	0.000000000000000000e+00,,,,
1.145200000000002660e+01	0.000000000000000000e+00,,,,
1.146410000000002682e+01	0.000000000000000000e+00,,,,
1.147620000000002705e+01	0.000000000000000000e+00,,,,
1.148830000000002727e+01	0.000000000000000000e+00,,,,
1.150040000000002749e+01	0.000000000000000000e+00,,,,
1.151250000000002771e+01	0.000000000000000000e+00,,,,
1.152460000000002793e+01	0.000000000000000000e+00,,,,
1.153670000000002815e+01	0.000000000000000000e+00,,,,
1.154880000000002838e+01	0.000000000000000000e+00,,,,
1.156090000000002860e+01	0.000000000000000000e+00,,,,
1.157300000000002882e+01	0.000000000000000000e+00,,,,
1.158510000000002904e+01	0.000000000000000000e+00,,,,
1.159720000000002926e+01	0.000000000000000000e+00,,,,
1.160930000000002948e+01	0.000000000000000000e+00,,,,
1.162140000000002971e+01	0.000000000000000000e+00,,,,
1.163350000000002993e+01	0.000000000000000000e+00,,,,
1.164560000000003015e+01	0.000000000000000000e+00,,,,
1.165770000000003037e+01	0.000000000000000000e+00,,,,
1.166980000000003059e+01	0.000000000000000000e+00,,,,
1.168190000000003081e+01	0.000000000000000000e+00,,,,
1.169400000000003104e+01	0.000000000000000000e+00,,,,
1.170610000000003126e+01	0.000000000000000000e+00,,,,
1.171820000000003148e+01	0.000000000000000000e+00,,,,
1.173030000000003170e+01	0.000000000000000000e+00,,,,
1.174240000000003192e+01	0.000000000000000000e+00,,,,
1.175450000000003214e+01	0.000000000000000000e+00,,,,
1.176660000000003237e+01	0.000000000000000000e+00,,,,
1.177870000000003259e+01	0.000000000000000000e+00,,,,
1.179080000000003281e+01	0.000000000000000000e+00,,,,
1.180290000000003303e+01	0.000000000000000000e+00,,,,
1.181500000000003325e+01	0.000000000000000000e+00,,,,
1.182710000000003348e+01	0.000000000000000000e+00,,,,
1.183920000000003370e+01	0.000000000000000000e+00,,,,
1.185130000000003392e+01	0.000000000000000000e+00,,,,
1.186340000000003414e+01	0.000000000000000000e+00,,,,
1.187550000000003436e+01	0.000000000000000000e+00,,,,
1.188760000000003458e+01	0.000000000000000000e+00,,,,
1.189970000000003481e+01	0.000000000000000000e+00,,,,
1.191180000000003503e+01	0.000000000000000000e+00,,,,
1.192390000000003525e+01	0.000000000000000000e+00,,,,
1.193600000000003547e+01	0.000000000000000000e+00,,,,
1.194810000000003569e+01	0.000000000000000000e+00,,,,
1.196020000000003591e+01	0.000000000000000000e+00,,,,
1.197230000000003614e+01	0.000000000000000000e+00,,,,
1.198440000000003636e+01	0.000000000000000000e+00,,,,
1.199650000000003658e+01	0.000000000000000000e+00,,,,
1.200860000000003680e+01	0.000000000000000000e+00,,,,
1.202070000000003702e+01	0.000000000000000000e+00,,,,
1.203280000000003724e+01	0.000000000000000000e+00,,,,
1.204490000000003747e+01	0.000000000000000000e+00,,,,
1.205700000000003769e+01	0.000000000000000000e+00,,,,
1.206910000000003791e+01	0.000000000000000000e+00,,,,
1.208120000000003813e+01	0.000000000000000000e+00,,,,
1.209330000000003835e+01	0.000000000000000000e+00,,,,
1.210540000000003857e+01	0.000000000000000000e+00,,,,
1.211750000000003880e+01	0.000000000000000000e+00,,,,
1.212960000000003902e+01	0.000000000000000000e+00,,,,
1.214170000000003924e+01	0.000000000000000000e+00,,,,
1.215380000000003946e+01	0.000000000000000000e+00,,,,
1.216590000000003968e+01	0.000000000000000000e+00,,,,
1.217800000000003990e+01	0.000000000000000000e+00,,,,
1.219010000000004013e+01	0.000000000000000000e+00,,,,
1.220220000000004035e+01	0.000000000000000000e+00,,,,
1.221430000000004057e+01	0.000000000000000000e+00,,,,
1.222640000000004079e+01	0.000000000000000000e+00,,,,
1.223850000000004101e+01	0.000000000000000000e+00,,,,
1.225060000000004123e+01	0.000000000000000000e+00,,,,
1.226270000000004146e+01	0.000000000000000000e+00,,,,
1.227480000000004168e+01	0.000000000000000000e+00,,,,
1.228690000000004190e+01	0.000000000000000000e+00,,,,
1.229900000000004212e+01	0.000000000000000000e+00,,,,
1.231110000000004234e+01	0.000000000000000000e+00,,,,
1.232320000000004256e+01	0.000000000000000000e+00,,,,
1.233530000000004279e+01	0.000000000000000000e+00,,,,
1.234740000000004301e+01	0.000000000000000000e+00,,,,
1.235950000000004323e+01	0.000000000000000000e+00,,,,
1.237160000000004345e+01	0.000000000000000000e+00,,,,
1.238370000000004367e+01	0.000000000000000000e+00,,,,
1.239580000000004389e+01	0.000000000000000000e+00,,,,
1.240790000000004412e+01	0.000000000000000000e+00,,,,
1.242000000000004434e+01	0.000000000000000000e+00,,,,
1.243210000000004456e+01	0.000000000000000000e+00,,,,
1.244420000000004478e+01	0.000000000000000000e+00,,,,
1.245630000000004500e+01	0.000000000000000000e+00,,,,
1.246840000000004522e+01	0.000000000000000000e+00,,,,
1.248050000000004545e+01	0.000000000000000000e+00,,,,
1.249260000000004567e+01	0.000000000000000000e+00,,,,
1.250470000000004589e+01	0.000000000000000000e+00,,,,
1.251680000000004611e+01	0.000000000000000000e+00,,,,
1.252890000000004633e+01	0.000000000000000000e+00,,,,
1.254100000000004655e+01	0.000000000000000000e+00,,,,
1.255310000000004678e+01	0.000000000000000000e+00,,,,
1.256520000000004700e+01	0.000000000000000000e+00,,,,
1.257730000000004722e+01	0.000000000000000000e+00,,,,
1.258940000000004744e+01	0.000000000000000000e+00,,,,
1.260150000000004766e+01	0.000000000000000000e+00,,,,
1.261360000000004788e+01	0.000000000000000000e+00,,,,
1.262570000000004811e+01	0.000000000000000000e+00,,,,
1.263780000000004833e+01	0.000000000000000000e+00,,,,
1.264990000000004855e+01	0.000000000000000000e+00,,,,
1.266200000000004877e+01	0.000000000000000000e+00,,,,
1.267410000000004899e+01	0.000000000000000000e+00,,,,
1.268620000000004922e+01	0.000000000000000000e+00,,,,
1.269830000000004944e+01	0.000000000000000000e+00,,,,
1.271040000000004966e+01	0.000000000000000000e+00,,,,
1.272250000000004988e+01	0.000000000000000000e+00,,,,
1.273460000000005010e+01	0.000000000000000000e+00,,,,
1.274670000000005032e+01	0.000000000000000000e+00,,,,
1.275880000000005055e+01	0.000000000000000000e+00,,,,
1.277090000000005077e+01	0.000000000000000000e+00,,,,
1.278300000000005099e+01	0.000000000000000000e+00,,,,
1.279510000000005121e+01	0.000000000000000000e+00,,,,
1.280720000000005143e+01	0.000000000000000000e+00,,,,
1.281930000000005165e+01	0.000000000000000000e+00,,,,
1.283140000000005188e+01	0.000000000000000000e+00,,,,
1.284350000000005210e+01	0.000000000000000000e+00,,,,
1.285560000000005232e+01	0.000000000000000000e+00,,,,
1.286770000000005254e+01	0.000000000000000000e+00,,,,
1.287980000000005276e+01	0.000000000000000000e+00,,,,
1.289190000000005298e+01	0.000000000000000000e+00,,,,
1.290400000000005321e+01	0.000000000000000000e+00,,,,
1.291610000000005343e+01	0.000000000000000000e+00,,,,
1.292820000000005365e+01	0.000000000000000000e+00,,,,
1.294030000000005387e+01	0.000000000000000000e+00,,,,
1.295240000000005409e+01	0.000000000000000000e+00,,,,
1.296450000000005431e+01	0.000000000000000000e+00,,,,
1.297660000000005454e+01	0.000000000000000000e+00,,,,
1.298870000000005476e+01	0.000000000000000000e+00,,,,
1.300080000000005498e+01	0.000000000000000000e+00,,,,
1.301290000000005520e+01	0.000000000000000000e+00,,,,
1.302500000000005542e+01	0.000000000000000000e+00,,,,
1.303710000000005564e+01	0.000000000000000000e+00,,,,
1.304920000000005587e+01	0.000000000000000000e+00,,,,
1.306130000000005609e+01	0.000000000000000000e+00,,,,
1.307340000000005631e+01	0.000000000000000000e+00,,,,
1.308550000000005653e+01	0.000000000000000000e+00,,,,
1.309760000000005675e+01	0.000000000000000000e+00,,,,
1.310970000000005697e+01	0.000000000000000000e+00,,,,
1.312180000000005720e+01	0.000000000000000000e+00,,,,
1.313390000000005742e+01	0.000000000000000000e+00,,,,
1.314600000000005764e+01	0.000000000000000000e+00,,,,
1.315810000000005786e+01	0.000000000000000000e+00,,,,
1.317020000000005808e+01	0.000000000000000000e+00,,,,
1.318230000000005830e+01	0.000000000000000000e+00,,,,
1.319440000000005853e+01	0.000000000000000000e+00,,,,
1.320650000000005875e+01	0.000000000000000000e+00,,,,
1.321860000000005897e+01	0.000000000000000000e+00,,,,
1.323070000000005919e+01	0.000000000000000000e+00,,,,
1.324280000000005941e+01	0.000000000000000000e+00,,,,
1.325490000000005963e+01	0.000000000000000000e+00,,,,
1.326700000000005986e+01	0.000000000000000000e+00,,,,
1.327910000000006008e+01	0.000000000000000000e+00,,,,
1.329120000000006030e+01	0.000000000000000000e+00,,,,
1.330330000000006052e+01	0.000000000000000000e+00,,,,
1.331540000000006074e+01	0.000000000000000000e+00,,,,
1.332750000000006096e+01	0.000000000000000000e+00,,,,
1.333960000000006119e+01	0.000000000000000000e+00,,,,
1.335170000000006141e+01	0.000000000000000000e+00,,,,
1.336380000000006163e+01	0.000000000000000000e+00,,,,
1.337590000000006185e+01	0.000000000000000000e+00,,,,
1.338800000000006207e+01	1.000000000000000000e+00,,,,
1.340010000000006229e+01	1.000000000000000000e+00,,,,
1.341220000000006252e+01	1.000000000000000000e+00,,,,
1.342430000000006274e+01	1.000000000000000000e+00,,,,
1.343640000000006296e+01	1.000000000000000000e+00,,,,
1.344850000000006318e+01	1.000000000000000000e+00,,,,
1.346060000000006340e+01	1.000000000000000000e+00,,,,
1.347270000000006362e+01	1.000000000000000000e+00,,,,
1.348480000000006385e+01	1.000000000000000000e+00,,,,
1.349690000000006407e+01	1.000000000000000000e+00,,,,
1.350900000000006429e+01	1.000000000000000000e+00,,,,
1.352110000000006451e+01	1.000000000000000000e+00,,,,
1.353320000000006473e+01	1.000000000000000000e+00,,,,
1.354530000000006495e+01	1.000000000000000000e+00,,,,
1.355740000000006518e+01	1.000000000000000000e+00,,,,
1.356950000000006540e+01	1.000000000000000000e+00,,,,
1.358160000000006562e+01	1.000000000000000000e+00,,,,
1.359370000000006584e+01	1.000000000000000000e+00,,,,
1.360580000000006606e+01	1.000000000000000000e+00,,,,
1.361790000000006629e+01	1.000000000000000000e+00,,,,
1.363000000000006651e+01	1.000000000000000000e+00,,,,
1.364210000000006673e+01	1.000000000000000000e+00,,,,
1.365420000000006695e+01	1.000000000000000000e+00,,,,
1.366630000000006717e+01	1.000000000000000000e+00,,,,
1.367840000000006739e+01	1.000000000000000000e+00,,,,
1.369050000000006762e+01	1.000000000000000000e+00,,,,
1.370260000000006784e+01	1.000000000000000000e+00,,,,
1.371470000000006806e+01	1.000000000000000000e+00,,,,
1.372680000000006828e+01	1.000000000000000000e+00,,,,
1.373890000000006850e+01	1.000000000000000000e+00,,,,
1.375100000000006872e+01	1.000000000000000000e+00,,,,
1.376310000000006895e+01	1.000000000000000000e+00,,,,
1.377520000000006917e+01	1.000000000000000000e+00,,,,
1.378730000000006939e+01	2.000000000000000000e+00,,,,
1.379940000000006961e+01	2.000000000000000000e+00,,,,
1.381150000000006983e+01	2.000000000000000000e+00,,,,
1.382360000000007005e+01	2.000000000000000000e+00,,,,
1.383570000000007028e+01	2.000000000000000000e+00,,,,
1.384780000000007050e+01	2.000000000000000000e+00,,,,
1.385990000000007072e+01	2.000000000000000000e+00,,,,
1.387200000000007094e+01	2.000000000000000000e+00,,,,
1.388410000000007116e+01	2.000000000000000000e+00,,,,
1.389620000000007138e+01	2.000000000000000000e+00,,,,
1.390830000000007161e+01	2.000000000000000000e+00,,,,
1.392040000000007183e+01	2.000000000000000000e+00,,,,
1.393250000000007205e+01	2.000000000000000000e+00,,,,
1.394460000000007227e+01	2.000000000000000000e+00,,,,
1.395670000000007249e+01	2.000000000000000000e+00,,,,
1.396880000000007271e+01	2.000000000000000000e+00,,,,
1.398090000000007294e+01	2.000000000000000000e+00,,,,
1.399300000000007316e+01	2.000000000000000000e+00,,,,
1.400510000000007338e+01	3.000000000000000000e+00,,,,
1.401720000000007360e+01	3.000000000000000000e+00,,,,
1.402930000000007382e+01	3.000000000000000000e+00,,,,
1.404140000000007404e+01	3.000000000000000000e+00,,,,
1.405350000000007427e+01	3.000000000000000000e+00,,,,
1.406560000000007449e+01	3.000000000000000000e+00,,,,
1.407770000000007471e+01	3.000000000000000000e+00,,,,
1.408980000000007493e+01	3.000000000000000000e+00,,,,
1.410190000000007515e+01	4.000000000000000000e+00,,,,
1.411400000000007537e+01	4.000000000000000000e+00,,,,
1.412610000000007560e+01	3.000000000000000000e+00,,,,
1.413820000000007582e+01	3.000000000000000000e+00,,,,
1.415030000000007604e+01	3.000000000000000000e+00,,,,
1.416240000000007626e+01	4.000000000000000000e+00,,,,
1.417450000000007648e+01	4.000000000000000000e+00,,,,
1.418660000000007670e+01	4.000000000000000000e+00,,,,
1.419870000000007693e+01	4.000000000000000000e+00,,,,
1.421080000000007715e+01	4.000000000000000000e+00,,,,
1.422290000000007737e+01	4.000000000000000000e+00,,,,
1.423500000000007759e+01	4.000000000000000000e+00,,,,
1.424710000000007781e+01	4.000000000000000000e+00,,,,
1.425920000000007803e+01	4.000000000000000000e+00,,,,
1.427130000000007826e+01	5.000000000000000000e+00,,,,
1.428340000000007848e+01	5.000000000000000000e+00,,,,
1.429550000000007870e+01	5.000000000000000000e+00,,,,
1.430760000000007892e+01	5.000000000000000000e+00,,,,
1.431970000000007914e+01	5.000000000000000000e+00,,,,
1.433180000000007936e+01	5.000000000000000000e+00,,,,
1.434390000000007959e+01	5.000000000000000000e+00,,,,
1.435600000000007981e+01	6.000000000000000000e+00,,,,
1.436810000000008003e+01	6.000000000000000000e+00,,,,
1.438020000000008025e+01	6.000000000000000000e+00,,,,
1.439230000000008047e+01	6.000000000000000000e+00,,,,
1.440440000000008069e+01	6.000000000000000000e+00,,,,
1.441650000000008092e+01	6.000000000000000000e+00,,,,
1.442860000000008114e+01	6.000000000000000000e+00,,,,
1.444070000000008136e+01	6.000000000000000000e+00,,,,
1.445280000000008158e+01	6.000000000000000000e+00,,,,
1.446490000000008180e+01	6.000000000000000000e+00,,,,
1.447700000000008203e+01	6.000000000000000000e+00,,,,
1.448910000000008225e+01	6.000000000000000000e+00,,,,
1.450120000000008247e+01	6.000000000000000000e+00,,,,
1.451330000000008269e+01	6.000000000000000000e+00,,,,
1.452540000000008291e+01	7.000000000000000000e+00,,,,
1.453750000000008313e+01	7.000000000000000000e+00,,,,
1.454960000000008336e+01	7.000000000000000000e+00,,,,
1.456170000000008358e+01	7.000000000000000000e+00,,,,
1.457380000000008380e+01	7.000000000000000000e+00,,,,
1.458590000000008402e+01	7.000000000000000000e+00,,,,
1.459800000000008424e+01	8.000000000000000000e+00,,,,
1.461010000000008446e+01	7.000000000000000000e+00,,,,
1.462220000000008469e+01	7.000000000000000000e+00,,,,
1.463430000000008491e+01	7.000000000000000000e+00,,,,
1.464640000000008513e+01	8.000000000000000000e+00,,,,
1.465850000000008535e+01	8.000000000000000000e+00,,,,
1.467060000000008557e+01	7.000000000000000000e+00,,,,
1.468270000000008579e+01	7.000000000000000000e+00,,,,
1.469480000000008602e+01	8.000000000000000000e+00,,,,
1.470690000000008624e+01	8.000000000000000000e+00,,,,
1.471900000000008646e+01	8.000000000000000000e+00,,,,
1.473110000000008668e+01	8.000000000000000000e+00,,,,
1.474320000000008690e+01	8.000000000000000000e+00,,,,
1.475530000000008712e+01	8.000000000000000000e+00,,,,
1.476740000000008735e+01	8.000000000000000000e+00,,,,
1.477950000000008757e+01	8.000000000000000000e+00,,,,
1.479160000000008779e+01	8.000000000000000000e+00,,,,
1.480370000000008801e+01	8.000000000000000000e+00,,,,
1.481580000000008823e+01	9.000000000000000000e+00,,,,
1.482790000000008845e+01	9.000000000000000000e+00,,,,
1.484000000000008868e+01	9.000000000000000000e+00,,,,
1.485210000000008890e+01	9.000000000000000000e+00,,,,
1.486420000000008912e+01	9.000000000000000000e+00,,,,
1.487630000000008934e+01	1.000000000000000000e+01,,,,
1.488840000000008956e+01	9.000000000000000000e+00,,,,
1.490050000000008978e+01	9.000000000000000000e+00,,,,
1.491260000000009001e+01	9.000000000000000000e+00,,,,
1.492470000000009023e+01	9.000000000000000000e+00,,,,
1.493680000000009045e+01	9.000000000000000000e+00,,,,
1.494890000000009067e+01	9.000000000000000000e+00,,,,
1.496100000000009089e+01	9.000000000000000000e+00,,,,
1.497310000000009111e+01	9.000000000000000000e+00,,,,
1.498520000000009134e+01	1.000000000000000000e+01,,,,
1.499730000000009156e+01	1.000000000000000000e+01,,,,
1.500940000000009178e+01	1.000000000000000000e+01,,,,
1.502150000000009200e+01	1.000000000000000000e+01,,,,
1.503360000000009222e+01	1.000000000000000000e+01,,,,
1.504570000000009244e+01	1.100000000000000000e+01,,,,
1.505780000000009267e+01	1.100000000000000000e+01,,,,
1.506990000000009289e+01	1.100000000000000000e+01,,,,
1.508200000000009311e+01	1.100000000000000000e+01,,,,
1.509410000000009333e+01	1.100000000000000000e+01,,,,
1.510620000000009355e+01	1.100000000000000000e+01,,,,
1.511830000000009377e+01	1.100000000000000000e+01,,,,
1.513040000000009400e+01	1.100000000000000000e+01,,,,
1.514250000000009422e+01	1.100000000000000000e+01,,,,
1.515460000000009444e+01	1.200000000000000000e+01,,,,
1.516670000000009466e+01	1.100000000000000000e+01,,,,
1.517880000000009488e+01	1.100000000000000000e+01,,,,
1.519090000000009510e+01	1.100000000000000000e+01,,,,
1.520300000000009533e+01	1.200000000000000000e+01,,,,
1.521510000000009555e+01	1.200000000000000000e+01,,,,
1.522720000000009577e+01	1.200000000000000000e+01,,,,
1.523930000000009599e+01	1.200000000000000000e+01,,,,
1.525140000000009621e+01	1.300000000000000000e+01,,,,
1.526350000000009643e+01	1.300000000000000000e+01,,,,
1.527560000000009666e+01	1.300000000000000000e+01,,,,
1.528770000000009688e+01	1.300000000000000000e+01,,,,
1.529980000000009710e+01	1.300000000000000000e+01,,,,
1.531190000000009732e+01	1.300000000000000000e+01,,,,
1.532400000000009754e+01	1.300000000000000000e+01,,,,
1.533610000000009776e+01	1.300000000000000000e+01,,,,
1.534820000000009799e+01	1.300000000000000000e+01,,,,
1.536030000000009821e+01	1.300000000000000000e+01,,,,
1.537240000000009843e+01	1.300000000000000000e+01,,,,
1.538450000000009865e+01	1.400000000000000000e+01,,,,
1.539660000000009887e+01	1.400000000000000000e+01,,,,
1.540870000000009910e+01	1.400000000000000000e+01,,,,
1.542080000000009932e+01	1.400000000000000000e+01,,,,
1.543290000000009954e+01	1.500000000000000000e+01,,,,
1.544500000000009976e+01	1.500000000000000000e+01,,,,
1.545710000000009998e+01	1.500000000000000000e+01,,,,
1.546920000000010020e+01	1.500000000000000000e+01,,,,
1.548130000000010043e+01	1.400000000000000000e+01,,,,
1.549340000000010065e+01	1.400000000000000000e+01,,,,
1.550550000000010087e+01	1.400000000000000000e+01,,,,
1.551760000000010109e+01	1.500000000000000000e+01,,,,
1.552970000000010131e+01	1.500000000000000000e+01,,,,
1.554180000000010153e+01	1.500000000000000000e+01,,,,
1.555390000000010176e+01	1.600000000000000000e+01,,,,
1.556600000000010198e+01	1.600000000000000000e+01,,,,
1.557810000000010220e+01	1.500000000000000000e+01,,,,
1.559020000000010242e+01	1.500000000000000000e+01,,,,
1.560230000000010264e+01	1.500000000000000000e+01,,,,
1.561440000000010286e+01	1.500000000000000000e+01,,,,
1.562650000000010309e+01	1.500000000000000000e+01,,,,
1.563860000000010331e+01	1.500000000000000000e+01,,,,
1.565070000000010353e+01	1.600000000000000000e+01,,,,
1.566280000000010375e+01	1.600000000000000000e+01,,,,
1.567490000000010397e+01	1.600000000000000000e+01,,,,
1.568700000000010419e+01	1.600000000000000000e+01,,,,
1.569910000000010442e+01	1.600000000000000000e+01,,,,
1.571120000000010464e+01	1.600000000000000000e+01,,,,
1.572330000000010486e+01	1.600000000000000000e+01,,,,
1.573540000000010508e+01	1.600000000000000000e+01,,,,
1.574750000000010530e+01	1.600000000000000000e+01,,,,
1.575960000000010552e+01	1.600000000000000000e+01,,,,
1.577170000000010575e+01	1.600000000000000000e+01,,,,
1.578380000000010597e+01	1.600000000000000000e+01,,,,
1.579590000000010619e+01	1.600000000000000000e+01,,,,
1.580800000000010641e+01	1.600000000000000000e+01,,,,
1.582010000000010663e+01	1.600000000000000000e+01,,,,
1.583220000000010685e+01	1.600000000000000000e+01,,,,
1.584430000000010708e+01	1.600000000000000000e+01,,,,
1.585640000000010730e+01	1.600000000000000000e+01,,,,
1.586850000000010752e+01	1.700000000000000000e+01,,,,
1.588060000000010774e+01	1.700000000000000000e+01,,,,
1.589270000000010796e+01	1.700000000000000000e+01,,,,
1.590480000000010818e+01	1.700000000000000000e+01,,,,
1.591690000000010841e+01	1.700000000000000000e+01,,,,
1.592900000000010863e+01	1.700000000000000000e+01,,,,
1.594110000000010885e+01	1.700000000000000000e+01,,,,
1.595320000000010907e+01	1.700000000000000000e+01,,,,
1.596530000000010929e+01	1.600000000000000000e+01,,,,
1.597740000000010951e+01	1.600000000000000000e+01,,,,
1.598950000000010974e+01	1.600000000000000000e+01,,,,
1.600160000000010996e+01	1.700000000000000000e+01,,,,
1.601370000000011018e+01	1.700000000000000000e+01,,,,
1.602580000000011040e+01	1.700000000000000000e+01,,,,
1.603790000000011062e+01	1.700000000000000000e+01,,,,
1.605000000000011084e+01	1.700000000000000000e+01,,,,
1.606210000000011107e+01	1.700000000000000000e+01,,,,
1.607420000000011129e+01	1.700000000000000000e+01,,,,
1.608630000000011151e+01	1.800000000000000000e+01,,,,
1.609840000000011173e+01	1.800000000000000000e+01,,,,
1.611050000000011195e+01	1.800000000000000000e+01,,,,
1.612260000000011217e+01	1.800000000000000000e+01,,,,
1.613470000000011240e+01	1.800000000000000000e+01,,,,
1.614680000000011262e+01	1.800000000000000000e+01,,,,
1.615890000000011284e+01	1.800000000000000000e+01,,,,
1.617100000000011306e+01	1.800000000000000000e+01,,,,
1.618310000000011328e+01	1.800000000000000000e+01,,,,
1.619520000000011350e+01	1.800000000000000000e+01,,,,
1.620730000000011373e+01	1.800000000000000000e+01,,,,
1.621940000000011395e+01	1.800000000000000000e+01,,,,
1.623150000000011417e+01	1.800000000000000000e+01,,,,
1.624360000000011439e+01	1.800000000000000000e+01,,,,
1.625570000000011461e+01	1.800000000000000000e+01,,,,
1.626780000000011484e+01	1.900000000000000000e+01,,,,
1.627990000000011506e+01	1.900000000000000000e+01,,,,
1.629200000000011528e+01	1.900000000000000000e+01,,,,
1.630410000000011550e+01	1.900000000000000000e+01,,,,
1.631620000000011572e+01	1.900000000000000000e+01,,,,
1.632830000000011594e+01	1.900000000000000000e+01,,,,
1.634040000000011617e+01	1.900000000000000000e+01,,,,
1.635250000000011639e+01	2.000000000000000000e+01,,,,
1.636460000000011661e+01	2.000000000000000000e+01,,,,
1.637670000000011683e+01	2.000000000000000000e+01,,,,
1.638880000000011705e+01	1.900000000000000000e+01,,,,
1.640090000000011727e+01	2.000000000000000000e+01,,,,
1.641300000000011750e+01	2.000000000000000000e+01,,,,
1.642510000000011772e+01	2.000000000000000000e+01,,,,
1.643720000000011794e+01	2.100000000000000000e+01,,,,
1.644930000000011816e+01	2.100000000000000000e+01,,,,
1.646140000000011838e+01	2.100000000000000000e+01,,,,
1.647350000000011860e+01	2.100000000000000000e+01,,,,
1.648560000000011883e+01	2.100000000000000000e+01,,,,
1.649770000000011905e+01	2.100000000000000000e+01,,,,
1.650980000000011927e+01	2.100000000000000000e+01,,,,
1.652190000000011949e+01	2.100000000000000000e+01,,,,
1.653400000000011971e+01	2.200000000000000000e+01,,,,
1.654610000000011993e+01	2.200000000000000000e+01,,,,
1.655820000000012016e+01	2.200000000000000000e+01,,,,
1.657030000000012038e+01	2.200000000000000000e+01,,,,
1.658240000000012060e+01	2.200000000000000000e+01,,,,
1.659450000000012082e+01	2.200000000000000000e+01,,,,
1.660660000000012104e+01	2.200000000000000000e+01,,,,
1.661870000000012126e+01	2.200000000000000000e+01,,,,
1.663080000000012149e+01	2.300000000000000000e+01,,,,
1.664290000000012171e+01	2.300000000000000000e+01,,,,
1.665500000000012193e+01	2.300000000000000000e+01,,,,
1.666710000000012215e+01	2.400000000000000000e+01,,,,
1.667920000000012237e+01	2.400000000000000000e+01,,,,
1.669130000000012259e+01	2.500000000000000000e+01,,,,
1.670340000000012282e+01	2.500000000000000000e+01,,,,
1.671550000000012304e+01	2.500000000000000000e+01,,,,
1.672760000000012326e+01	2.500000000000000000e+01,,,,
1.673970000000012348e+01	2.500000000000000000e+01,,,,
1.675180000000012370e+01	2.600000000000000000e+01,,,,
1.676390000000012392e+01	2.600000000000000000e+01,,,,
1.677600000000012415e+01	2.600000000000000000e+01,,,,
1.678810000000012437e+01	2.600000000000000000e+01,,,,
1.680020000000012459e+01	2.700000000000000000e+01,,,,
1.681230000000012481e+01	2.700000000000000000e+01,,,,
1.682440000000012503e+01	2.700000000000000000e+01,,,,
1.683650000000012525e+01	2.800000000000000000e+01,,,,
1.684860000000012548e+01	2.800000000000000000e+01,,,,
1.686070000000012570e+01	2.900000000000000000e+01,,,,
1.687280000000012592e+01	2.900000000000000000e+01,,,,
1.688490000000012614e+01	3.000000000000000000e+01,,,,
1.689700000000012636e+01	3.100000000000000000e+01,,,,
1.690910000000012658e+01	3.100000000000000000e+01,,,,
1.692120000000012681e+01	3.100000000000000000e+01,,,,
1.693330000000012703e+01	3.200000000000000000e+01,,,,
1.694540000000012725e+01	3.200000000000000000e+01,,,,
1.695750000000012747e+01	3.200000000000000000e+01,,,,
1.696960000000012769e+01	3.300000000000000000e+01,,,,
1.698170000000012791e+01	3.300000000000000000e+01,,,,
1.699380000000012814e+01	3.300000000000000000e+01,,,,
1.700590000000012836e+01	3.400000000000000000e+01,,,,
1.701800000000012858e+01	3.500000000000000000e+01,,,,
1.703010000000012880e+01	3.600000000000000000e+01,,,,
1.704220000000012902e+01	3.600000000000000000e+01,,,,
1.705430000000012924e+01	3.700000000000000000e+01,,,,
1.706640000000012947e+01	3.700000000000000000e+01,,,,
1.707850000000012969e+01	3.800000000000000000e+01,,,,
1.709060000000012991e+01	3.800000000000000000e+01,,,,
1.710270000000013013e+01	3.900000000000000000e+01,,,,
1.711480000000013035e+01	3.900000000000000000e+01,,,,
1.712690000000013058e+01	4.000000000000000000e+01,,,,
1.713900000000013080e+01	4.100000000000000000e+01,,,,
1.715110000000013102e+01	4.100000000000000000e+01,,,,
1.716320000000013124e+01	4.200000000000000000e+01,,,,
1.717530000000013146e+01	4.300000000000000000e+01,,,,
1.718740000000013168e+01	4.400000000000000000e+01,,,,
1.719950000000013191e+01	4.500000000000000000e+01,,,,
1.721160000000013213e+01	4.500000000000000000e+01,,,,
1.722370000000013235e+01	4.600000000000000000e+01,,,,
1.723580000000013257e+01	4.600000000000000000e+01,,,,
1.724790000000013279e+01	4.700000000000000000e+01,,,,
1.726000000000013301e+01	4.700000000000000000e+01,,,,
1.727210000000013324e+01	4.800000000000000000e+01,,,,
1.728420000000013346e+01	4.900000000000000000e+01,,,,
1.729630000000013368e+01	5.000000000000000000e+01,,,,
1.730840000000013390e+01	5.100000000000000000e+01,,,,
1.732050000000013412e+01	5.100000000000000000e+01,,,,
1.733260000000013434e+01	5.200000000000000000e+01,,,,
1.734470000000013457e+01	5.300000000000000000e+01,,,,
1.735680000000013479e+01	5.400000000000000000e+01,,,,
1.736890000000013501e+01	5.500000000000000000e+01,,,,
1.738100000000013523e+01	5.600000000000000000e+01,,,,
1.739310000000013545e+01	5.700000000000000000e+01,,,,
1.740520000000013567e+01	5.800000000000000000e+01,,,,
1.741730000000013590e+01	5.800000000000000000e+01,,,,
1.742940000000013612e+01	5.900000000000000000e+01,,,,
1.744150000000013634e+01	6.000000000000000000e+01,,,,
1.745360000000013656e+01	6.200000000000000000e+01,,,,
1.746570000000013678e+01	6.300000000000000000e+01,,,,
1.747780000000013700e+01	6.500000000000000000e+01,,,,
1.748990000000013723e+01	6.500000000000000000e+01,,,,
1.750200000000013745e+01	6.600000000000000000e+01,,,,
1.751410000000013767e+01	6.700000000000000000e+01,,,,
1.752620000000013789e+01	6.800000000000000000e+01,,,,
1.753830000000013811e+01	6.900000000000000000e+01,,,,
1.755040000000013833e+01	7.000000000000000000e+01,,,,
1.756250000000013856e+01	7.000000000000000000e+01,,,,
1.757460000000013878e+01	7.000000000000000000e+01,,,,
1.758670000000013900e+01	7.000000000000000000e+01,,,,
1.759880000000013922e+01	7.100000000000000000e+01,,,,
1.761090000000013944e+01	7.100000000000000000e+01,,,,
1.762300000000013966e+01	7.200000000000000000e+01,,,,
1.763510000000013989e+01	7.200000000000000000e+01,,,,
1.764720000000014011e+01	7.300000000000000000e+01,,,,
1.765930000000014033e+01	7.300000000000000000e+01,,,,
1.767140000000014055e+01	7.300000000000000000e+01,,,,
1.768350000000014077e+01	7.300000000000000000e+01,,,,
1.769560000000014099e+01	7.300000000000000000e+01,,,,
1.770770000000014122e+01	7.200000000000000000e+01,,,,
1.771980000000014144e+01	7.200000000000000000e+01,,,,
1.773190000000014166e+01	7.200000000000000000e+01,,,,
1.774400000000014188e+01	7.200000000000000000e+01,,,,
1.775610000000014210e+01	7.200000000000000000e+01,,,,
1.776820000000014232e+01	7.200000000000000000e+01,,,,
1.778030000000014255e+01	7.200000000000000000e+01,,,,
1.779240000000014277e+01	7.100000000000000000e+01,,,,
1.780450000000014299e+01	7.100000000000000000e+01,,,,
1.781660000000014321e+01	7.000000000000000000e+01,,,,
1.782870000000014343e+01	7.000000000000000000e+01,,,,
1.784080000000014365e+01	7.000000000000000000e+01,,,,
1.785290000000014388e+01	7.000000000000000000e+01,,,,
1.786500000000014410e+01	7.000000000000000000e+01,,,,
1.787710000000014432e+01	7.000000000000000000e+01,,,,
1.788920000000014454e+01	7.000000000000000000e+01,,,,
1.790130000000014476e+01	6.900000000000000000e+01,,,,
1.791340000000014498e+01	6.700000000000000000e+01,,,,
1.792550000000014521e+01	6.700000000000000000e+01,,,,
1.793760000000014543e+01	6.700000000000000000e+01,,,,
1.794970000000014565e+01	6.700000000000000000e+01,,,,
1.796180000000014587e+01	6.700000000000000000e+01,,,,
1.797390000000014609e+01	6.700000000000000000e+01,,,,
1.798600000000014631e+01	6.700000000000000000e+01,,,,
1.799810000000014654e+01	6.600000000000000000e+01,,,,
1.801020000000014676e+01	6.600000000000000000e+01,,,,
1.802230000000014698e+01	6.600000000000000000e+01,,,,
1.803440000000014720e+01	6.400000000000000000e+01,,,,
1.804650000000014742e+01	6.600000000000000000e+01,,,,
1.805860000000014765e+01	6.600000000000000000e+01,,,,
1.807070000000014787e+01	6.600000000000000000e+01,,,,
1.808280000000014809e+01	6.600000000000000000e+01,,,,
1.809490000000014831e+01	6.600000000000000000e+01,,,,
1.810700000000014853e+01	6.600000000000000000e+01,,,,
1.811910000000014875e+01	6.600000000000000000e+01,,,,
1.813120000000014898e+01	6.500000000000000000e+01,,,,
1.814330000000014920e+01	6.500000000000000000e+01,,,,
1.815540000000014942e+01	6.600000000000000000e+01,,,,
1.816750000000014964e+01	6.600000000000000000e+01,,,,
1.817960000000014986e+01	6.700000000000000000e+01,,,,
1.819170000000015008e+01	6.700000000000000000e+01,,,,
1.820380000000015031e+01	6.700000000000000000e+01,,,,
1.821590000000015053e+01	6.700000000000000000e+01,,,,
1.822800000000015075e+01	6.700000000000000000e+01,,,,
1.824010000000015097e+01	6.700000000000000000e+01,,,,
1.825220000000015119e+01	6.700000000000000000e+01,,,,
1.826430000000015141e+01	6.800000000000000000e+01,,,,
1.827640000000015164e+01	6.800000000000000000e+01,,,,
1.828850000000015186e+01	6.900000000000000000e+01,,,,
1.830060000000015208e+01	6.900000000000000000e+01,,,,
1.831270000000015230e+01	6.900000000000000000e+01,,,,
1.832480000000015252e+01	6.900000000000000000e+01,,,,
1.833690000000015274e+01	6.900000000000000000e+01,,,,
1.834900000000015297e+01	6.900000000000000000e+01,,,,
1.836110000000015319e+01	6.900000000000000000e+01,,,,
1.837320000000015341e+01	6.900000000000000000e+01,,,,
1.838530000000015363e+01	7.000000000000000000e+01,,,,
1.839740000000015385e+01	7.000000000000000000e+01,,,,
1.840950000000015407e+01	7.000000000000000000e+01,,,,
1.842160000000015430e+01	7.000000000000000000e+01,,,,
1.843370000000015452e+01	7.000000000000000000e+01,,,,
1.844580000000015474e+01	6.900000000000000000e+01,,,,
1.845790000000015496e+01	6.900000000000000000e+01,,,,
1.847000000000015518e+01	6.900000000000000000e+01,,,,
1.848210000000015540e+01	6.900000000000000000e+01,,,,
1.849420000000015563e+01	7.000000000000000000e+01,,,,
1.850630000000015585e+01	6.900000000000000000e+01,,,,
1.851840000000015607e+01	6.900000000000000000e+01,,,,
1.853050000000015629e+01	6.800000000000000000e+01,,,,
1.854260000000015651e+01	6.800000000000000000e+01,,,,
1.855470000000015673e+01	6.800000000000000000e+01,,,,
1.856680000000015696e+01	6.800000000000000000e+01,,,,
1.857890000000015718e+01	6.800000000000000000e+01,,,,
1.859100000000015740e+01	6.800000000000000000e+01,,,,
1.860310000000015762e+01	6.800000000000000000e+01,,,,
1.861520000000015784e+01	6.700000000000000000e+01,,,,
1.862730000000015806e+01	6.700000000000000000e+01,,,,
1.863940000000015829e+01	6.600000000000000000e+01,,,,
1.865150000000015851e+01	6.600000000000000000e+01,,,,
1.866360000000015873e+01	6.600000000000000000e+01,,,,
1.867570000000015895e+01	6.500000000000000000e+01,,,,
1.868780000000015917e+01	6.600000000000000000e+01,,,,
1.869990000000015939e+01	6.500000000000000000e+01,,,,
1.871200000000015962e+01	6.500000000000000000e+01,,,,
1.872410000000015984e+01	6.400000000000000000e+01,,,,
1.873620000000016006e+01	6.400000000000000000e+01,,,,
1.874830000000016028e+01	6.300000000000000000e+01,,,,
1.876040000000016050e+01	6.300000000000000000e+01,,,,
1.877250000000016072e+01	6.300000000000000000e+01,,,,
1.878460000000016095e+01	6.200000000000000000e+01,,,,
1.879670000000016117e+01	6.200000000000000000e+01,,,,
1.880880000000016139e+01	6.200000000000000000e+01,,,,
1.882090000000016161e+01	6.200000000000000000e+01,,,,
1.883300000000016183e+01	6.100000000000000000e+01,,,,
1.884510000000016205e+01	6.000000000000000000e+01,,,,
1.885720000000016228e+01	6.000000000000000000e+01,,,,
1.886930000000016250e+01	6.000000000000000000e+01,,,,
1.888140000000016272e+01	5.900000000000000000e+01,,,,
1.889350000000016294e+01	5.900000000000000000e+01,,,,
1.890560000000016316e+01	5.900000000000000000e+01,,,,
1.891770000000016339e+01	5.900000000000000000e+01,,,,
1.892980000000016361e+01	5.900000000000000000e+01,,,,
1.894190000000016383e+01	5.800000000000000000e+01,,,,
1.895400000000016405e+01	5.800000000000000000e+01,,,,
1.896610000000016427e+01	5.700000000000000000e+01,,,,
1.897820000000016449e+01	5.700000000000000000e+01,,,,
1.899030000000016472e+01	5.700000000000000000e+01,,,,
1.900240000000016494e+01	5.700000000000000000e+01,,,,
1.901450000000016516e+01	5.700000000000000000e+01,,,,
1.902660000000016538e+01	5.600000000000000000e+01,,,,
1.903870000000016560e+01	5.600000000000000000e+01,,,,
1.905080000000016582e+01	5.600000000000000000e+01,,,,
1.906290000000016605e+01	5.500000000000000000e+01,,,,
1.907500000000016627e+01	5.500000000000000000e+01,,,,
1.908710000000016649e+01	5.500000000000000000e+01,,,,
1.909920000000016671e+01	5.500000000000000000e+01,,,,
1.911130000000016693e+01	5.500000000000000000e+01,,,,
1.912340000000016715e+01	5.400000000000000000e+01,,,,
1.913550000000016738e+01	5.400000000000000000e+01,,,,
1.914760000000016760e+01	5.400000000000000000e+01,,,,
1.915970000000016782e+01	5.300000000000000000e+01,,,,
1.917180000000016804e+01	5.300000000000000000e+01,,,,
1.918390000000016826e+01	5.300000000000000000e+01,,,,
1.919600000000016848e+01	5.300000000000000000e+01,,,,
1.920810000000016871e+01	5.300000000000000000e+01,,,,
1.922020000000016893e+01	5.300000000000000000e+01,,,,
1.923230000000016915e+01	5.300000000000000000e+01,,,,
1.924440000000016937e+01	5.300000000000000000e+01,,,,
1.925650000000016959e+01	5.200000000000000000e+01,,,,
1.926860000000016981e+01	5.200000000000000000e+01,,,,
1.928070000000017004e+01	5.100000000000000000e+01,,,,
1.929280000000017026e+01	5.200000000000000000e+01,,,,
1.930490000000017048e+01	5.200000000000000000e+01,,,,
1.931700000000017070e+01	5.200000000000000000e+01,,,,
1.932910000000017092e+01	5.200000000000000000e+01,,,,
1.934120000000017114e+01	5.200000000000000000e+01,,,,
1.935330000000017137e+01	5.100000000000000000e+01,,,,
1.936540000000017159e+01	5.100000000000000000e+01,,,,
1.937750000000017181e+01	5.100000000000000000e+01,,,,
1.938960000000017203e+01	5.100000000000000000e+01,,,,
1.940170000000017225e+01	5.100000000000000000e+01,,,,
1.941380000000017247e+01	5.100000000000000000e+01,,,,
1.942590000000017270e+01	5.100000000000000000e+01,,,,
1.943800000000017292e+01	5.100000000000000000e+01,,,,
1.945010000000017314e+01	5.100000000000000000e+01,,,,
1.946220000000017336e+01	5.100000000000000000e+01,,,,
1.947430000000017358e+01	5.100000000000000000e+01,,,,
1.948640000000017380e+01	5.100000000000000000e+01,,,,
1.949850000000017403e+01	5.100000000000000000e+01,,,,
1.951060000000017425e+01	5.100000000000000000e+01,,,,
1.952270000000017447e+01	5.100000000000000000e+01,,,,
1.953480000000017469e+01	5.200000000000000000e+01,,,,
1.954690000000017491e+01	5.200000000000000000e+01,,,,
1.955900000000017513e+01	5.200000000000000000e+01,,,,
1.957110000000017536e+01	5.200000000000000000e+01,,,,
1.958320000000017558e+01	5.200000000000000000e+01,,,,
1.959530000000017580e+01	5.200000000000000000e+01,,,,
1.960740000000017602e+01	5.200000000000000000e+01,,,,
1.961950000000017624e+01	5.200000000000000000e+01,,,,
1.963160000000017646e+01	5.300000000000000000e+01,,,,
1.964370000000017669e+01	5.300000000000000000e+01,,,,
1.965580000000017691e+01	5.300000000000000000e+01,,,,
1.966790000000017713e+01	5.300000000000000000e+01,,,,
1.968000000000017735e+01	5.300000000000000000e+01,,,,
1.969210000000017757e+01	5.300000000000000000e+01,,,,
1.970420000000017779e+01	5.300000000000000000e+01,,,,
1.971630000000017802e+01	5.300000000000000000e+01,,,,
1.972840000000017824e+01	5.400000000000000000e+01,,,,
1.974050000000017846e+01	5.500000000000000000e+01,,,,
1.975260000000017868e+01	5.500000000000000000e+01,,,,
1.976470000000017890e+01	5.500000000000000000e+01,,,,
1.977680000000017912e+01	5.500000000000000000e+01,,,,
1.978890000000017935e+01	5.500000000000000000e+01,,,,
1.980100000000017957e+01	5.500000000000000000e+01,,,,
1.981310000000017979e+01	5.600000000000000000e+01,,,,
1.982520000000018001e+01	5.600000000000000000e+01,,,,
1.983730000000018023e+01	5.700000000000000000e+01,,,,
1.984940000000018046e+01	5.700000000000000000e+01,,,,
1.986150000000018068e+01	5.800000000000000000e+01,,,,
1.987360000000018090e+01	5.800000000000000000e+01,,,,
1.988570000000018112e+01	5.800000000000000000e+01,,,,
1.989780000000018134e+01	5.800000000000000000e+01,,,,
1.990990000000018156e+01	5.800000000000000000e+01,,,,
1.992200000000018179e+01	5.900000000000000000e+01,,,,
1.993410000000018201e+01	6.000000000000000000e+01,,,,
1.994620000000018223e+01	6.100000000000000000e+01,,,,
1.995830000000018245e+01	6.200000000000000000e+01,,,,
1.997040000000018267e+01	6.200000000000000000e+01,,,,
1.998250000000018289e+01	6.100000000000000000e+01,,,,
1.999460000000018312e+01	6.100000000000000000e+01,,,,
2.000670000000018334e+01	6.200000000000000000e+01,,,,
2.001880000000018356e+01	6.200000000000000000e+01,,,,
2.003090000000018378e+01	6.300000000000000000e+01,,,,
2.004300000000018400e+01	6.400000000000000000e+01,,,,
2.005510000000018422e+01	6.400000000000000000e+01,,,,
2.006720000000018445e+01	6.500000000000000000e+01,,,,
2.007930000000018467e+01	6.500000000000000000e+01,,,,
2.009140000000018489e+01	6.500000000000000000e+01,,,,
2.010350000000018511e+01	6.600000000000000000e+01,,,,
2.011560000000018533e+01	6.600000000000000000e+01,,,,
2.012770000000018555e+01	6.700000000000000000e+01,,,,
2.013980000000018578e+01	6.800000000000000000e+01,,,,
2.015190000000018600e+01	6.800000000000000000e+01,,,,
2.016400000000018622e+01	6.900000000000000000e+01,,,,
2.017610000000018644e+01	6.900000000000000000e+01,,,,
2.018820000000018666e+01	6.900000000000000000e+01,,,,
2.020030000000018688e+01	7.000000000000000000e+01,,,,
2.021240000000018711e+01	7.100000000000000000e+01,,,,
2.022450000000018733e+01	7.200000000000000000e+01,,,,
2.023660000000018755e+01	7.300000000000000000e+01,,,,
2.024870000000018777e+01	7.300000000000000000e+01,,,,
2.026080000000018799e+01	7.300000000000000000e+01,,,,
2.027290000000018821e+01	7.400000000000000000e+01,,,,
2.028500000000018844e+01	7.400000000000000000e+01,,,,
2.029710000000018866e+01	7.500000000000000000e+01,,,,
2.030920000000018888e+01	7.500000000000000000e+01,,,,
2.032130000000018910e+01	7.600000000000000000e+01,,,,
2.033340000000018932e+01	7.700000000000000000e+01,,,,
2.034550000000018954e+01	7.700000000000000000e+01,,,,
2.035760000000018977e+01	7.800000000000000000e+01,,,,
2.036970000000018999e+01	7.800000000000000000e+01,,,,
2.038180000000019021e+01	7.800000000000000000e+01,,,,
2.039390000000019043e+01	7.900000000000000000e+01,,,,
2.040600000000019065e+01	7.900000000000000000e+01,,,,
2.041810000000019087e+01	8.000000000000000000e+01,,,,
2.043020000000019110e+01	8.100000000000000000e+01,,,,
2.044230000000019132e+01	8.100000000000000000e+01,,,,
2.045440000000019154e+01	8.100000000000000000e+01,,,,
2.046650000000019176e+01	8.100000000000000000e+01,,,,
2.047860000000019198e+01	8.100000000000000000e+01,,,,
2.049070000000019220e+01	8.200000000000000000e+01,,,,
2.050280000000019243e+01	8.200000000000000000e+01,,,,
2.051490000000019265e+01	8.200000000000000000e+01,,,,
2.052700000000019287e+01	8.300000000000000000e+01,,,,
2.053910000000019309e+01	8.300000000000000000e+01,,,,
2.055120000000019331e+01	8.300000000000000000e+01,,,,
2.056330000000019353e+01	8.300000000000000000e+01,,,,
2.057540000000019376e+01	8.300000000000000000e+01,,,,
2.058750000000019398e+01	8.400000000000000000e+01,,,,
2.059960000000019420e+01	8.400000000000000000e+01,,,,
2.061170000000019442e+01	8.400000000000000000e+01,,,,
2.062380000000019464e+01	8.400000000000000000e+01,,,,
2.063590000000019486e+01	8.300000000000000000e+01,,,,
2.064800000000019509e+01	8.300000000000000000e+01,,,,
2.066010000000019531e+01	8.300000000000000000e+01,,,,
2.067220000000019553e+01	8.300000000000000000e+01,,,,
2.068430000000019575e+01	8.300000000000000000e+01,,,,
2.069640000000019597e+01	8.300000000000000000e+01,,,,
2.070850000000019620e+01	8.300000000000000000e+01,,,,
2.072060000000019642e+01	8.300000000000000000e+01,,,,
2.073270000000019664e+01	8.300000000000000000e+01,,,,
2.074480000000019686e+01	8.300000000000000000e+01,,,,
2.075690000000019708e+01	8.300000000000000000e+01,,,,
2.076900000000019730e+01	8.300000000000000000e+01,,,,
2.078110000000019753e+01	8.300000000000000000e+01,,,,
2.079320000000019775e+01	8.200000000000000000e+01,,,,
2.080530000000019797e+01	8.200000000000000000e+01,,,,
2.081740000000019819e+01	8.200000000000000000e+01,,,,
2.082950000000019841e+01	8.100000000000000000e+01,,,,
2.084160000000019863e+01	8.100000000000000000e+01,,,,
2.085370000000019886e+01	8.100000000000000000e+01,,,,
2.086580000000019908e+01	8.000000000000000000e+01,,,,
2.087790000000019930e+01	8.000000000000000000e+01,,,,
2.089000000000019952e+01	8.000000000000000000e+01,,,,
2.090210000000019974e+01	8.000000000000000000e+01,,,,
2.091420000000019996e+01	8.000000000000000000e+01,,,,
2.092630000000020019e+01	8.000000000000000000e+01,,,,
2.093840000000020041e+01	8.000000000000000000e+01,,,,
2.095050000000020063e+01	7.900000000000000000e+01,,,,
2.096260000000020085e+01	8.000000000000000000e+01,,,,
2.097470000000020107e+01	8.000000000000000000e+01,,,,
2.098680000000020129e+01	8.000000000000000000e+01,,,,
2.099890000000020152e+01	8.000000000000000000e+01,,,,
2.101100000000020174e+01	8.000000000000000000e+01,,,,
2.102310000000020196e+01	8.000000000000000000e+01,,,,
2.103520000000020218e+01	7.900000000000000000e+01,,,,
2.104730000000020240e+01	7.900000000000000000e+01,,,,
2.105940000000020262e+01	7.900000000000000000e+01,,,,
2.107150000000020285e+01	7.900000000000000000e+01,,,,
2.108360000000020307e+01	7.900000000000000000e+01,,,,
2.109570000000020329e+01	7.900000000000000000e+01,,,,
2.110780000000020351e+01	7.900000000000000000e+01,,,,
2.111990000000020373e+01	7.900000000000000000e+01,,,,
2.113200000000020395e+01	7.900000000000000000e+01,,,,
2.114410000000020418e+01	8.000000000000000000e+01,,,,
2.115620000000020440e+01	8.000000000000000000e+01,,,,
2.116830000000020462e+01	8.000000000000000000e+01,,,,
2.118040000000020484e+01	8.100000000000000000e+01,,,,
2.119250000000020506e+01	8.100000000000000000e+01,,,,
2.120460000000020528e+01	8.100000000000000000e+01,,,,
2.121670000000020551e+01	8.100000000000000000e+01,,,,
2.122880000000020573e+01	8.100000000000000000e+01,,,,
2.124090000000020595e+01	8.200000000000000000e+01,,,,
2.125300000000020617e+01	8.200000000000000000e+01,,,,
2.126510000000020639e+01	8.200000000000000000e+01,,,,
2.127720000000020661e+01	8.200000000000000000e+01,,,,
2.128930000000020684e+01	8.200000000000000000e+01,,,,
2.130140000000020706e+01	8.200000000000000000e+01,,,,
2.131350000000020728e+01	8.200000000000000000e+01,,,,
2.132560000000020750e+01	8.300000000000000000e+01,,,,
2.133770000000020772e+01	8.300000000000000000e+01,,,,
2.134980000000020794e+01	8.300000000000000000e+01,,,,
2.136190000000020817e+01	8.300000000000000000e+01,,,,
2.137400000000020839e+01	8.400000000000000000e+01,,,,
2.138610000000020861e+01	8.400000000000000000e+01,,,,
2.139820000000020883e+01	8.400000000000000000e+01,,,,
2.141030000000020905e+01	8.400000000000000000e+01,,,,
2.142240000000020927e+01	8.400000000000000000e+01,,,,
2.143450000000020950e+01	8.500000000000000000e+01,,,,
2.144660000000020972e+01	8.500000000000000000e+01,,,,
2.145870000000020994e+01	8.500000000000000000e+01,,,,
2.147080000000021016e+01	8.500000000000000000e+01,,,,
2.148290000000021038e+01	8.500000000000000000e+01,,,,
2.149500000000021060e+01	8.500000000000000000e+01,,,,
2.150710000000021083e+01	8.500000000000000000e+01,,,,
2.151920000000021105e+01	8.500000000000000000e+01,,,,
2.153130000000021127e+01	8.500000000000000000e+01,,,,
2.154340000000021149e+01	8.500000000000000000e+01,,,,
2.155550000000021171e+01	8.500000000000000000e+01,,,,
2.156760000000021194e+01	8.500000000000000000e+01,,,,
2.157970000000021216e+01	8.600000000000000000e+01,,,,
2.159180000000021238e+01	8.600000000000000000e+01,,,,
2.160390000000021260e+01	8.600000000000000000e+01,,,,
2.161600000000021282e+01	8.600000000000000000e+01,,,,
2.162810000000021304e+01	8.600000000000000000e+01,,,,
2.164020000000021327e+01	8.600000000000000000e+01,,,,
2.165230000000021349e+01	8.600000000000000000e+01,,,,
2.166440000000021371e+01	8.600000000000000000e+01,,,,
2.167650000000021393e+01	8.600000000000000000e+01,,,,
2.168860000000021415e+01	8.600000000000000000e+01,,,,
2.170070000000021437e+01	8.600000000000000000e+01,,,,
2.171280000000021460e+01	8.600000000000000000e+01,,,,
2.172490000000021482e+01	8.600000000000000000e+01,,,,
2.173700000000021504e+01	8.700000000000000000e+01,,,,
2.174910000000021526e+01	8.700000000000000000e+01,,,,
2.176120000000021548e+01	8.700000000000000000e+01,,,,
2.177330000000021570e+01	8.800000000000000000e+01,,,,
2.178540000000021593e+01	8.800000000000000000e+01,,,,
2.179750000000021615e+01	8.800000000000000000e+01,,,,
2.180960000000021637e+01	8.700000000000000000e+01,,,,
2.182170000000021659e+01	8.700000000000000000e+01,,,,
2.183380000000021681e+01	8.800000000000000000e+01,,,,
2.184590000000021703e+01	8.800000000000000000e+01,,,,
2.185800000000021726e+01	8.800000000000000000e+01,,,,
2.187010000000021748e+01	8.700000000000000000e+01,,,,
2.188220000000021770e+01	8.800000000000000000e+01,,,,
2.189430000000021792e+01	8.800000000000000000e+01,,,,
2.190640000000021814e+01	8.800000000000000000e+01,,,,
2.191850000000021836e+01	8.800000000000000000e+01,,,,
2.193060000000021859e+01	8.800000000000000000e+01,,,,
2.194270000000021881e+01	8.800000000000000000e+01,,,,
2.195480000000021903e+01	8.900000000000000000e+01,,,,
2.196690000000021925e+01	8.900000000000000000e+01,,,,
2.197900000000021947e+01	8.900000000000000000e+01,,,,
2.199110000000021969e+01	8.900000000000000000e+01,,,,
2.200320000000021992e+01	9.000000000000000000e+01,,,,
2.201530000000022014e+01	9.000000000000000000e+01,,,,
2.202740000000022036e+01	9.000000000000000000e+01,,,,
2.203950000000022058e+01	9.000000000000000000e+01,,,,
2.205160000000022080e+01	9.000000000000000000e+01,,,,
2.206370000000022102e+01	9.000000000000000000e+01,,,,
2.207580000000022125e+01	9.000000000000000000e+01,,,,
2.208790000000022147e+01	9.000000000000000000e+01,,,,
2.210000000000022169e+01	9.000000000000000000e+01,,,,
2.211210000000022191e+01	9.000000000000000000e+01,,,,
2.212420000000022213e+01	9.100000000000000000e+01,,,,
2.213630000000022235e+01	9.100000000000000000e+01,,,,
2.214840000000022258e+01	9.200000000000000000e+01,,,,
2.216050000000022280e+01	9.200000000000000000e+01,,,,
2.217260000000022302e+01	9.200000000000000000e+01,,,,
2.218470000000022324e+01	9.200000000000000000e+01,,,,
2.219680000000022346e+01	9.300000000000000000e+01,,,,
2.220890000000022368e+01	9.300000000000000000e+01,,,,
2.222100000000022391e+01	9.300000000000000000e+01,,,,
2.223310000000022413e+01	9.300000000000000000e+01,,,,
2.224520000000022435e+01	9.300000000000000000e+01,,,,
2.225730000000022457e+01	9.300000000000000000e+01,,,,
2.226940000000022479e+01	9.300000000000000000e+01,,,,
2.228150000000022501e+01	9.300000000000000000e+01,,,,
2.229360000000022524e+01	9.300000000000000000e+01,,,,
2.230570000000022546e+01	9.400000000000000000e+01,,,,
2.231780000000022568e+01	9.400000000000000000e+01,,,,
2.232990000000022590e+01	9.500000000000000000e+01,,,,
2.234200000000022612e+01	9.500000000000000000e+01,,,,
2.235410000000022634e+01	9.500000000000000000e+01,,,,
2.236620000000022657e+01	9.600000000000000000e+01,,,,
2.237830000000022679e+01	9.600000000000000000e+01,,,,
2.239040000000022701e+01	9.600000000000000000e+01,,,,
2.240250000000022723e+01	9.700000000000000000e+01,,,,
2.241460000000022745e+01	9.700000000000000000e+01,,,,
2.242670000000022767e+01	9.700000000000000000e+01,,,,
2.243880000000022790e+01	9.700000000000000000e+01,,,,
2.245090000000022812e+01	9.700000000000000000e+01,,,,
2.246300000000022834e+01	9.700000000000000000e+01,,,,
2.247510000000022856e+01	9.800000000000000000e+01,,,,
2.248720000000022878e+01	9.800000000000000000e+01,,,,
2.249930000000022901e+01	9.800000000000000000e+01,,,,
2.251140000000022923e+01	9.800000000000000000e+01,,,,
2.252350000000022945e+01	9.900000000000000000e+01,,,,
2.253560000000022967e+01	1.000000000000000000e+02,,,,
2.254770000000022989e+01	1.000000000000000000e+02,,,,
2.255980000000023011e+01	1.000000000000000000e+02,,,,
2.257190000000023034e+01	1.010000000000000000e+02,,,,
2.258400000000023056e+01	1.010000000000000000e+02,,,,
2.259610000000023078e+01	1.010000000000000000e+02,,,,
2.260820000000023100e+01	1.010000000000000000e+02,,,,
2.262030000000023122e+01	1.010000000000000000e+02,,,,
2.263240000000023144e+01	1.010000000000000000e+02,,,,
2.264450000000023167e+01	1.010000000000000000e+02,,,,
2.265660000000023189e+01	1.020000000000000000e+02,,,,
2.266870000000023211e+01	1.020000000000000000e+02,,,,
2.268080000000023233e+01	1.020000000000000000e+02,,,,
2.269290000000023255e+01	1.020000000000000000e+02,,,,
2.270500000000023277e+01	1.030000000000000000e+02,,,,
2.271710000000023300e+01	1.030000000000000000e+02,,,,
2.272920000000023322e+01	1.030000000000000000e+02,,,,
2.274130000000023344e+01	1.040000000000000000e+02,,,,
2.275340000000023366e+01	1.040000000000000000e+02,,,,
2.276550000000023388e+01	1.050000000000000000e+02,,,,
2.277760000000023410e+01	1.050000000000000000e+02,,,,
2.278970000000023433e+01	1.050000000000000000e+02,,,,
2.280180000000023455e+01	1.050000000000000000e+02,,,,
2.281390000000023477e+01	1.050000000000000000e+02,,,,
2.282600000000023499e+01	1.060000000000000000e+02,,,,
2.283810000000023521e+01	1.060000000000000000e+02,,,,
2.285020000000023543e+01	1.060000000000000000e+02,,,,
2.286230000000023566e+01	1.060000000000000000e+02,,,,
2.287440000000023588e+01	1.060000000000000000e+02,,,,
2.288650000000023610e+01	1.060000000000000000e+02,,,,
2.289860000000023632e+01	1.070000000000000000e+02,,,,
2.291070000000023654e+01	1.070000000000000000e+02,,,,
2.292280000000023676e+01	1.070000000000000000e+02,,,,
2.293490000000023699e+01	1.080000000000000000e+02,,,,
2.294700000000023721e+01	1.080000000000000000e+02,,,,
2.295910000000023743e+01	1.080000000000000000e+02,,,,
2.297120000000023765e+01	1.090000000000000000e+02,,,,
2.298330000000023787e+01	1.090000000000000000e+02,,,,
2.299540000000023809e+01	1.090000000000000000e+02,,,,
2.300750000000023832e+01	1.090000000000000000e+02,,,,
2.301960000000023854e+01	1.090000000000000000e+02,,,,
2.303170000000023876e+01	1.090000000000000000e+02,,,,
2.304380000000023898e+01	1.090000000000000000e+02,,,,
2.305590000000023920e+01	1.100000000000000000e+02,,,,
2.306800000000023942e+01	1.100000000000000000e+02,,,,
2.308010000000023965e+01	1.100000000000000000e+02,,,,
2.309220000000023987e+01	1.110000000000000000e+02,,,,
2.310430000000024009e+01	1.110000000000000000e+02,,,,
2.311640000000024031e+01	1.110000000000000000e+02,,,,
2.312850000000024053e+01	1.120000000000000000e+02,,,,
2.314060000000024075e+01	1.120000000000000000e+02,,,,
2.315270000000024098e+01	1.120000000000000000e+02,,,,
2.316480000000024120e+01	1.120000000000000000e+02,,,,
2.317690000000024142e+01	1.120000000000000000e+02,,,,
2.318900000000024164e+01	1.120000000000000000e+02,,,,
2.320110000000024186e+01	1.120000000000000000e+02,,,,
2.321320000000024208e+01	1.120000000000000000e+02,,,,
2.322530000000024231e+01	1.120000000000000000e+02,,,,
2.323740000000024253e+01	1.130000000000000000e+02,,,,
2.324950000000024275e+01	1.130000000000000000e+02,,,,
2.326160000000024297e+01	1.130000000000000000e+02,,,,
2.327370000000024319e+01	1.140000000000000000e+02,,,,
2.328580000000024341e+01	1.140000000000000000e+02,,,,
2.329790000000024364e+01	1.140000000000000000e+02,,,,
2.331000000000024386e+01	1.150000000000000000e+02,,,,
2.332210000000024408e+01	1.150000000000000000e+02,,,,
2.333420000000024430e+01	1.150000000000000000e+02,,,,
2.334630000000024452e+01	1.150000000000000000e+02,,,,
2.335840000000024475e+01	1.150000000000000000e+02,,,,
2.337050000000024497e+01	1.150000000000000000e+02,,,,
2.338260000000024519e+01	1.150000000000000000e+02,,,,
2.339470000000024541e+01	1.150000000000000000e+02,,,,
2.340680000000024563e+01	1.160000000000000000e+02,,,,
2.341890000000024585e+01	1.160000000000000000e+02,,,,
2.343100000000024608e+01	1.160000000000000000e+02,,,,
2.344310000000024630e+01	1.160000000000000000e+02,,,,
2.345520000000024652e+01	1.170000000000000000e+02,,,,
2.346730000000024674e+01	1.170000000000000000e+02,,,,
2.347940000000024696e+01	1.170000000000000000e+02,,,,
2.349150000000024718e+01	1.170000000000000000e+02,,,,
2.350360000000024741e+01	1.170000000000000000e+02,,,,
2.351570000000024763e+01	1.170000000000000000e+02,,,,
2.352780000000024785e+01	1.170000000000000000e+02,,,,
2.353990000000024807e+01	1.180000000000000000e+02,,,,
2.355200000000024829e+01	1.180000000000000000e+02,,,,
2.356410000000024851e+01	1.180000000000000000e+02,,,,
2.357620000000024874e+01	1.190000000000000000e+02,,,,
2.358830000000024896e+01	1.200000000000000000e+02,,,,
2.360040000000024918e+01	1.200000000000000000e+02,,,,
2.361250000000024940e+01	1.190000000000000000e+02,,,,
2.362460000000024962e+01	1.190000000000000000e+02,,,,
2.363670000000024984e+01	1.190000000000000000e+02,,,,
2.364880000000025007e+01	1.190000000000000000e+02,,,,
2.366090000000025029e+01	1.190000000000000000e+02,,,,
2.367300000000025051e+01	1.200000000000000000e+02,,,,
2.368510000000025073e+01	1.200000000000000000e+02,,,,
2.369720000000025095e+01	1.200000000000000000e+02,,,,
2.370930000000025117e+01	1.200000000000000000e+02,,,,
2.372140000000025140e+01	1.210000000000000000e+02,,,,
2.373350000000025162e+01	1.210000000000000000e+02,,,,
2.374560000000025184e+01	1.210000000000000000e+02,,,,
2.375770000000025206e+01	1.210000000000000000e+02,,,,
2.376980000000025228e+01	1.220000000000000000e+02,,,,
2.378190000000025250e+01	1.220000000000000000e+02,,,,
2.379400000000025273e+01	1.210000000000000000e+02,,,,
2.380610000000025295e+01	1.220000000000000000e+02,,,,
2.381820000000025317e+01	1.220000000000000000e+02,,,,
2.383030000000025339e+01	1.220000000000000000e+02,,,,
2.384240000000025361e+01	1.230000000000000000e+02,,,,
2.385450000000025383e+01	1.230000000000000000e+02,,,,
2.386660000000025406e+01	1.230000000000000000e+02,,,,
2.387870000000025428e+01	1.240000000000000000e+02,,,,
2.389080000000025450e+01	1.240000000000000000e+02,,,,
2.390290000000025472e+01	1.240000000000000000e+02,,,,
2.391500000000025494e+01	1.240000000000000000e+02,,,,
2.392710000000025516e+01	1.240000000000000000e+02,,,,
2.393920000000025539e+01	1.240000000000000000e+02,,,,
2.395130000000025561e+01	1.240000000000000000e+02,,,,
2.396340000000025583e+01	1.240000000000000000e+02,,,,
2.397550000000025605e+01	1.240000000000000000e+02,,,,
2.398760000000025627e+01	1.240000000000000000e+02,,,,
2.399970000000025649e+01	1.250000000000000000e+02,,,,
2.401180000000025672e+01	1.250000000000000000e+02,,,,
2.402390000000025694e+01	1.260000000000000000e+02,,,,
2.403600000000025716e+01	1.260000000000000000e+02,,,,
2.404810000000025738e+01	1.260000000000000000e+02,,,,
2.406020000000025760e+01	1.260000000000000000e+02,,,,
2.407230000000025782e+01	1.260000000000000000e+02,,,,
2.408440000000025805e+01	1.260000000000000000e+02,,,,
2.409650000000025827e+01	1.270000000000000000e+02,,,,
2.410860000000025849e+01	1.260000000000000000e+02,,,,
2.412070000000025871e+01	1.270000000000000000e+02,,,,
2.413280000000025893e+01	1.270000000000000000e+02,,,,
2.414490000000025915e+01	1.270000000000000000e+02,,,,
2.415700000000025938e+01	1.270000000000000000e+02,,,,
2.416910000000025960e+01	1.280000000000000000e+02,,,,
2.418120000000025982e+01	1.280000000000000000e+02,,,,
2.419330000000026004e+01	1.280000000000000000e+02,,,,
2.420540000000026026e+01	1.280000000000000000e+02,,,,
2.421750000000026048e+01	1.280000000000000000e+02,,,,
2.422960000000026071e+01	1.280000000000000000e+02,,,,
2.424170000000026093e+01	1.290000000000000000e+02,,,,
2.425380000000026115e+01	1.290000000000000000e+02,,,,
2.426590000000026137e+01	1.290000000000000000e+02,,,,
2.427800000000026159e+01	1.300000000000000000e+02,,,,
2.429010000000026182e+01	1.300000000000000000e+02,,,,
2.430220000000026204e+01	1.300000000000000000e+02,,,,
2.431430000000026226e+01	1.300000000000000000e+02,,,,
2.432640000000026248e+01	1.300000000000000000e+02,,,,
2.433850000000026270e+01	1.300000000000000000e+02,,,,
2.435060000000026292e+01	1.300000000000000000e+02,,,,
2.436270000000026315e+01	1.310000000000000000e+02,,,,
2.437480000000026337e+01	1.310000000000000000e+02,,,,
2.438690000000026359e+01	1.310000000000000000e+02,,,,
2.439900000000026381e+01	1.320000000000000000e+02,,,,
2.441110000000026403e+01	1.320000000000000000e+02,,,,
2.442320000000026425e+01	1.320000000000000000e+02,,,,
2.443530000000026448e+01	1.320000000000000000e+02,,,,
2.444740000000026470e+01	1.320000000000000000e+02,,,,
2.445950000000026492e+01	1.320000000000000000e+02,,,,
2.447160000000026514e+01	1.320000000000000000e+02,,,,
2.448370000000026536e+01	1.330000000000000000e+02,,,,
2.449580000000026558e+01	1.330000000000000000e+02,,,,
2.450790000000026581e+01	1.340000000000000000e+02,,,,
2.452000000000026603e+01	1.330000000000000000e+02,,,,
2.453210000000026625e+01	1.340000000000000000e+02,,,,
2.454420000000026647e+01	1.330000000000000000e+02,,,,
2.455630000000026669e+01	1.340000000000000000e+02,,,,
2.456840000000026691e+01	1.340000000000000000e+02,,,,
2.458050000000026714e+01	1.340000000000000000e+02,,,,
2.459260000000026736e+01	1.350000000000000000e+02,,,,
2.460470000000026758e+01	1.350000000000000000e+02,,,,
2.461680000000026780e+01	1.350000000000000000e+02,,,,
2.462890000000026802e+01	1.350000000000000000e+02,,,,
2.464100000000026824e+01	1.350000000000000000e+02,,,,
2.465310000000026847e+01	1.350000000000000000e+02,,,,
2.466520000000026869e+01	1.350000000000000000e+02,,,,
2.467730000000026891e+01	1.360000000000000000e+02,,,,
2.468940000000026913e+01	1.360000000000000000e+02,,,,
2.470150000000026935e+01	1.370000000000000000e+02,,,,
2.471360000000026957e+01	1.370000000000000000e+02,,,,
2.472570000000026980e+01	1.370000000000000000e+02,,,,
2.473780000000027002e+01	1.370000000000000000e+02,,,,
2.474990000000027024e+01	1.370000000000000000e+02,,,,
2.476200000000027046e+01	1.370000000000000000e+02,,,,
2.477410000000027068e+01	1.370000000000000000e+02,,,,
2.478620000000027090e+01	1.370000000000000000e+02,,,,
2.479830000000027113e+01	1.380000000000000000e+02,,,,
2.481040000000027135e+01	1.380000000000000000e+02,,,,
2.482250000000027157e+01	1.390000000000000000e+02,,,,
2.483460000000027179e+01	1.390000000000000000e+02,,,,
2.484670000000027201e+01	1.380000000000000000e+02,,,,
2.485880000000027223e+01	1.390000000000000000e+02,,,,
2.487090000000027246e+01	1.380000000000000000e+02,,,,
2.488300000000027268e+01	1.390000000000000000e+02,,,,
2.489510000000027290e+01	1.390000000000000000e+02,,,,
2.490720000000027312e+01	1.390000000000000000e+02,,,,
2.491930000000027334e+01	1.400000000000000000e+02,,,,
2.493140000000027356e+01	1.400000000000000000e+02,,,,
2.494350000000027379e+01	1.400000000000000000e+02,,,,
2.495560000000027401e+01	1.400000000000000000e+02,,,,
2.496770000000027423e+01	1.400000000000000000e+02,,,,
2.497980000000027445e+01	1.400000000000000000e+02,,,,
2.499190000000027467e+01	1.400000000000000000e+02,,,,
2.500400000000027489e+01	1.410000000000000000e+02,,,,
2.501610000000027512e+01	1.410000000000000000e+02,,,,
2.502820000000027534e+01	1.420000000000000000e+02,,,,
2.504030000000027556e+01	1.420000000000000000e+02,,,,
2.505240000000027578e+01	1.420000000000000000e+02,,,,
2.506450000000027600e+01	1.420000000000000000e+02,,,,
2.507660000000027622e+01	1.420000000000000000e+02,,,,
2.508870000000027645e+01	1.420000000000000000e+02,,,,
2.510080000000027667e+01	1.420000000000000000e+02,,,,
2.511290000000027689e+01	1.430000000000000000e+02,,,,
2.512500000000027711e+01	1.430000000000000000e+02,,,,
2.513710000000027733e+01	1.430000000000000000e+02,,,,
2.514920000000027756e+01	1.430000000000000000e+02,,,,
2.516130000000027778e+01	1.430000000000000000e+02,,,,
2.517340000000027800e+01	1.430000000000000000e+02,,,,
2.518550000000027822e+01	1.430000000000000000e+02,,,,
2.519760000000027844e+01	1.430000000000000000e+02,,,,
2.520970000000027866e+01	1.440000000000000000e+02,,,,
2.522180000000027889e+01	1.440000000000000000e+02,,,,
2.523390000000027911e+01	1.450000000000000000e+02,,,,
2.524600000000027933e+01	1.450000000000000000e+02,,,,
2.525810000000027955e+01	1.450000000000000000e+02,,,,
2.527020000000027977e+01	1.450000000000000000e+02,,,,
2.528230000000027999e+01	1.450000000000000000e+02,,,,
2.529440000000028022e+01	1.460000000000000000e+02,,,,
2.530650000000028044e+01	1.450000000000000000e+02,,,,
2.531860000000028066e+01	1.460000000000000000e+02,,,,
2.533070000000028088e+01	1.460000000000000000e+02,,,,
2.534280000000028110e+01	1.460000000000000000e+02,,,,
2.535490000000028132e+01	1.460000000000000000e+02,,,,
2.536700000000028155e+01	1.460000000000000000e+02,,,,
2.537910000000028177e+01	1.460000000000000000e+02,,,,
2.539120000000028199e+01	1.460000000000000000e+02,,,,
2.540330000000028221e+01	1.460000000000000000e+02,,,,
2.541540000000028243e+01	1.470000000000000000e+02,,,,
2.542750000000028265e+01	1.470000000000000000e+02,,,,
2.543960000000028288e+01	1.480000000000000000e+02,,,,
2.545170000000028310e+01	1.480000000000000000e+02,,,,
2.546380000000028332e+01	1.480000000000000000e+02,,,,
2.547590000000028354e+01	1.480000000000000000e+02,,,,
2.548800000000028376e+01	1.480000000000000000e+02,,,,
2.550010000000028398e+01	1.490000000000000000e+02,,,,
2.551220000000028421e+01	1.490000000000000000e+02,,,,
2.552430000000028443e+01	1.490000000000000000e+02,,,,
2.553640000000028465e+01	1.490000000000000000e+02,,,,
2.554850000000028487e+01	1.500000000000000000e+02,,,,
2.556060000000028509e+01	1.510000000000000000e+02,,,,
2.557270000000028531e+01	1.560000000000000000e+02,,,,
2.558480000000028554e+01	1.580000000000000000e+02,,,,
2.559690000000028576e+01	1.590000000000000000e+02,,,,
2.560900000000028598e+01	1.600000000000000000e+02,,,,
2.562110000000028620e+01	1.610000000000000000e+02,,,,
2.563320000000028642e+01	1.610000000000000000e+02,,,,
2.564530000000028664e+01	1.610000000000000000e+02,,,,
2.565740000000028687e+01	1.600000000000000000e+02,,,,
2.566950000000028709e+01	1.610000000000000000e+02,,,,
2.568160000000028731e+01	1.610000000000000000e+02,,,,
2.569370000000028753e+01	1.610000000000000000e+02,,,,
2.570580000000028775e+01	1.620000000000000000e+02,,,,
2.571790000000028797e+01	1.620000000000000000e+02,,,,
2.573000000000028820e+01	1.620000000000000000e+02,,,,
2.574210000000028842e+01	1.620000000000000000e+02,,,,
2.575420000000028864e+01	1.620000000000000000e+02,,,,
2.576630000000028886e+01	1.620000000000000000e+02,,,,
2.577840000000028908e+01	1.620000000000000000e+02,,,,
2.579050000000028930e+01	1.630000000000000000e+02,,,,
2.580260000000028953e+01	1.640000000000000000e+02,,,,
2.581470000000028975e+01	1.640000000000000000e+02,,,,
2.582680000000028997e+01	1.640000000000000000e+02,,,,
2.583890000000029019e+01	1.640000000000000000e+02,,,,
2.585100000000029041e+01	1.640000000000000000e+02,,,,
2.586310000000029063e+01	1.650000000000000000e+02,,,,
2.587520000000029086e+01	1.640000000000000000e+02,,,,
2.588730000000029108e+01	1.650000000000000000e+02,,,,
2.589940000000029130e+01	1.650000000000000000e+02,,,,
2.591150000000029152e+01	1.650000000000000000e+02,,,,
2.592360000000029174e+01	1.650000000000000000e+02,,,,
2.593570000000029196e+01	1.650000000000000000e+02,,,,
2.594780000000029219e+01	1.650000000000000000e+02,,,,
2.595990000000029241e+01	1.660000000000000000e+02,,,,
2.597200000000029263e+01	1.660000000000000000e+02,,,,
2.598410000000029285e+01	1.660000000000000000e+02,,,,
2.599620000000029307e+01	1.670000000000000000e+02,,,,
2.600830000000029329e+01	1.670000000000000000e+02,,,,
2.602040000000029352e+01	1.670000000000000000e+02,,,,
2.603250000000029374e+01	1.670000000000000000e+02,,,,
2.604460000000029396e+01	1.680000000000000000e+02,,,,
2.605670000000029418e+01	1.680000000000000000e+02,,,,
2.606880000000029440e+01	1.680000000000000000e+02,,,,
2.608090000000029463e+01	1.680000000000000000e+02,,,,
2.609300000000029485e+01	1.680000000000000000e+02,,,,
2.610510000000029507e+01	1.680000000000000000e+02,,,,
2.611720000000029529e+01	1.680000000000000000e+02,,,,
2.612930000000029551e+01	1.680000000000000000e+02,,,,
2.614140000000029573e+01	1.680000000000000000e+02,,,,
2.615350000000029596e+01	1.690000000000000000e+02,,,,
2.616560000000029618e+01	1.690000000000000000e+02,,,,
2.617770000000029640e+01	1.700000000000000000e+02,,,,
2.618980000000029662e+01	1.700000000000000000e+02,,,,
2.620190000000029684e+01	1.710000000000000000e+02,,,,
2.621400000000029706e+01	1.710000000000000000e+02,,,,
2.622610000000029729e+01	1.710000000000000000e+02,,,,
2.623820000000029751e+01	1.710000000000000000e+02,,,,
2.625030000000029773e+01	1.710000000000000000e+02,,,,
2.626240000000029795e+01	1.710000000000000000e+02,,,,
2.627450000000029817e+01	1.710000000000000000e+02,,,,
2.628660000000029839e+01	1.710000000000000000e+02,,,,
2.629870000000029862e+01	1.710000000000000000e+02,,,,
2.631080000000029884e+01	1.710000000000000000e+02,,,,
2.632290000000029906e+01	1.720000000000000000e+02,,,,
2.633500000000029928e+01	1.720000000000000000e+02,,,,
2.634710000000029950e+01	1.720000000000000000e+02,,,,
2.635920000000029972e+01	1.720000000000000000e+02,,,,
2.637130000000029995e+01	1.730000000000000000e+02,,,,
2.638340000000030017e+01	1.730000000000000000e+02,,,,
2.639550000000030039e+01	1.740000000000000000e+02,,,,
2.640760000000030061e+01	1.740000000000000000e+02,,,,
2.641970000000030083e+01	1.740000000000000000e+02,,,,
2.643180000000030105e+01	1.740000000000000000e+02,,,,
2.644390000000030128e+01	1.740000000000000000e+02,,,,
2.645600000000030150e+01	1.740000000000000000e+02,,,,
2.646810000000030172e+01	1.740000000000000000e+02,,,,
2.648020000000030194e+01	1.740000000000000000e+02,,,,
2.649230000000030216e+01	1.740000000000000000e+02,,,,
2.650440000000030238e+01	1.740000000000000000e+02,,,,
2.651650000000030261e+01	1.750000000000000000e+02,,,,
2.652860000000030283e+01	1.750000000000000000e+02,,,,
2.654070000000030305e+01	1.750000000000000000e+02,,,,
2.655280000000030327e+01	1.760000000000000000e+02,,,,
2.656490000000030349e+01	1.760000000000000000e+02,,,,
2.657700000000030371e+01	1.760000000000000000e+02,,,,
2.658910000000030394e+01	1.770000000000000000e+02,,,,
2.660120000000030416e+01	1.770000000000000000e+02,,,,
2.661330000000030438e+01	1.770000000000000000e+02,,,,
2.662540000000030460e+01	1.770000000000000000e+02,,,,
2.663750000000030482e+01	1.770000000000000000e+02,,,,
2.664960000000030504e+01	1.770000000000000000e+02,,,,
2.666170000000030527e+01	1.780000000000000000e+02,,,,
2.667380000000030549e+01	1.770000000000000000e+02,,,,
2.668590000000030571e+01	1.770000000000000000e+02,,,,
2.669800000000030593e+01	1.780000000000000000e+02,,,,
2.671010000000030615e+01	1.780000000000000000e+02,,,,
2.672220000000030637e+01	1.780000000000000000e+02,,,,
2.673430000000030660e+01	1.790000000000000000e+02,,,,
2.674640000000030682e+01	1.790000000000000000e+02,,,,
2.675850000000030704e+01	1.790000000000000000e+02,,,,
2.677060000000030726e+01	1.800000000000000000e+02,,,,
2.678270000000030748e+01	1.800000000000000000e+02,,,,
2.679480000000030770e+01	1.800000000000000000e+02,,,,
2.680690000000030793e+01	1.810000000000000000e+02,,,,
2.681900000000030815e+01	1.810000000000000000e+02,,,,
2.683110000000030837e+01	1.810000000000000000e+02,,,,
