tempo,sinal_ac,corrente_1800,corrente_1698,corrente_1603,corrente_1902
0.00021,-8.48,0.08,0,0,0
0.000211,-8.48,0.08,0,0,0
0.000212,-8.48,0.08,0,0,0
0.000213,-8.48,0.08,0,0,0
0.000214,-8.48,0.08,0,0,0
0.000215,-8.48,0.08,0,0,0
0.000216,-8.48,0.08,0,0,0
0.000217,-8.48,0.08,0,0,0
0.000218,-8.48,0.08,0,0,0
0.000219,-8.48,0.08,0,0,0
0.00022,-8.48,0.08,0,0,0
0.000221,-8.48,0.08,0,0,0
0.000222,-8.48,0,0,0,0
0.000223,-8.48,0,0,0,0
0.000224,-8.4,0.08,0,0,0
0.000225,-8.4,0,0,0,0
0.000226,-8.4,0,0,0,0
0.000227,-8.4,0,0,0,0
0.000228,-8.4,0,0,0,0
0.000229,-8.4,0,0,0,0
0.00023,-8.4,0,0,0,0
0.000231,-8.4,0,0,0,0
0.000232,-8.4,0,0,0.08,0
0.000233,-8.4,0,0,0,0
0.000234,-8.4,0,0,0,0
0.000235,-8.4,0,0,0.08,0
0.000236,-8.4,0,0,0.08,0
0.000237,-8.4,0,0,0.08,0
0.000238,-8.4,0,0,0,0
0.000239,-8.4,0,0,0,0
0.00024,-8.32,0,0.08,0,0
0.000241,-8.32,0,0,0,0
0.000242,-8.32,0.08,0,0,0
0.000243,-8.32,0,0,0,0
0.000244,-8.32,0.08,0,0,0
0.000245,-8.32,0,0,0,0
0.000246,-8.32,0,0,0.08,0.08
0.000247,-8.32,0.08,0,0,0.08
0.000248,-8.32,0,0,0,0
0.000249,-8.32,0,0,0,0
0.00025,-8.32,0,0,0,0
0.000251,-8.32,0,0.08,0,0
0.000252,-8.32,0,0.08,0,0.08
0.000253,-8.32,0.08,0,0,0
0.000254,-8.32,0,0,0,0
0.000255,-8.32,0.08,0,0,0
0.000256,-8.24,0,0,0,0
0.000257,-8.24,0.08,0,0,0
0.000258,-8.24,0.08,0,0,0
0.000259,-8.24,0.08,0,0,0
0.00026,-8.24,0.08,0,0,0
0.000261,-8.24,0,0,0,0
0.000262,-8.24,0,0,0,0
0.000263,-8.24,0,0,0,0
0.000264,-8.24,0,0,0,0
0.000265,-8.24,0,0,0.08,0
0.000266,-8.24,0,0,0,0
0.000267,-8.24,0,0,0.08,0
0.000268,-8.24,0,0,0.08,0
0.000269,-8.24,0,0,0,0
0.00027,-8.24,0,0,0,0
0.000271,-8.24,0,0,0.08,0
0.000272,-8.24,0,0,0.08,0
0.000273,-8.16,0,0,0.08,0
0.000274,-8.16,0,0,0.08,0
0.000275,-8.16,0,0,0,0
0.000276,-8.16,0,0,0.08,0
0.000277,-8.16,0,0,0.08,0
0.000278,-8.16,0,0,0.08,0
0.000279,-8.16,0,0,0.08,0
0.00028,-8.16,0,0,0.08,0
0.000281,-8.16,0,0,0.08,0
0.000282,-8.16,0,0,0.08,0
0.000283,-8.16,0,0,0.08,0
0.000284,-8.16,0,0,0.08,0
0.000285,-8.16,0,0,0,0
0.000286,-8.16,0,0,0.08,0
0.000287,-8.16,0,0,0.08,0
0.000288,-8.16,0,0,0.08,0
0.000289,-8.08,0.08,0,0.08,0
0.00029,-8.08,0,0,0.08,0
0.000291,-8.08,0.08,0,0.08,0.08
0.000292,-8.08,0.08,0.08,0.08,0.08
0.000293,-8.08,0.08,0.08,0.08,0.08
0.000294,-8.08,0,0.08,0.08,0.08
0.000295,-8.08,0,0,0.08,0.08
0.000296,-8.08,0.08,0.08,0.08,0.08
0.000297,-8.08,0.08,0,0.08,0.08
0.000298,-8.08,0.08,0,0.08,0.08
0.000299,-8.08,0.08,0,0.08,0.08
0.0003,-8.08,0.08,0,0.08,0.08
0.000301,-8.08,0.08,0,0.08,0.08
0.000302,-8.08,0.08,0,0,0.08
0.000303,-8.08,0.08,0,0.08,0.08
0.000304,-8.08,0.08,0,0,0.08
0.000305,-8,0.08,0,0,0
0.000306,-8,0.08,0.08,0,0
0.000307,-8,0.08,0.08,0,0
0.000308,-8,0.08,0,0,0
0.000309,-8,0.08,0,0,0
0.00031,-8,0.08,0,0,0
0.000311,-8,0,0,0,0
0.000312,-8,0,0,0,0
0.000313,-8,0,0,0,0
0.000314,-8,0,0,0,0
0.000315,-8,0,0,0,0
0.000316,-8,0,0,0,0
0.000317,-8,0,0,0,0
0.000318,-8,0,0,0,0
0.000319,-8,0,0,0,0
0.00032,-7.92,0,0,0,0
0.000321,-7.92,0,0,0,0
0.000322,-7.92,0,0,0.08,0
0.000323,-7.92,0,0.08,0.08,0
0.000324,-7.92,0,0.08,0.08,0
0.000325,-7.92,0,0.08,0.08,0
0.000326,-7.92,0,0.08,0.08,0
0.000327,-7.92,0,0.08,0.08,0
0.000328,-7.92,0,0.08,0.08,0
0.000329,-7.92,0,0.08,0.08,0
0.00033,-7.92,0,0.08,0.08,0
0.000331,-7.92,0,0.08,0.08,0
0.000332,-7.92,0,0.08,0.08,0
0.000333,-7.92,0,0.08,0.08,0
0.000334,-7.92,0,0.08,0.08,0
0.000335,-7.92,0,0.08,0.08,0
0.000336,-7.84,0,0.08,0.08,0
0.000337,-7.84,0,0.08,0.08,0
0.000338,-7.84,0,0.08,0.08,0
0.000339,-7.84,0,0,0.08,0
0.00034,-7.84,0,0,0.08,0
0.000341,-7.84,0,0,0,0
0.000342,-7.84,0,0,0,0
0.000343,-7.84,0,0,0,0
0.000344,-7.84,0,0,0,0
0.000345,-7.84,0,0,0,0
0.000346,-7.84,0,0,0,0
0.000347,-7.84,0,0,0,0
0.000348,-7.84,0,0,0,0
0.000349,-7.84,0,0,0,0
0.00035,-7.84,0,0,0,0
0.000351,-7.76,0,0,0,0
0.000352,-7.76,0,0,0,0
0.000353,-7.76,0,0,0,0
0.000354,-7.76,0,0,0,0
0.000355,-7.76,0,0,0,0
0.000356,-7.76,0,0,0,0
0.000357,-7.76,0,0,0,0
0.000358,-7.76,0,0,0,0
0.000359,-7.76,0,0,0,0
0.00036,-7.76,0,0,0,0
0.000361,-7.76,0,0,0,0
0.000362,-7.76,0,0,0,0
0.000363,-7.76,0,0,0,0
0.000364,-7.76,0,0.08,0,0
0.000365,-7.76,0,0.08,0,0
0.000366,-7.68,0,0,0,0
0.000367,-7.68,0,0.08,0,0
0.000368,-7.68,0,0,0,0
0.000369,-7.68,0,0,0,0
0.00037,-7.68,0,0,0,0
0.000371,-7.68,0,0,0,0
0.000372,-7.68,0,0.08,0,0
0.000373,-7.68,0,0,0,0
0.000374,-7.68,0,0,0,0
0.000375,-7.68,0,0,0,0
0.000376,-7.68,0,0,0,0
0.000377,-7.68,0,0,0,0
0.000378,-7.68,0,0,0,0
0.000379,-7.68,0,0,0,0
0.00038,-7.6,0,0,0,0.08
0.000381,-7.6,0,0,0,0.08
0.000382,-7.6,0,0,0,0
0.000383,-7.6,0,0,0,0
0.000384,-7.6,0,0,0,0
0.000385,-7.6,0,0,0,0
0.000386,-7.6,0,0,0,0
0.000387,-7.6,0,0,0,0
0.000388,-7.6,0,0,0,0
0.000389,-7.6,0,0,0,0
0.00039,-7.6,0,0,0,0
0.000391,-7.6,0,0,0,0
0.000392,-7.6,0,0,0,0
0.000393,-7.6,0,0,0,0
0.000394,-7.6,0,0,0,0
0.000395,-7.52,0,0,0,0
0.000396,-7.52,0,0,0,0
0.000397,-7.52,0,0,0,0
0.000398,-7.52,0,0,0,0
0.000399,-7.52,0,0,0,0
0.0004,-7.52,0,0,0,0
0.000401,-7.52,0,0,0,0
0.000402,-7.52,0,0,0,0
0.000403,-7.52,0,0,0,0
0.000404,-7.52,0,0,0,0
0.000405,-7.52,0,0,0,0
0.000406,-7.52,0,0,0,0
0.000407,-7.52,0,0,0,0
0.000408,-7.52,0,0,0,0
0.000409,-7.52,0,0,0,0
0.00041,-7.44,0,0,0,0
0.000411,-7.44,0,0,0,0
0.000412,-7.44,0,0,0,0
0.000413,-7.44,0,0,0,0
0.000414,-7.44,0,0,0,0
0.000415,-7.44,0,0,0,0
0.000416,-7.44,0.08,0,0,0
0.000417,-7.44,0.08,0,0,0
0.000418,-7.44,0,0,0,0
0.000419,-7.44,0,0,0,0
0.00042,-7.44,0,0,0,0
0.000421,-7.44,0,0,0,0
0.000422,-7.44,0.08,0,0,0
0.000423,-7.44,0.08,0,0,0
0.000424,-7.36,0.08,0,0,0
0.000425,-7.36,0.08,0,0,0.08
0.000426,-7.36,0,0,0,0.08
0.000427,-7.36,0,0,0,0.08
0.000428,-7.36,0,0,0,0.08
0.000429,-7.36,0,0,0,0.08
0.00043,-7.36,0,0,0,0.08
0.000431,-7.36,0,0,0,0.08
0.000432,-7.36,0,0,0,0.08
0.000433,-7.36,0,0.08,0,0
0.000434,-7.36,0,0,0,0
0.000435,-7.36,0,0,0.08,0
0.000436,-7.36,0,0.08,0.08,0
0.000437,-7.36,0,0.08,0,0
0.000438,-7.36,0,0.08,0,0
0.000439,-7.28,0,0.08,0,0
0.00044,-7.28,0,0.08,0,0
0.000441,-7.28,0,0.08,0,0
0.000442,-7.28,0,0.08,0,0
0.000443,-7.28,0,0.08,0,0
0.000444,-7.28,0,0.08,0,0
0.000445,-7.28,0,0.08,0,0
0.000446,-7.28,0,0,0,0
0.000447,-7.28,0,0,0,0
0.000448,-7.28,0,0.08,0,0
0.000449,-7.28,0,0,0,0
0.00045,-7.28,0,0,0,0
0.000451,-7.28,0,0,0,0
0.000452,-7.28,0,0,0,0
0.000453,-7.2,0,0,0,0
0.000454,-7.2,0,0,0,0
0.000455,-7.2,0,0,0,0
0.000456,-7.2,0,0,0,0
0.000457,-7.2,0,0,0,0
0.000458,-7.2,0,0,0,0
0.000459,-7.2,0,0,0,0
0.00046,-7.2,0,0,0,0
0.000461,-7.2,0,0,0,0
0.000462,-7.2,0,0,0,0
0.000463,-7.2,0,0,0.08,0
0.000464,-7.2,0,0,0.08,0
0.000465,-7.2,0,0,0.08,0
0.000466,-7.2,0,0,0,0
0.000467,-7.2,0,0,0.08,0
0.000468,-7.2,0,0,0.08,0
0.000469,-7.2,0,0,0,0
0.00047,-7.2,0,0,0,0
0.000471,-7.2,0,0,0,0
0.000472,-7.12,0,0.08,0,0
0.000473,-7.12,0,0,0,0
0.000474,-7.12,0,0.08,0.08,0
0.000475,-7.12,0,0.08,0,0
0.000476,-7.12,0,0.08,0,0
0.000477,-7.12,0,0,0,0
0.000478,-7.12,0,0,0,0
0.000479,-7.12,0,0,0,0
0.00048,-7.12,0,0.08,0,0
0.000481,-7.12,0,0,0,0
0.000482,-7.12,0,0,0,0
0.000483,-7.12,0,0,0,0
0.000484,-7.12,0,0,0,0
0.000485,-7.12,0,0,0,0
0.000486,-7.04,0,0,0,0
0.000487,-7.04,0,0,0,0
0.000488,-7.04,0,0,0,0
0.000489,-7.04,0,0,0,0
0.00049,-7.04,0,0,0,0
0.000491,-7.04,0,0,0,0
0.000492,-7.04,0,0,0,0
0.000493,-7.04,0,0,0,0
0.000494,-7.04,0,0,0,0
0.000495,-7.04,0,0,0,0
0.000496,-7.04,0,0,0,0
0.000497,-7.04,0,0,0,0
0.000498,-7.04,0,0,0,0
0.000499,-6.96,0,0,0,0
0.0005,-6.96,0,0,0,0
0.000501,-6.96,0,0,0,0.08
0.000502,-6.96,0,0,0,0.08
0.000503,-6.96,0,0,0,0.08
0.000504,-6.96,0,0,0,0.08
0.000505,-6.96,0,0,0,0.08
0.000506,-6.96,0,0,0,0.08
0.000507,-6.96,0,0,0,0.08
0.000508,-6.96,0,0,0,0.08
0.000509,-6.96,0,0,0,0.08
0.00051,-6.96,0,0,0,0.08
0.000511,-6.96,0,0,0,0.08
0.000512,-6.96,0,0,0,0.08
0.000513,-6.88,0,0,0.08,0.08
0.000514,-6.88,0,0,0,0.08
0.000515,-6.88,0,0,0,0.08
0.000516,-6.88,0,0,0,0.08
0.000517,-6.88,0,0,0,0.08
0.000518,-6.88,0,0,0,0.08
0.000519,-6.88,0,0,0,0.08
0.00052,-6.88,0,0,0,0.08
0.000521,-6.88,0,0,0,0.08
0.000522,-6.88,0,0,0,0.08
0.000523,-6.88,0,0,0,0.08
0.000524,-6.88,0,0,0,0.08
0.000525,-6.88,0.08,0,0,0
0.000526,-6.88,0,0,0,0
0.000527,-6.88,0,0,0,0
0.000528,-6.88,0,0,0,0
0.000529,-6.88,0,0,0,0
0.00053,-6.88,0,0,0,0
0.000531,-6.88,0,0,0,0
0.000532,-6.8,0,0,0,0
0.000533,-6.8,0,0,0,0
0.000534,-6.8,0,0,0,0
0.000535,-6.8,0,0,0,0
0.000536,-6.8,0,0,0,0
0.000537,-6.8,0,0,0,0
0.000538,-6.8,0,0,0,0
0.000539,-6.8,0,0,0,0
0.00054,-6.8,0,0.08,0,0
0.000541,-6.8,0,0.08,0,0
0.000542,-6.8,0,0,0,0
0.000543,-6.8,0,0.08,0,0
0.000544,-6.8,0,0,0,0
0.000545,-6.72,0,0,0,0
0.000546,-6.72,0,0,0,0
0.000547,-6.72,0,0.08,0,0
0.000548,-6.72,0,0.08,0,0
0.000549,-6.72,0,0.08,0,0
0.00055,-6.72,0,0,0,0
0.000551,-6.72,0,0,0,0
0.000552,-6.72,0,0,0,0
0.000553,-6.72,0,0,0.08,0
0.000554,-6.72,0,0,0.08,0
0.000555,-6.72,0,0,0.08,0
0.000556,-6.72,0,0,0.08,0
0.000557,-6.72,0,0,0.08,0
0.000558,-6.64,0,0,0.08,0
0.000559,-6.64,0,0,0.08,0
0.00056,-6.64,0,0,0,0
0.000561,-6.64,0,0,0.08,0
0.000562,-6.64,0,0,0.08,0
0.000563,-6.64,0,0,0,0
0.000564,-6.64,0,0,0,0
0.000565,-6.64,0,0,0,0
0.000566,-6.64,0,0,0,0
0.000567,-6.64,0,0,0,0
0.000568,-6.64,0.08,0,0,0
0.000569,-6.64,0,0,0,0
0.00057,-6.64,0,0,0,0
0.000571,-6.64,0,0,0,0
0.000572,-6.56,0,0,0,0
0.000573,-6.56,0.08,0,0,0
0.000574,-6.56,0.08,0,0,0
0.000575,-6.56,0.08,0,0,0
0.000576,-6.56,0.08,0,0,0
0.000577,-6.56,0,0,0,0
0.000578,-6.56,0.08,0,0,0
0.000579,-6.56,0.08,0,0,0
0.00058,-6.56,0,0,0,0.08
0.000581,-6.56,0,0,0,0.08
0.000582,-6.56,0,0,0,0.08
0.000583,-6.56,0,0,0,0.08
0.000584,-6.56,0,0,0,0.08
0.000585,-6.48,0,0,0,0.08
0.000586,-6.48,0,0,0,0.08
0.000587,-6.48,0,0,0,0.08
0.000588,-6.48,0,0,0,0.08
0.000589,-6.48,0,0,0,0
0.00059,-6.48,0,0,0,0.08
0.000591,-6.48,0,0,0,0
0.000592,-6.48,0,0,0,0
0.000593,-6.48,0,0,0,0
0.000594,-6.48,0,0,0,0
0.000595,-6.48,0,0,0,0
0.000596,-6.48,0,0,0,0
0.000597,-6.48,0,0,0,0
0.000598,-6.4,0,0,0,0
0.000599,-6.4,0,0,0,0
0.0006,-6.4,0,0,0,0
0.000601,-6.4,0,0,0,0
0.000602,-6.4,0,0,0,0
0.000603,-6.4,0,0,0,0
0.000604,-6.4,0,0,0,0
0.000605,-6.4,0,0,0,0
0.000606,-6.4,0,0,0,0
0.000607,-6.4,0,0,0,0
0.000608,-6.4,0,0,0,0
0.000609,-6.4,0,0,0,0
0.00061,-6.4,0,0,0,0
0.000611,-6.32,0,0,0,0
0.000612,-6.32,0,0,0,0
0.000613,-6.32,0,0,0,0
0.000614,-6.32,0,0,0,0
0.000615,-6.32,0,0,0,0
0.000616,-6.32,0,0,0,0
0.000617,-6.32,0,0,0,0
0.000618,-6.32,0,0,0,0
0.000619,-6.32,0,0,0,0
0.00062,-6.32,0,0,0,0
0.000621,-6.32,0.08,0,0,0
0.000622,-6.32,0,0,0,0
0.000623,-6.24,0.08,0,0,0
0.000624,-6.24,0,0,0,0
0.000625,-6.24,0,0,0,0
0.000626,-6.24,0,0,0,0
0.000627,-6.24,0.08,0,0,0
0.000628,-6.24,0,0,0,0
0.000629,-6.24,0,0,0,0
0.00063,-6.24,0.08,0,0,0
0.000631,-6.24,0,0,0,0
0.000632,-6.24,0.08,0,0,0
0.000633,-6.24,0.08,0,0,0
0.000634,-6.24,0.08,0,0,0
0.000635,-6.24,0,0,0,0
0.000636,-6.24,0.08,0,0,0
0.000637,-6.24,0,0,0,0
0.000638,-6.24,0.08,0,0,0
0.000639,-6.16,0,0,0,0
0.00064,-6.16,0.08,0,0,0
0.000641,-6.16,0,0,0,0
0.000642,-6.16,0.08,0,0,0
0.000643,-6.16,0.08,0,0,0
0.000644,-6.16,0.08,0,0,0
0.000645,-6.16,0,0,0,0
0.000646,-6.16,0,0,0,0
0.000647,-6.16,0,0,0,0
0.000648,-6.16,0,0,0,0
0.000649,-6.16,0,0,0,0
0.00065,-6.16,0,0,0,0
0.000651,-6.16,0,0,0,0
0.000652,-6.16,0,0,0,0
0.000653,-6.08,0,0,0,0
0.000654,-6.08,0,0,0,0
0.000655,-6.08,0,0,0,0
0.000656,-6.08,0,0,0,0
0.000657,-6.08,0,0,0,0
0.000658,-6.08,0,0,0,0
0.000659,-6.08,0,0,0,0
0.00066,-6.08,0,0,0,0
0.000661,-6.08,0,0,0,0
0.000662,-6.08,0,0,0,0
0.000663,-6.08,0,0,0,0
0.000664,-6.08,0,0,0,0
0.000665,-6,0,0,0,0
0.000666,-6,0,0,0,0
0.000667,-6,0,0,0,0
0.000668,-6,0,0,0,0
0.000669,-6,0,0,0,0
0.00067,-6,0,0,0,0
0.000671,-6,0,0,0,0
0.000672,-6,0,0,0,0
0.000673,-6,0,0,0,0
0.000674,-6,0,0,0,0
0.000675,-6,0,0,0,0
0.000676,-6,0,0,0,0
0.000677,-6,0,0,0,0
0.000678,-5.92,0,0,0,0
0.000679,-5.92,0,0,0,0
0.00068,-5.92,0.08,0,0,0
0.000681,-5.92,0.08,0,0,0
0.000682,-5.92,0.08,0,0,0
0.000683,-5.92,0.08,0,0,0
0.000684,-5.92,0.08,0,0,0
0.000685,-5.92,0.08,0,0,0
0.000686,-5.92,0.08,0,0,0
0.000687,-5.92,0.08,0.08,0,0
0.000688,-5.92,0.08,0,0,0
0.000689,-5.92,0.08,0.08,0,0
0.00069,-5.92,0.08,0.08,0,0
0.000691,-5.92,0.08,0.08,0,0
0.000692,-5.92,0.08,0.08,0.08,0
0.000693,-5.92,0.08,0,0,0
0.000694,-5.92,0,0,0,0
0.000695,-5.84,0,0,0.08,0
0.000696,-5.84,0,0.08,0.08,0
0.000697,-5.84,0,0.08,0.08,0
0.000698,-5.84,0,0,0.08,0
0.000699,-5.84,0,0,0.08,0
0.0007,-5.84,0,0,0.08,0
0.000701,-5.84,0,0,0.08,0
0.000702,-5.84,0,0,0.08,0
0.000703,-5.84,0,0,0.08,0
0.000704,-5.84,0,0,0.08,0
0.000705,-5.84,0,0,0.08,0
0.000706,-5.84,0,0,0.08,0
0.000707,-5.76,0,0,0.08,0
0.000708,-5.76,0,0,0.08,0.08
0.000709,-5.76,0,0,0.08,0
0.00071,-5.76,0,0,0.08,0.08
0.000711,-5.76,0,0,0,0
0.000712,-5.76,0,0,0,0.08
0.000713,-5.76,0,0,0,0.08
0.000714,-5.76,0,0,0,0.08
0.000715,-5.76,0,0,0,0
0.000716,-5.76,0,0,0,0.08
0.000717,-5.76,0,0,0,0
0.000718,-5.76,0,0,0,0
0.000719,-5.68,0,0,0,0
0.00072,-5.68,0,0,0,0
0.000721,-5.68,0,0,0,0
0.000722,-5.68,0.08,0,0,0
0.000723,-5.68,0,0.08,0,0
0.000724,-5.68,0.08,0,0,0
0.000725,-5.68,0.08,0.08,0,0
0.000726,-5.68,0.08,0.08,0,0
0.000727,-5.68,0.08,0.08,0,0
0.000728,-5.68,0.08,0.08,0,0
0.000729,-5.68,0.08,0,0,0
0.00073,-5.68,0.08,0,0,0
0.000731,-5.68,0.08,0.08,0,0
0.000732,-5.6,0.08,0.08,0,0
0.000733,-5.6,0.08,0.08,0,0
0.000734,-5.6,0.08,0,0,0
0.000735,-5.6,0.08,0,0,0
0.000736,-5.6,0.08,0,0,0
0.000737,-5.6,0.08,0,0,0
0.000738,-5.6,0,0,0,0
0.000739,-5.6,0,0,0,0
0.00074,-5.6,0.08,0,0,0
0.000741,-5.6,0.08,0,0,0
0.000742,-5.6,0.08,0,0,0
0.000743,-5.52,0,0,0,0
0.000744,-5.52,0,0,0,0
0.000745,-5.52,0,0,0.08,0
0.000746,-5.52,0,0,0.08,0
0.000747,-5.52,0,0,0.08,0
0.000748,-5.52,0,0,0,0
0.000749,-5.52,0,0,0,0
0.00075,-5.52,0,0,0.08,0
0.000751,-5.52,0,0,0,0
0.000752,-5.52,0,0,0,0
0.000753,-5.52,0,0,0.08,0
0.000754,-5.52,0,0,0,0
0.000755,-5.44,0,0,0,0
0.000756,-5.44,0,0,0,0
0.000757,-5.44,0,0,0,0
0.000758,-5.44,0,0,0,0
0.000759,-5.44,0,0,0,0
0.00076,-5.44,0,0,0.08,0
0.000761,-5.44,0,0,0,0
0.000762,-5.44,0,0,0,0
0.000763,-5.44,0,0,0,0
0.000764,-5.44,0,0,0,0
0.000765,-5.44,0,0,0,0
0.000766,-5.44,0,0,0,0
0.000767,-5.44,0,0,0,0
0.000768,-5.44,0,0,0,0
0.000769,-5.44,0,0,0,0
0.00077,-5.44,0,0,0,0
0.000771,-5.44,0,0,0,0
0.000772,-5.36,0,0.08,0,0
0.000773,-5.36,0.08,0.08,0,0
0.000774,-5.36,0.08,0.08,0,0
0.000775,-5.36,0,0.08,0,0
0.000776,-5.36,0,0.08,0,0
0.000777,-5.36,0,0.08,0,0
0.000778,-5.36,0.08,0.08,0,0
0.000779,-5.36,0.08,0.08,0,0
0.00078,-5.36,0,0,0,0
0.000781,-5.36,0,0.08,0,0
0.000782,-5.36,0,0,0,0
0.000783,-5.36,0.08,0.08,0,0
0.000784,-5.28,0,0,0,0
0.000785,-5.28,0,0,0,0
0.000786,-5.28,0,0,0,0
0.000787,-5.28,0.08,0,0,0
0.000788,-5.28,0,0,0,0
0.000789,-5.28,0,0,0,0.08
0.00079,-5.28,0,0,0,0
0.000791,-5.28,0.08,0,0,0
0.000792,-5.28,0,0,0,0
0.000793,-5.28,0,0,0,0
0.000794,-5.28,0,0,0,0
0.000795,-5.28,0,0,0,0
0.000796,-5.2,0,0,0,0
0.000797,-5.2,0,0,0,0
0.000798,-5.2,0,0,0,0
0.000799,-5.2,0,0,0,0
0.0008,-5.2,0,0,0,0
0.000801,-5.2,0,0,0,0
0.000802,-5.2,0,0,0.08,0
0.000803,-5.2,0,0,0,0
0.000804,-5.2,0,0,0,0
0.000805,-5.2,0,0,0,0
0.000806,-5.2,0,0,0,0
0.000807,-5.2,0,0,0.08,0
0.000808,-5.12,0,0,0,0
0.000809,-5.12,0,0,0,0
0.00081,-5.12,0,0,0,0
0.000811,-5.12,0,0,0,0
0.000812,-5.12,0,0,0,0
0.000813,-5.12,0,0,0,0
0.000814,-5.12,0,0,0,0
0.000815,-5.12,0,0,0,0
0.000816,-5.12,0,0,0,0
0.000817,-5.12,0.08,0,0,0
0.000818,-5.12,0.08,0,0,0
0.000819,-5.04,0.08,0,0,0
0.00082,-5.04,0.08,0,0,0
0.000821,-5.04,0.08,0,0,0
0.000822,-5.04,0.08,0,0,0
0.000823,-5.04,0.08,0,0,0
0.000824,-5.04,0.08,0,0,0.08
0.000825,-5.04,0.08,0,0,0.08
0.000826,-5.04,0.08,0,0,0.08
0.000827,-5.04,0.08,0,0,0.08
0.000828,-5.04,0.08,0,0,0
0.000829,-5.04,0.08,0,0,0
0.00083,-5.04,0.08,0,0,0
0.000831,-4.96,0.08,0,0,0.08
0.000832,-4.96,0.08,0,0,0
0.000833,-4.96,0.08,0,0,0
0.000834,-4.96,0,0,0,0
0.000835,-4.96,0,0,0,0
0.000836,-4.96,0,0,0,0
0.000837,-4.96,0,0,0,0
0.000838,-4.96,0,0,0,0
0.000839,-4.96,0,0,0,0
0.00084,-4.96,0,0,0,0
0.000841,-4.96,0,0,0,0
0.000842,-4.96,0,0,0,0
0.000843,-4.88,0,0,0,0
0.000844,-4.88,0,0,0,0
0.000845,-4.88,0,0,0,0
0.000846,-4.88,0,0,0,0
0.000847,-4.88,0,0.08,0,0
0.000848,-4.88,0,0.08,0,0
0.000849,-4.88,0,0,0,0
0.00085,-4.88,0,0,0,0
0.000851,-4.88,0,0,0,0
0.000852,-4.88,0,0,0,0
0.000853,-4.88,0,0.08,0,0
0.000854,-4.8,0,0,0,0
0.000855,-4.8,0,0,0,0
0.000856,-4.8,0,0,0,0
0.000857,-4.8,0,0,0,0
0.000858,-4.8,0,0,0,0
0.000859,-4.8,0,0,0,0
0.00086,-4.8,0,0,0,0
0.000861,-4.8,0,0,0,0
0.000862,-4.8,0,0,0,0
0.000863,-4.8,0,0,0,0
0.000864,-4.8,0.08,0,0,0
0.000865,-4.8,0.08,0,0,0
0.000866,-4.72,0,0,0,0
0.000867,-4.72,0.08,0,0,0
0.000868,-4.72,0,0,0,0
0.000869,-4.72,0,0,0,0
0.00087,-4.72,0.08,0,0,0
0.000871,-4.72,0,0,0,0
0.000872,-4.72,0.08,0,0,0
0.000873,-4.72,0.08,0,0,0
0.000874,-4.72,0.08,0,0,0
0.000875,-4.72,0.08,0,0,0
0.000876,-4.72,0.08,0,0,0
0.000877,-4.72,0.08,0,0,0
0.000878,-4.64,0.08,0,0,0
0.000879,-4.64,0.08,0,0,0
0.00088,-4.64,0.08,0,0,0
0.000881,-4.64,0.08,0,0,0
0.000882,-4.64,0.08,0.08,0,0
0.000883,-4.64,0.08,0,0,0
0.000884,-4.64,0,0,0,0
0.000885,-4.64,0,0,0,0
0.000886,-4.64,0,0,0,0
0.000887,-4.64,0,0,0,0
0.000888,-4.64,0,0,0,0
0.000889,-4.64,0,0,0,0
0.00089,-4.64,0,0,0,0
0.000891,-4.64,0,0,0,0
0.000892,-4.56,0,0,0,0
0.000893,-4.56,0,0,0,0
0.000894,-4.56,0,0,0,0
0.000895,-4.56,0,0,0,0
0.000896,-4.56,0,0,0,0
0.000897,-4.56,0,0,0,0
0.000898,-4.56,0,0,0,0
0.000899,-4.56,0,0,0,0
0.0009,-4.56,0,0,0,0
0.000901,-4.56,0,0,0,0
0.000902,-4.56,0,0,0,0
0.000903,-4.56,0,0,0,0
0.000904,-4.48,0,0,0,0
0.000905,-4.48,0,0,0,0
0.000906,-4.48,0,0,0,0
0.000907,-4.48,0,0,0,0.08
0.000908,-4.48,0,0,0,0.08
0.000909,-4.48,0,0,0,0
0.00091,-4.48,0,0,0,0
0.000911,-4.48,0,0,0,0
0.000912,-4.48,0,0,0,0
0.000913,-4.48,0,0,0,0
0.000914,-4.48,0,0,0,0
0.000915,-4.4,0,0,0,0
0.000916,-4.4,0,0,0,0
0.000917,-4.4,0,0,0,0
0.000918,-4.4,0,0,0,0
0.000919,-4.4,0,0,0,0
0.00092,-4.4,0.08,0,0,0
0.000921,-4.4,0.08,0,0,0
0.000922,-4.4,0,0,0,0
0.000923,-4.4,0,0,0,0
0.000924,-4.4,0,0,0,0
0.000925,-4.4,0.08,0,0,0
0.000926,-4.4,0.08,0,0,0
0.000927,-4.32,0.08,0,0,0
0.000928,-4.32,0,0,0,0
0.000929,-4.32,0,0,0.08,0
0.00093,-4.32,0,0,0.08,0
0.000931,-4.32,0,0,0.08,0
0.000932,-4.32,0,0,0,0
0.000933,-4.32,0,0,0,0
0.000934,-4.32,0,0,0,0
0.000935,-4.32,0,0,0,0
0.000936,-4.32,0,0,0,0
0.000937,-4.32,0,0,0,0
0.000938,-4.24,0,0,0,0
0.000939,-4.24,0,0,0,0
0.00094,-4.24,0,0,0,0
0.000941,-4.24,0,0,0,0
0.000942,-4.24,0,0,0,0
0.000943,-4.24,0,0,0,0
0.000944,-4.24,0,0,0,0
0.000945,-4.24,0,0,0,0
0.000946,-4.24,0,0,0,0
0.000947,-4.24,0,0,0,0
0.000948,-4.24,0,0,0,0
0.000949,-4.16,0,0,0,0
0.00095,-4.16,0,0,0,0
0.000951,-4.16,0,0,0,0
0.000952,-4.16,0,0,0,0
0.000953,-4.16,0,0,0,0
0.000954,-4.16,0,0,0,0
0.000955,-4.16,0,0,0,0
0.000956,-4.16,0,0,0,0
0.000957,-4.16,0,0,0,0
0.000958,-4.16,0,0,0,0
0.000959,-4.16,0,0,0,0
0.00096,-4.08,0,0,0,0
0.000961,-4.08,0,0,0,0
0.000962,-4.08,0,0.08,0,0
0.000963,-4.08,0,0.08,0,0
0.000964,-4.08,0,0,0,0
0.000965,-4.08,0,0.08,0,0
0.000966,-4.08,0,0.08,0,0
0.000967,-4.08,0,0.08,0,0
0.000968,-4.08,0.08,0.08,0,0
0.000969,-4.08,0.08,0.08,0,0
0.00097,-4.08,0.08,0.08,0,0
0.000971,-4,0.08,0.08,0,0
0.000972,-4,0.08,0.08,0,0
0.000973,-4,0.08,0.08,0,0.08
0.000974,-4,0.08,0.08,0,0
0.000975,-4,0.08,0.08,0,0
0.000976,-4,0.08,0.08,0,0
0.000977,-4,0.08,0.08,0,0
0.000978,-4,0.08,0.08,0,0
0.000979,-4,0.08,0.08,0,0
0.00098,-4,0.08,0.08,0,0
0.000981,-4,0.08,0.08,0,0
0.000982,-4,0.08,0.08,0,0
0.000983,-3.92,0.08,0.08,0,0
0.000984,-3.92,0.08,0.08,0,0
0.000985,-3.92,0.08,0.08,0,0
0.000986,-3.92,0.08,0,0,0
0.000987,-3.92,0.08,0.08,0,0
0.000988,-3.92,0.08,0,0,0
0.000989,-3.92,0.08,0,0,0
0.00099,-3.92,0.08,0,0,0
0.000991,-3.92,0.08,0,0,0
0.000992,-3.92,0,0,0,0
0.000993,-3.92,0,0,0,0
0.000994,-3.92,0,0,0,0
0.000995,-3.92,0,0,0,0
0.000996,-3.92,0,0,0,0
0.000997,-3.92,0,0,0,0
0.000998,-3.84,0,0,0,0
0.000999,-3.84,0,0,0,0
0.001,-3.84,0,0,0,0
0.001001,-3.84,0,0,0,0
0.001002,-3.84,0,0,0,0
0.001003,-3.84,0,0,0,0
0.001004,-3.84,0,0,0,0
0.001005,-3.84,0,0,0,0
0.001006,-3.84,0,0,0.08,0
0.001007,-3.84,0,0,0,0
0.001008,-3.84,0,0,0,0
0.001009,-3.84,0,0,0.08,0
0.00101,-3.76,0,0,0,0
0.001011,-3.76,0,0,0,0
0.001012,-3.76,0.08,0,0.08,0
0.001013,-3.76,0.08,0,0.08,0
0.001014,-3.76,0.08,0.08,0.08,0
0.001015,-3.76,0.08,0,0.08,0
0.001016,-3.76,0.08,0.08,0,0
0.001017,-3.76,0.08,0,0.08,0
0.001018,-3.76,0.08,0.08,0,0
0.001019,-3.76,0.08,0.08,0.08,0.08
0.00102,-3.76,0.08,0,0.08,0.08
0.001021,-3.68,0.08,0.08,0.08,0.08
0.001022,-3.68,0.08,0.08,0.08,0
0.001023,-3.68,0.08,0,0.08,0
0.001024,-3.68,0.08,0,0.08,0
0.001025,-3.68,0.08,0.08,0.08,0
0.001026,-3.68,0.08,0,0.08,0
0.001027,-3.68,0.08,0,0.08,0
0.001028,-3.68,0.08,0,0.08,0
0.001029,-3.68,0.08,0,0.08,0
0.00103,-3.68,0.08,0,0.08,0
0.001031,-3.68,0.08,0,0.08,0
0.001032,-3.6,0.08,0,0.08,0
0.001033,-3.6,0.08,0,0.08,0
0.001034,-3.6,0.08,0,0.08,0
0.001035,-3.6,0.08,0,0,0
0.001036,-3.6,0.08,0,0,0
0.001037,-3.6,0,0,0,0
0.001038,-3.6,0.08,0,0,0
0.001039,-3.6,0.08,0,0,0
0.00104,-3.6,0.08,0,0,0
0.001041,-3.6,0,0,0,0
0.001042,-3.6,0,0,0,0
0.001043,-3.52,0,0,0,0
0.001044,-3.52,0,0,0,0
0.001045,-3.52,0,0,0,0
0.001046,-3.52,0,0,0,0
0.001047,-3.52,0,0,0,0
0.001048,-3.52,0,0,0,0
0.001049,-3.52,0,0,0,0
0.00105,-3.52,0,0,0,0
0.001051,-3.52,0,0,0,0
0.001052,-3.52,0,0,0.08,0
0.001053,-3.44,0,0,0.08,0
0.001054,-3.44,0,0,0,0
0.001055,-3.44,0,0,0,0
0.001056,-3.44,0,0,0.08,0
0.001057,-3.44,0,0,0.08,0
0.001058,-3.44,0,0,0,0
0.001059,-3.44,0,0,0.08,0
0.00106,-3.44,0,0,0,0
0.001061,-3.44,0,0,0,0
0.001062,-3.44,0,0,0,0
0.001063,-3.44,0,0.08,0,0
0.001064,-3.44,0.08,0.08,0.08,0
0.001065,-3.36,0,0.08,0.08,0.08
0.001066,-3.36,0,0.08,0.08,0.08
0.001067,-3.36,0.08,0.08,0.08,0
0.001068,-3.36,0.08,0.08,0.08,0
0.001069,-3.36,0,0.08,0.08,0
0.00107,-3.36,0.08,0.08,0.08,0
0.001071,-3.36,0.08,0.08,0.08,0.08
0.001072,-3.36,0.08,0.08,0.08,0
0.001073,-3.36,0.08,0.08,0.08,0
0.001074,-3.36,0.08,0.08,0.08,0
0.001075,-3.36,0.08,0.08,0.08,0
0.001076,-3.36,0.08,0,0.08,0
0.001077,-3.36,0.08,0,0.08,0
0.001078,-3.36,0.08,0,0.08,0
0.001079,-3.36,0.08,0,0.08,0
0.00108,-3.28,0.08,0,0.08,0
0.001081,-3.28,0.08,0,0.08,0
0.001082,-3.28,0,0,0.08,0
0.001083,-3.28,0,0,0.08,0
0.001084,-3.28,0.08,0,0.08,0
0.001085,-3.28,0,0,0.08,0
0.001086,-3.28,0,0,0.08,0
0.001087,-3.28,0,0,0.08,0
0.001088,-3.28,0,0,0.08,0
0.001089,-3.28,0,0,0.08,0
0.00109,-3.2,0,0,0,0
0.001091,-3.2,0,0,0,0
0.001092,-3.2,0,0,0,0
0.001093,-3.2,0,0,0,0
0.001094,-3.2,0,0,0,0
0.001095,-3.2,0,0,0,0
0.001096,-3.2,0,0,0,0
0.001097,-3.2,0,0,0,0
0.001098,-3.2,0,0,0,0
0.001099,-3.2,0,0,0,0
0.0011,-3.2,0,0,0,0
0.001101,-3.12,0,0,0,0
0.001102,-3.12,0,0,0,0
0.001103,-3.12,0,0,0,0
0.001104,-3.12,0,0,0,0
0.001105,-3.12,0,0,0,0
0.001106,-3.12,0,0,0,0.08
0.001107,-3.12,0,0.08,0,0.08
0.001108,-3.12,0,0.08,0,0.08
0.001109,-3.12,0,0.08,0,0.08
0.00111,-3.12,0,0.08,0,0.08
0.001111,-3.12,0,0.08,0,0.08
0.001112,-3.12,0,0.08,0,0.08
0.001113,-3.12,0.08,0.08,0,0.08
0.001114,-3.04,0.08,0.08,0,0.08
0.001115,-3.04,0.08,0.08,0,0.08
0.001116,-3.04,0,0.08,0,0.08
0.001117,-3.04,0.08,0,0,0.08
0.001118,-3.04,0.08,0.08,0,0.08
0.001119,-3.04,0.08,0,0,0.08
0.00112,-3.04,0.08,0,0,0.08
0.001121,-3.04,0.08,0,0,0
0.001122,-3.04,0.08,0,0,0
0.001123,-3.04,0.08,0,0.08,0
0.001124,-3.04,0.08,0,0,0
0.001125,-3.04,0.08,0,0,0
0.001126,-2.96,0.08,0,0,0
0.001127,-2.96,0.08,0,0,0
0.001128,-2.96,0.08,0,0,0
0.001129,-2.96,0.08,0,0,0
0.00113,-2.96,0.08,0,0,0
0.001131,-2.96,0,0,0.08,0
0.001132,-2.96,0,0,0.08,0
0.001133,-2.96,0.08,0,0.08,0
0.001134,-2.96,0,0,0.08,0
0.001135,-2.96,0,0,0.08,0
0.001136,-2.88,0,0,0.08,0
0.001137,-2.88,0,0,0.08,0
0.001138,-2.88,0,0,0.08,0
0.001139,-2.88,0,0,0.08,0
0.00114,-2.88,0,0,0.08,0
0.001141,-2.88,0,0,0.08,0
0.001142,-2.88,0,0,0.08,0
0.001143,-2.88,0,0,0.08,0
0.001144,-2.88,0,0,0.08,0
0.001145,-2.88,0,0,0.08,0
0.001146,-2.88,0,0,0,0
0.001147,-2.8,0,0,0,0
0.001148,-2.8,0,0,0,0
0.001149,-2.8,0,0,0,0
0.00115,-2.8,0,0,0,0
0.001151,-2.8,0,0,0,0
0.001152,-2.8,0,0,0,0
0.001153,-2.8,0,0,0,0
0.001154,-2.8,0,0,0,0
0.001155,-2.8,0,0,0,0
0.001156,-2.8,0,0,0,0
0.001157,-2.8,0,0,0,0
0.001158,-2.72,0,0,0,0
0.001159,-2.72,0,0,0,0
0.00116,-2.72,0,0,0,0
0.001161,-2.72,0,0,0,0
0.001162,-2.72,0,0,0,0
0.001163,-2.72,0,0,0,0
0.001164,-2.72,0,0,0,0
0.001165,-2.72,0.08,0,0,0
0.001166,-2.72,0.08,0,0,0
0.001167,-2.72,0.08,0,0,0
0.001168,-2.64,0.08,0,0,0
0.001169,-2.64,0.08,0,0,0
0.00117,-2.64,0,0,0,0
0.001171,-2.64,0.08,0,0,0
0.001172,-2.64,0.08,0,0,0
0.001173,-2.64,0.08,0,0,0
0.001174,-2.64,0.08,0,0,0
0.001175,-2.64,0.08,0,0,0
0.001176,-2.64,0.08,0,0,0
0.001177,-2.64,0.08,0,0,0
0.001178,-2.64,0.08,0,0,0
0.001179,-2.56,0.08,0,0,0
0.00118,-2.56,0.08,0,0,0
0.001181,-2.56,0.08,0,0,0
0.001182,-2.56,0,0,0,0
0.001183,-2.56,0,0,0,0
0.001184,-2.56,0.08,0,0,0
0.001185,-2.56,0,0,0,0
0.001186,-2.56,0,0,0,0
0.001187,-2.56,0,0,0,0
0.001188,-2.56,0,0,0.08,0
0.001189,-2.56,0,0,0.08,0
0.00119,-2.48,0,0,0.08,0
0.001191,-2.48,0,0,0.08,0
0.001192,-2.48,0,0,0.08,0.08
0.001193,-2.48,0,0,0.08,0
0.001194,-2.48,0,0,0.08,0.08
0.001195,-2.48,0,0,0.08,0
0.001196,-2.48,0,0,0.08,0
0.001197,-2.48,0,0,0.08,0.08
0.001198,-2.48,0,0,0.08,0.08
0.001199,-2.48,0,0,0.08,0.08
0.0012,-2.4,0,0,0.08,0.08
0.001201,-2.4,0,0,0.08,0
0.001202,-2.4,0,0,0.08,0
0.001203,-2.4,0,0,0.08,0.08
0.001204,-2.4,0,0,0.08,0.08
0.001205,-2.4,0,0,0.08,0.08
0.001206,-2.4,0,0.08,0.08,0
0.001207,-2.4,0,0,0.08,0
0.001208,-2.4,0,0.08,0.08,0
0.001209,-2.4,0,0.08,0.08,0
0.00121,-2.4,0,0.08,0.08,0
0.001211,-2.32,0,0.08,0.08,0
0.001212,-2.32,0,0.08,0.08,0
0.001213,-2.32,0,0.08,0.08,0
0.001214,-2.32,0.08,0.08,0.08,0
0.001215,-2.32,0,0.08,0.08,0
0.001216,-2.32,0,0.08,0.08,0
0.001217,-2.32,0.08,0.08,0,0
0.001218,-2.32,0.08,0.08,0,0
0.001219,-2.32,0.08,0.08,0,0
0.00122,-2.32,0.08,0.08,0,0
0.001221,-2.32,0.08,0.08,0,0
0.001222,-2.32,0.08,0.08,0,0
0.001223,-2.32,0.08,0.08,0,0
0.001224,-2.32,0.08,0.08,0,0
0.001225,-2.32,0.08,0.08,0,0
0.001226,-2.24,0.08,0.08,0,0
0.001227,-2.24,0.08,0.08,0,0
0.001228,-2.24,0.08,0.08,0,0
0.001229,-2.24,0.08,0.08,0,0
0.00123,-2.24,0.08,0.08,0,0
0.001231,-2.24,0.08,0.08,0,0
0.001232,-2.24,0.08,0.08,0,0
0.001233,-2.24,0.08,0.08,0,0
0.001234,-2.24,0.08,0.08,0,0
0.001235,-2.24,0.08,0,0,0
0.001236,-2.16,0.08,0,0,0
0.001237,-2.16,0.08,0,0,0
0.001238,-2.16,0.08,0,0,0
0.001239,-2.16,0,0,0,0
0.00124,-2.16,0,0,0,0
0.001241,-2.16,0,0,0,0
0.001242,-2.16,0,0,0,0
0.001243,-2.16,0,0,0,0
0.001244,-2.16,0,0,0,0
0.001245,-2.16,0,0,0,0
0.001246,-2.16,0,0,0.08,0
0.001247,-2.16,0,0,0.08,0
0.001248,-2.16,0,0,0.08,0
0.001249,-2.16,0,0,0.08,0
0.00125,-2.08,0,0,0.08,0
0.001251,-2.08,0,0,0.08,0
0.001252,-2.08,0,0,0.08,0
0.001253,-2.08,0,0,0.08,0
0.001254,-2.08,0,0,0.08,0
0.001255,-2.08,0,0.08,0.08,0
0.001256,-2.08,0,0,0.08,0
0.001257,-2.08,0,0.08,0.08,0
0.001258,-2.08,0,0.08,0.08,0
0.001259,-2.08,0,0.08,0.08,0
0.00126,-2.08,0,0.08,0.08,0
0.001261,-2,0,0.08,0.08,0
0.001262,-2,0,0.08,0.08,0
0.001263,-2,0,0.08,0.08,0
0.001264,-2,0,0.08,0.08,0
0.001265,-2,0,0.08,0.08,0
0.001266,-2,0,0.08,0.08,0
0.001267,-2,0,0.08,0,0
0.001268,-2,0.08,0.08,0,0
0.001269,-2,0,0.08,0,0
0.00127,-2,0,0.08,0,0
0.001271,-2,0,0.08,0,0
0.001272,-1.92,0,0,0,0
0.001273,-1.92,0,0,0,0
0.001274,-1.92,0,0,0,0
0.001275,-1.92,0,0,0,0
0.001276,-1.92,0,0,0,0
0.001277,-1.92,0,0,0,0
0.001278,-1.92,0,0,0,0
0.001279,-1.92,0,0,0,0
0.00128,-1.92,0,0,0,0
0.001281,-1.92,0,0,0,0
0.001282,-1.84,0,0,0,0
0.001283,-1.84,0,0,0,0
0.001284,-1.84,0,0,0,0
0.001285,-1.84,0,0,0,0
0.001286,-1.84,0,0,0,0
0.001287,-1.84,0,0,0,0
0.001288,-1.84,0,0,0,0
0.001289,-1.84,0,0,0,0
0.00129,-1.84,0,0,0,0
0.001291,-1.84,0,0,0,0
0.001292,-1.84,0,0,0,0
0.001293,-1.76,0,0,0,0
0.001294,-1.76,0,0,0.08,0
0.001295,-1.76,0,0,0.08,0
0.001296,-1.76,0,0,0,0
0.001297,-1.76,0,0,0.08,0
0.001298,-1.76,0,0,0.08,0
0.001299,-1.76,0,0,0.08,0
0.0013,-1.76,0.08,0,0.08,0
0.001301,-1.76,0,0,0.08,0
0.001302,-1.76,0,0,0.08,0
0.001303,-1.68,0.08,0,0.08,0
0.001304,-1.68,0,0,0.08,0
0.001305,-1.68,0.08,0,0,0
0.001306,-1.68,0,0.08,0.08,0
0.001307,-1.68,0.08,0.08,0,0
0.001308,-1.68,0.08,0.08,0.08,0
0.001309,-1.68,0.08,0.08,0,0
0.00131,-1.68,0.08,0,0,0
0.001311,-1.68,0.08,0.08,0,0
0.001312,-1.68,0,0.08,0,0
0.001313,-1.68,0.08,0.08,0,0
0.001314,-1.6,0.08,0.08,0,0
0.001315,-1.6,0.08,0.08,0,0
0.001316,-1.6,0,0.08,0,0
0.001317,-1.6,0.08,0.08,0,0
0.001318,-1.6,0.08,0.08,0,0
0.001319,-1.6,0.08,0.08,0,0
0.00132,-1.6,0.08,0,0,0
0.001321,-1.6,0.08,0,0,0
0.001322,-1.6,0.08,0,0,0
0.001323,-1.6,0.08,0,0,0
0.001324,-1.6,0.08,0,0,0
0.001325,-1.52,0.08,0,0,0
0.001326,-1.52,0.08,0,0,0
0.001327,-1.52,0.08,0,0,0
0.001328,-1.52,0.08,0,0,0
0.001329,-1.52,0.08,0,0,0
0.00133,-1.52,0.08,0,0,0
0.001331,-1.52,0.08,0,0,0
0.001332,-1.52,0.08,0,0,0
0.001333,-1.52,0.08,0,0,0
0.001334,-1.52,0.08,0,0,0
0.001335,-1.52,0.08,0,0,0
0.001336,-1.52,0.08,0,0,0
0.001337,-1.52,0.08,0,0,0
0.001338,-1.44,0,0,0,0
0.001339,-1.44,0.08,0,0,0
0.00134,-1.44,0,0,0,0
0.001341,-1.44,0,0,0,0
0.001342,-1.44,0,0,0,0
0.001343,-1.44,0,0,0,0
0.001344,-1.44,0,0,0,0
0.001345,-1.44,0,0,0,0
0.001346,-1.44,0,0,0,0
0.001347,-1.44,0,0,0.08,0
0.001348,-1.36,0,0,0,0.08
0.001349,-1.36,0,0,0,0
0.00135,-1.36,0,0,0,0.08
0.001351,-1.36,0,0,0,0
0.001352,-1.36,0,0,0.08,0
0.001353,-1.36,0,0,0,0
0.001354,-1.36,0,0,0,0
0.001355,-1.36,0,0,0.08,0
0.001356,-1.36,0,0,0,0
0.001357,-1.36,0,0,0,0
0.001358,-1.28,0,0,0,0
0.001359,-1.28,0,0,0,0
0.00136,-1.28,0,0,0,0
0.001361,-1.28,0,0,0,0
0.001362,-1.28,0,0,0,0
0.001363,-1.28,0,0,0,0
0.001364,-1.28,0,0,0,0
0.001365,-1.28,0,0,0,0
0.001366,-1.28,0,0,0,0
0.001367,-1.28,0,0,0,0
0.001368,-1.28,0,0,0,0
0.001369,-1.2,0,0,0,0
0.00137,-1.2,0,0,0,0
0.001371,-1.2,0,0,0,0
0.001372,-1.2,0,0,0,0
0.001373,-1.2,0,0,0,0
0.001374,-1.2,0,0,0,0
0.001375,-1.2,0,0,0,0
0.001376,-1.2,0,0,0,0
0.001377,-1.2,0,0,0,0
0.001378,-1.2,0,0,0,0
0.001379,-1.2,0,0,0,0
0.00138,-1.12,0,0,0,0
0.001381,-1.12,0,0,0,0
0.001382,-1.12,0,0,0,0
0.001383,-1.12,0,0,0,0
0.001384,-1.12,0,0,0,0
0.001385,-1.12,0,0,0,0
0.001386,-1.12,0,0,0,0
0.001387,-1.12,0,0,0,0
0.001388,-1.12,0,0,0,0
0.001389,-1.12,0,0,0,0
0.00139,-1.04,0,0,0,0
0.001391,-1.04,0,0,0,0
0.001392,-1.04,0,0,0,0
0.001393,-1.04,0,0,0,0
0.001394,-1.04,0,0,0,0
0.001395,-1.04,0.08,0,0,0.08
0.001396,-1.04,0,0.08,0,0.08
0.001397,-1.04,0,0.08,0,0.08
0.001398,-1.04,0.08,0.08,0,0
0.001399,-1.04,0,0.08,0,0.08
0.0014,-1.04,0,0,0,0.08
0.001401,-0.96,0.08,0.08,0,0.08
0.001402,-0.96,0.08,0.08,0,0.08
0.001403,-0.96,0,0,0,0
0.001404,-0.96,0,0,0.08,0.08
0.001405,-0.96,0,0,0.08,0
0.001406,-0.96,0.08,0,0.08,0
0.001407,-0.96,0.08,0,0.08,0
0.001408,-0.96,0,0,0.08,0
0.001409,-0.96,0,0,0.08,0
0.00141,-0.88,0,0,0.08,0
0.001411,-0.88,0,0,0.08,0
0.001412,-0.88,0,0,0.08,0
0.001413,-0.88,0,0,0.08,0
0.001414,-0.88,0,0,0.08,0
0.001415,-0.88,0,0,0.08,0
0.001416,-0.88,0,0,0.08,0
0.001417,-0.88,0,0,0.08,0
0.001418,-0.88,0,0,0,0
0.001419,-0.88,0,0,0,0
0.00142,-0.88,0,0,0,0
0.001421,-0.88,0,0,0,0
0.001422,-0.88,0,0,0,0
0.001423,-0.88,0,0,0,0
0.001424,-0.88,0,0,0,0
0.001425,-0.8,0,0,0,0
0.001426,-0.8,0,0,0,0
0.001427,-0.8,0,0,0,0
0.001428,-0.8,0,0,0,0
0.001429,-0.8,0,0,0,0
0.00143,-0.8,0,0,0,0
0.001431,-0.8,0,0,0,0
0.001432,-0.8,0,0,0,0
0.001433,-0.8,0,0,0,0
0.001434,-0.8,0,0,0,0
0.001435,-0.8,0,0,0,0
0.001436,-0.8,0,0,0,0
0.001437,-0.8,0,0,0,0
0.001438,-0.8,0,0.08,0,0
0.001439,-0.72,0,0.08,0,0
0.00144,-0.72,0,0.08,0,0.08
0.001441,-0.72,0,0.08,0,0.08
0.001442,-0.72,0,0.08,0,0.08
0.001443,-0.72,0.08,0.08,0,0
0.001444,-0.72,0,0,0,0
0.001445,-0.72,0,0,0,0
0.001446,-0.72,0,0,0,0.08
0.001447,-0.72,0,0,0,0
0.001448,-0.72,0,0,0,0
0.001449,-0.64,0,0,0,0
0.00145,-0.64,0,0,0,0
0.001451,-0.64,0.08,0,0,0
0.001452,-0.64,0,0,0,0
0.001453,-0.64,0,0,0,0
0.001454,-0.64,0,0,0,0
0.001455,-0.64,0,0,0,0
0.001456,-0.64,0,0,0,0
0.001457,-0.64,0,0,0.08,0
0.001458,-0.64,0,0,0.08,0
0.001459,-0.64,0,0,0.08,0
0.00146,-0.56,0,0,0,0
0.001461,-0.56,0,0,0,0
0.001462,-0.56,0,0,0,0
0.001463,-0.56,0,0,0.08,0
0.001464,-0.56,0,0,0.08,0
0.001465,-0.56,0,0,0,0
0.001466,-0.56,0,0,0,0
0.001467,-0.56,0,0,0,0
0.001468,-0.56,0,0,0,0
0.001469,-0.56,0,0,0.08,0
0.00147,-0.48,0,0,0.08,0
0.001471,-0.48,0,0,0.08,0
0.001472,-0.48,0,0,0,0
0.001473,-0.48,0,0.08,0.08,0
0.001474,-0.48,0,0.08,0.08,0
0.001475,-0.48,0,0.08,0.08,0.08
0.001476,-0.48,0,0.08,0.08,0.08
0.001477,-0.48,0,0.08,0.08,0
0.001478,-0.48,0,0.08,0.08,0
0.001479,-0.48,0,0.08,0.08,0
0.00148,-0.48,0,0.08,0.08,0
0.001481,-0.4,0,0.08,0.08,0
0.001482,-0.4,0,0.08,0.08,0
0.001483,-0.4,0,0.08,0.08,0
0.001484,-0.4,0,0.08,0.08,0
0.001485,-0.4,0,0.08,0.08,0
0.001486,-0.4,0,0.08,0.08,0
0.001487,-0.4,0,0.08,0.08,0
0.001488,-0.4,0,0.08,0.08,0
0.001489,-0.4,0,0.08,0,0
0.00149,-0.4,0,0.08,0.08,0
0.001491,-0.32,0,0.08,0,0
0.001492,-0.32,0,0.08,0.08,0
0.001493,-0.32,0,0.08,0.08,0
0.001494,-0.32,0,0.08,0,0
0.001495,-0.32,0.08,0.08,0,0
0.001496,-0.32,0.08,0.08,0,0
0.001497,-0.32,0,0,0,0
0.001498,-0.32,0,0,0,0
0.001499,-0.32,0.08,0,0,0
0.0015,-0.32,0,0,0,0
0.001501,-0.32,0,0.08,0,0
0.001502,-0.24,0,0,0,0
0.001503,-0.24,0,0,0,0
0.001504,-0.24,0,0,0,0
0.001505,-0.24,0,0,0,0
0.001506,-0.24,0,0,0,0
0.001507,-0.24,0,0,0,0
0.001508,-0.24,0,0,0,0
0.001509,-0.24,0,0,0,0
0.00151,-0.24,0,0,0,0
0.001511,-0.24,0,0,0,0
0.001512,-0.24,0,0,0,0
0.001513,-0.16,0,0,0,0
0.001514,-0.16,0,0,0,0
0.001515,-0.16,0,0,0,0
0.001516,-0.16,0,0,0,0
0.001517,-0.16,0,0,0,0
0.001518,-0.16,0,0,0,0
0.001519,-0.16,0.08,0,0,0
0.00152,-0.16,0,0,0,0
0.001521,-0.16,0.08,0,0,0
0.001522,-0.16,0.08,0,0,0
0.001523,-0.08,0,0,0,0
0.001524,-0.08,0.08,0,0,0
0.001525,-0.08,0.08,0,0,0
0.001526,-0.08,0.08,0,0,0
0.001527,-0.08,0,0,0,0
0.001528,-0.08,0,0,0,0
0.001529,-0.08,0.08,0,0,0
0.00153,-0.08,0,0,0,0
0.001531,-0.08,0.08,0,0,0
0.001532,-0.08,0,0,0,0
0.001533,-0.08,0.08,0,0,0
0.001534,-0.08,0,0,0,0
0.001535,0,0,0,0,0
0.001536,0,0,0,0,0
0.001537,0,0,0,0,0
0.001538,0,0,0,0,0
0.001539,0,0,0,0.08,0.08
0.00154,0,0,0,0.08,0
0.001541,0,0,0,0,0
0.001542,0,0,0,0,0
0.001543,0,0,0,0.08,0
0.001544,0,0,0,0,0.08
0.001545,0.08,0,0,0,0
0.001546,0.08,0,0,0.08,0
0.001547,0.08,0,0,0.08,0
0.001548,0.08,0,0,0,0
0.001549,0.08,0,0,0,0
0.00155,0.08,0,0,0.08,0
0.001551,0.08,0,0,0,0
0.001552,0.08,0,0,0,0
0.001553,0.08,0,0,0,0
0.001554,0.08,0,0,0,0
0.001555,0.08,0,0,0,0
0.001556,0.16,0,0,0,0
0.001557,0.16,0,0,0,0
0.001558,0.16,0,0,0,0
0.001559,0.16,0,0,0,0
0.00156,0.16,0,0,0,0
0.001561,0.16,0,0,0,0
0.001562,0.16,0,0,0,0
0.001563,0.16,0,0,0,0
0.001564,0.16,0,0,0,0
0.001565,0.16,0,0,0,0
0.001566,0.24,0,0,0,0
0.001567,0.24,0,0,0,0
0.001568,0.24,0,0,0,0
0.001569,0.24,0,0.08,0,0
0.00157,0.24,0,0,0,0
0.001571,0.24,0,0,0,0
0.001572,0.24,0,0,0,0
0.001573,0.24,0,0.08,0,0
0.001574,0.24,0,0.08,0,0
0.001575,0.24,0,0.08,0,0
0.001576,0.24,0,0,0,0
0.001577,0.32,0,0,0,0
0.001578,0.32,0,0,0,0
0.001579,0.32,0,0.08,0,0
0.00158,0.32,0,0.08,0,0
0.001581,0.32,0,0,0,0.08
0.001582,0.32,0,0,0,0.08
0.001583,0.32,0,0.08,0.08,0.08
0.001584,0.32,0,0.08,0.08,0.08
0.001585,0.32,0,0.08,0.08,0.08
0.001586,0.32,0,0,0.08,0.08
0.001587,0.4,0,0,0.08,0
0.001588,0.4,0,0,0.08,0.08
0.001589,0.4,0,0,0.08,0.08
0.00159,0.4,0,0.08,0.08,0.08
0.001591,0.4,0,0,0.08,0.08
0.001592,0.4,0,0,0.08,0.08
0.001593,0.4,0,0,0.08,0.08
0.001594,0.4,0,0,0.08,0.08
0.001595,0.4,0,0,0.08,0
0.001596,0.4,0,0,0.08,0.08
0.001597,0.4,0,0,0.08,0.08
0.001598,0.4,0,0,0.08,0.08
0.001599,0.4,0,0,0.08,0.08
0.0016,0.4,0.08,0,0.08,0.08
0.001601,0.48,0,0,0.08,0.08
0.001602,0.48,0,0,0,0.08
0.001603,0.48,0,0,0,0.08
0.001604,0.48,0,0,0,0.08
0.001605,0.48,0,0,0,0.08
0.001606,0.48,0,0,0,0.08
0.001607,0.48,0,0,0,0.08
0.001608,0.48,0,0,0,0.08
0.001609,0.48,0,0,0,0.08
0.00161,0.48,0,0,0,0.08
0.001611,0.56,0,0,0,0.08
0.001612,0.56,0,0,0,0.08
0.001613,0.56,0.08,0,0,0
0.001614,0.56,0.08,0,0,0
0.001615,0.56,0,0,0,0
0.001616,0.56,0,0,0,0
0.001617,0.56,0,0,0,0
0.001618,0.56,0,0,0,0
0.001619,0.56,0,0,0,0
0.00162,0.56,0,0,0,0
0.001621,0.56,0,0,0,0
0.001622,0.64,0,0,0,0
0.001623,0.64,0,0.08,0,0
0.001624,0.64,0,0,0.08,0.08
0.001625,0.64,0,0,0.08,0
0.001626,0.64,0,0,0.08,0
0.001627,0.64,0,0,0.08,0
0.001628,0.64,0,0,0.08,0
0.001629,0.64,0,0,0.08,0
0.00163,0.64,0,0,0.08,0
0.001631,0.64,0.08,0,0.08,0
0.001632,0.64,0,0,0.08,0.08
0.001633,0.64,0,0,0.08,0.08
0.001634,0.64,0.08,0,0.08,0.08
0.001635,0.72,0,0,0.08,0.08
0.001636,0.72,0,0,0.08,0.08
0.001637,0.72,0,0,0.08,0.08
0.001638,0.72,0,0,0.08,0
0.001639,0.72,0,0,0,0.08
0.00164,0.72,0,0.08,0.08,0.08
0.001641,0.72,0.08,0.08,0,0.08
0.001642,0.72,0.08,0,0,0.08
0.001643,0.72,0,0,0,0.08
0.001644,0.72,0,0.08,0,0.08
0.001645,0.72,0,0.08,0,0.08
0.001646,0.8,0.08,0.08,0,0
0.001647,0.8,0,0.08,0,0
0.001648,0.8,0,0.08,0,0
0.001649,0.8,0,0.08,0,0
0.00165,0.8,0,0.08,0,0.08
0.001651,0.8,0,0.08,0,0
0.001652,0.8,0,0.08,0,0.08
0.001653,0.8,0,0.08,0,0.08
0.001654,0.8,0.08,0.08,0,0.08
0.001655,0.8,0,0.08,0,0.08
0.001656,0.8,0,0.08,0,0.08
0.001657,0.88,0.08,0.08,0,0.08
0.001658,0.88,0.08,0.08,0,0.08
0.001659,0.88,0.08,0.08,0,0.08
0.00166,0.88,0.08,0.08,0,0.08
0.001661,0.88,0.08,0.08,0,0.08
0.001662,0.88,0.08,0.08,0,0.08
0.001663,0.88,0.08,0.08,0,0.08
0.001664,0.88,0.08,0.08,0,0.08
0.001665,0.88,0.08,0.08,0,0.08
0.001666,0.88,0.08,0.08,0,0.08
0.001667,0.96,0.08,0.08,0,0.08
0.001668,0.96,0.08,0.08,0,0.08
0.001669,0.96,0.08,0.08,0,0.08
0.00167,0.96,0.08,0,0,0.08
0.001671,0.96,0.08,0.08,0,0.08
0.001672,0.96,0.08,0,0,0.08
0.001673,0.96,0.08,0,0,0.08
0.001674,0.96,0.08,0,0,0.08
0.001675,0.96,0.08,0,0,0.08
0.001676,0.96,0.08,0,0.08,0.08
0.001677,0.96,0.08,0,0,0.08
0.001678,1.04,0.08,0,0,0.08
0.001679,1.04,0.08,0,0.08,0.08
0.00168,1.04,0.08,0,0.08,0.08
0.001681,1.04,0.08,0,0.08,0.08
0.001682,1.04,0.08,0,0.08,0.08
0.001683,1.04,0.08,0,0.08,0.08
0.001684,1.04,0.08,0,0,0.08
0.001685,1.04,0.08,0,0,0.08
0.001686,1.04,0.08,0,0.08,0.08
0.001687,1.04,0.08,0,0.08,0.08
0.001688,1.12,0.08,0,0.08,0.08
0.001689,1.12,0.08,0.08,0,0.08
0.00169,1.12,0.08,0.08,0,0.08
0.001691,1.12,0.08,0.08,0.08,0.08
0.001692,1.12,0.08,0.08,0.08,0.08
0.001693,1.12,0.08,0.08,0,0.08
0.001694,1.12,0.08,0.08,0,0.08
0.001695,1.12,0.08,0.08,0.08,0.08
0.001696,1.12,0.08,0.08,0,0.08
0.001697,1.12,0.08,0.08,0,0.08
0.001698,1.12,0.08,0.08,0,0.08
0.001699,1.2,0.08,0.08,0,0.08
0.0017,1.2,0.08,0.08,0,0.08
0.001701,1.2,0.08,0.08,0,0.08
0.001702,1.2,0.08,0.08,0,0.08
0.001703,1.2,0.08,0.08,0,0.08
0.001704,1.2,0.08,0.08,0,0.08
0.001705,1.2,0.08,0.08,0,0.08
0.001706,1.2,0.08,0.08,0,0.08
0.001707,1.2,0.08,0.08,0,0.08
0.001708,1.2,0.08,0.08,0,0.08
0.001709,1.28,0.08,0.08,0,0.08
0.00171,1.28,0.08,0.08,0,0.08
0.001711,1.28,0.08,0.08,0,0.08
0.001712,1.28,0.08,0.08,0,0.08
0.001713,1.28,0.08,0.08,0,0.08
0.001714,1.28,0.08,0.08,0,0.08
0.001715,1.28,0.08,0.08,0,0.08
0.001716,1.28,0.08,0.08,0,0.08
0.001717,1.28,0.08,0.08,0,0.08
0.001718,1.28,0.08,0.08,0,0.08
0.001719,1.28,0.08,0.08,0,0.08
0.00172,1.36,0.08,0.08,0,0.08
0.001721,1.36,0.08,0.08,0,0.08
0.001722,1.36,0.08,0.08,0,0.08
0.001723,1.36,0.08,0.08,0,0.08
0.001724,1.36,0.08,0.08,0,0.08
0.001725,1.36,0.08,0.08,0,0.08
0.001726,1.36,0.08,0.08,0.08,0.08
0.001727,1.36,0.08,0.08,0.08,0.08
0.001728,1.36,0.08,0.08,0.08,0.08
0.001729,1.36,0.08,0.08,0.08,0.08
0.00173,1.44,0.08,0.08,0.08,0.08
0.001731,1.44,0.08,0.08,0.08,0.08
0.001732,1.44,0.08,0.08,0.08,0.08
0.001733,1.44,0.08,0.08,0.08,0.08
0.001734,1.44,0.08,0.08,0.08,0.16
0.001735,1.44,0.08,0.08,0.08,0.16
0.001736,1.44,0.08,0.08,0.08,0.16
0.001737,1.44,0.08,0.08,0.08,0.16
0.001738,1.44,0.08,0.08,0.08,0.16
0.001739,1.44,0.08,0.08,0.08,0.16
0.00174,1.44,0.08,0.08,0.08,0.16
0.001741,1.44,0.08,0.08,0.08,0.16
0.001742,1.44,0.08,0.08,0.08,0.16
0.001743,1.44,0.08,0.08,0.08,0.16
0.001744,1.52,0.08,0.08,0.08,0.16
0.001745,1.52,0.08,0.08,0.08,0.16
0.001746,1.52,0.08,0.08,0.08,0.16
0.001747,1.52,0.08,0.08,0.08,0.16
0.001748,1.52,0.08,0.08,0.08,0.16
0.001749,1.52,0.08,0.08,0.08,0.16
0.00175,1.52,0.16,0.08,0.08,0.16
0.001751,1.52,0.08,0.08,0.08,0.16
0.001752,1.52,0.16,0.08,0.08,0.16
0.001753,1.52,0.16,0.08,0.08,0.16
0.001754,1.6,0.16,0.08,0.08,0.16
0.001755,1.6,0.16,0.08,0.08,0.16
0.001756,1.6,0.16,0.08,0.08,0.16
0.001757,1.6,0.16,0.08,0.08,0.16
0.001758,1.6,0.16,0.08,0.08,0.16
0.001759,1.6,0.16,0.08,0.08,0.16
0.00176,1.6,0.16,0.08,0.08,0.16
0.001761,1.6,0.16,0.08,0,0.16
0.001762,1.6,0.16,0.08,0,0.16
0.001763,1.6,0.16,0.08,0,0.16
0.001764,1.6,0.16,0.08,0.08,0.16
0.001765,1.68,0.16,0.08,0.08,0.16
0.001766,1.68,0.16,0.08,0.08,0.16
0.001767,1.68,0.16,0.08,0.08,0.16
0.001768,1.68,0.16,0.08,0.08,0.16
0.001769,1.68,0.16,0.08,0.08,0.16
0.00177,1.68,0.16,0.08,0.08,0.16
0.001771,1.68,0.16,0.08,0.08,0.16
0.001772,1.68,0.16,0.08,0.08,0.16
0.001773,1.68,0.16,0.08,0.08,0.16
0.001774,1.68,0.16,0.08,0.08,0.16
0.001775,1.68,0.16,0.08,0.08,0.16
0.001776,1.68,0.16,0.08,0.08,0.16
0.001777,1.68,0.16,0.08,0.08,0.16
0.001778,1.68,0.16,0.08,0.08,0.16
0.001779,1.76,0.16,0.08,0.08,0.16
0.00178,1.76,0.16,0.08,0.08,0.16
0.001781,1.76,0.16,0.08,0.08,0.16
0.001782,1.76,0.16,0.08,0.08,0.16
0.001783,1.76,0.16,0.08,0.08,0.16
0.001784,1.76,0.16,0.08,0.08,0.16
0.001785,1.76,0.16,0.08,0.08,0.16
0.001786,1.76,0.16,0.08,0.08,0.16
0.001787,1.76,0.16,0.08,0.08,0.24
0.001788,1.76,0.16,0.08,0.08,0.24
0.001789,1.76,0.16,0.08,0.08,0.24
0.00179,1.84,0.16,0.08,0.08,0.24
0.001791,1.84,0.16,0.16,0.08,0.24
0.001792,1.84,0.16,0.16,0.08,0.24
0.001793,1.84,0.16,0.16,0.08,0.24
0.001794,1.84,0.16,0.16,0.08,0.24
0.001795,1.84,0.16,0.16,0.08,0.24
0.001796,1.84,0.16,0.16,0.08,0.24
0.001797,1.84,0.24,0.16,0.08,0.24
0.001798,1.84,0.24,0.16,0.08,0.24
0.001799,1.84,0.24,0.16,0.08,0.24
0.0018,1.92,0.24,0.16,0.08,0.24
0.001801,1.92,0.24,0.16,0.08,0.24
0.001802,1.92,0.24,0.16,0.08,0.24
0.001803,1.92,0.24,0.16,0.08,0.24
0.001804,1.92,0.24,0.16,0.08,0.24
0.001805,1.92,0.24,0.16,0.08,0.24
0.001806,1.92,0.24,0.16,0.08,0.24
0.001807,1.92,0.24,0.16,0.08,0.24
0.001808,1.92,0.24,0.16,0.08,0.24
0.001809,1.92,0.24,0.16,0.08,0.24
0.00181,1.92,0.24,0.16,0.08,0.32
0.001811,2,0.24,0.16,0.08,0.32
0.001812,2,0.24,0.16,0.08,0.32
0.001813,2,0.24,0.16,0.08,0.32
0.001814,2,0.24,0.16,0.08,0.32
0.001815,2,0.24,0.16,0.08,0.32
0.001816,2,0.24,0.16,0.08,0.32
0.001817,2,0.24,0.16,0.08,0.32
0.001818,2,0.24,0.16,0.08,0.32
0.001819,2,0.24,0.16,0.08,0.32
0.00182,2,0.24,0.16,0.08,0.32
0.001821,2.08,0.24,0.16,0.08,0.32
0.001822,2.08,0.24,0.16,0.08,0.32
0.001823,2.08,0.24,0.16,0.08,0.32
0.001824,2.08,0.24,0.16,0.08,0.32
0.001825,2.08,0.24,0.16,0.08,0.32
0.001826,2.08,0.24,0.16,0.08,0.32
0.001827,2.08,0.24,0.16,0.08,0.32
0.001828,2.08,0.24,0.16,0.08,0.32
0.001829,2.08,0.24,0.16,0.16,0.32
0.00183,2.08,0.24,0.16,0.16,0.32
0.001831,2.08,0.24,0.16,0.16,0.32
0.001832,2.16,0.32,0.24,0.16,0.32
0.001833,2.16,0.24,0.16,0.16,0.32
0.001834,2.16,0.32,0.16,0.16,0.32
0.001835,2.16,0.32,0.24,0.16,0.32
0.001836,2.16,0.32,0.24,0.16,0.32
0.001837,2.16,0.32,0.24,0.16,0.32
0.001838,2.16,0.32,0.24,0.16,0.32
0.001839,2.16,0.32,0.24,0.16,0.32
0.00184,2.16,0.32,0.24,0.16,0.32
0.001841,2.16,0.32,0.24,0.16,0.32
0.001842,2.16,0.32,0.24,0.16,0.32
0.001843,2.24,0.32,0.24,0.16,0.32
0.001844,2.24,0.32,0.24,0.16,0.4
0.001845,2.24,0.32,0.24,0.16,0.4
0.001846,2.24,0.32,0.24,0.16,0.4
0.001847,2.24,0.32,0.24,0.16,0.4
0.001848,2.24,0.32,0.24,0.16,0.4
0.001849,2.24,0.32,0.24,0.16,0.4
0.00185,2.24,0.32,0.24,0.16,0.4
0.001851,2.24,0.32,0.24,0.16,0.4
0.001852,2.24,0.32,0.24,0.16,0.4
0.001853,2.24,0.32,0.24,0.16,0.4
0.001854,2.24,0.32,0.24,0.16,0.4
0.001855,2.24,0.32,0.24,0.16,0.4
0.001856,2.24,0.32,0.24,0.16,0.4
0.001857,2.32,0.32,0.32,0.16,0.4
0.001858,2.32,0.32,0.24,0.16,0.4
0.001859,2.32,0.32,0.24,0.16,0.4
0.00186,2.32,0.32,0.32,0.16,0.4
0.001861,2.32,0.4,0.32,0.16,0.4
0.001862,2.32,0.4,0.32,0.16,0.4
0.001863,2.32,0.4,0.32,0.16,0.4
0.001864,2.32,0.4,0.32,0.16,0.48
0.001865,2.32,0.4,0.32,0.16,0.48
0.001866,2.32,0.4,0.32,0.16,0.48
0.001867,2.32,0.4,0.32,0.16,0.48
0.001868,2.4,0.4,0.32,0.16,0.48
0.001869,2.4,0.4,0.32,0.16,0.48
0.00187,2.4,0.4,0.32,0.16,0.48
0.001871,2.4,0.4,0.32,0.16,0.48
0.001872,2.4,0.4,0.32,0.16,0.48
0.001873,2.4,0.4,0.32,0.16,0.48
0.001874,2.4,0.4,0.32,0.16,0.48
0.001875,2.4,0.4,0.32,0.16,0.48
0.001876,2.4,0.4,0.32,0.16,0.48
0.001877,2.4,0.4,0.32,0.16,0.48
0.001878,2.48,0.4,0.32,0.24,0.48
0.001879,2.48,0.4,0.32,0.24,0.48
0.00188,2.48,0.4,0.32,0.24,0.48
0.001881,2.48,0.4,0.32,0.24,0.48
0.001882,2.48,0.4,0.32,0.24,0.48
0.001883,2.48,0.48,0.32,0.24,0.48
0.001884,2.48,0.48,0.32,0.24,0.48
0.001885,2.48,0.48,0.32,0.24,0.48
0.001886,2.48,0.48,0.32,0.24,0.48
0.001887,2.48,0.48,0.32,0.24,0.48
0.001888,2.48,0.48,0.32,0.24,0.48
0.001889,2.56,0.48,0.32,0.24,0.48
0.00189,2.56,0.48,0.32,0.24,0.48
0.001891,2.56,0.48,0.4,0.24,0.48
0.001892,2.56,0.48,0.4,0.24,0.48
0.001893,2.56,0.48,0.4,0.24,0.48
0.001894,2.56,0.48,0.4,0.24,0.48
0.001895,2.56,0.48,0.4,0.24,0.48
0.001896,2.56,0.48,0.4,0.24,0.56
0.001897,2.56,0.48,0.4,0.24,0.56
0.001898,2.56,0.48,0.4,0.24,0.56
0.001899,2.56,0.48,0.4,0.24,0.56
0.0019,2.64,0.48,0.4,0.24,0.56
0.001901,2.64,0.48,0.4,0.24,0.56
0.001902,2.64,0.48,0.4,0.24,0.56
0.001903,2.64,0.48,0.4,0.24,0.56
0.001904,2.64,0.48,0.4,0.24,0.56
0.001905,2.64,0.48,0.4,0.24,0.56
0.001906,2.64,0.48,0.4,0.24,0.56
0.001907,2.64,0.48,0.4,0.24,0.56
0.001908,2.64,0.48,0.4,0.24,0.56
0.001909,2.64,0.48,0.4,0.24,0.56
0.00191,2.64,0.48,0.4,0.24,0.56
0.001911,2.72,0.48,0.4,0.24,0.56
0.001912,2.72,0.48,0.4,0.24,0.56
0.001913,2.72,0.48,0.4,0.24,0.56
0.001914,2.72,0.48,0.4,0.24,0.56
0.001915,2.72,0.48,0.4,0.24,0.64
0.001916,2.72,0.56,0.4,0.24,0.64
0.001917,2.72,0.56,0.4,0.24,0.64
0.001918,2.72,0.56,0.4,0.24,0.64
0.001919,2.72,0.56,0.4,0.24,0.64
0.00192,2.72,0.56,0.4,0.24,0.64
0.001921,2.72,0.56,0.4,0.24,0.64
0.001922,2.8,0.56,0.4,0.24,0.64
0.001923,2.8,0.56,0.4,0.24,0.64
0.001924,2.8,0.56,0.4,0.24,0.64
0.001925,2.8,0.56,0.4,0.32,0.64
0.001926,2.8,0.56,0.48,0.32,0.64
0.001927,2.8,0.56,0.48,0.32,0.64
0.001928,2.8,0.56,0.48,0.32,0.64
0.001929,2.8,0.56,0.48,0.32,0.64
0.00193,2.8,0.56,0.48,0.32,0.64
0.001931,2.8,0.56,0.48,0.32,0.64
0.001932,2.8,0.56,0.48,0.32,0.64
0.001933,2.88,0.64,0.48,0.32,0.64
0.001934,2.88,0.64,0.48,0.32,0.64
0.001935,2.88,0.64,0.48,0.32,0.64
0.001936,2.88,0.64,0.48,0.32,0.64
0.001937,2.88,0.64,0.48,0.32,0.64
0.001938,2.88,0.64,0.48,0.32,0.64
0.001939,2.88,0.64,0.48,0.32,0.64
0.00194,2.88,0.64,0.48,0.32,0.64
0.001941,2.88,0.64,0.48,0.32,0.64
0.001942,2.88,0.64,0.48,0.32,0.64
0.001943,2.88,0.64,0.48,0.32,0.64
0.001944,2.96,0.64,0.48,0.32,0.64
0.001945,2.96,0.64,0.48,0.32,0.64
0.001946,2.96,0.64,0.48,0.32,0.72
0.001947,2.96,0.64,0.48,0.32,0.72
0.001948,2.96,0.64,0.48,0.32,0.72
0.001949,2.96,0.64,0.48,0.32,0.72
0.00195,2.96,0.64,0.48,0.32,0.72
0.001951,2.96,0.64,0.48,0.32,0.72
0.001952,2.96,0.64,0.56,0.32,0.72
0.001953,2.96,0.64,0.56,0.32,0.72
0.001954,2.96,0.64,0.56,0.32,0.72
0.001955,2.96,0.64,0.56,0.32,0.72
0.001956,2.96,0.64,0.56,0.32,0.72
0.001957,2.96,0.64,0.56,0.32,0.72
0.001958,3.04,0.64,0.56,0.32,0.72
0.001959,3.04,0.64,0.56,0.32,0.72
0.00196,3.04,0.64,0.56,0.32,0.72
0.001961,3.04,0.64,0.56,0.32,0.72
0.001962,3.04,0.64,0.56,0.32,0.72
0.001963,3.04,0.64,0.56,0.32,0.72
0.001964,3.04,0.64,0.56,0.32,0.8
0.001965,3.04,0.72,0.56,0.32,0.8
0.001966,3.04,0.72,0.56,0.4,0.8
0.001967,3.04,0.72,0.56,0.4,0.72
0.001968,3.04,0.72,0.56,0.4,0.8
0.001969,3.04,0.72,0.56,0.4,0.8
0.00197,3.04,0.72,0.56,0.4,0.8
0.001971,3.04,0.72,0.56,0.4,0.8
0.001972,3.12,0.72,0.56,0.4,0.8
0.001973,3.12,0.72,0.56,0.4,0.8
0.001974,3.12,0.72,0.56,0.4,0.8
0.001975,3.12,0.72,0.56,0.4,0.8
0.001976,3.12,0.72,0.56,0.4,0.8
0.001977,3.12,0.72,0.64,0.4,0.8
0.001978,3.12,0.72,0.64,0.4,0.8
0.001979,3.12,0.72,0.64,0.4,0.8
0.00198,3.12,0.72,0.64,0.4,0.8
0.001981,3.12,0.72,0.64,0.4,0.8
0.001982,3.12,0.72,0.64,0.4,0.8
0.001983,3.2,0.72,0.64,0.4,0.8
0.001984,3.2,0.8,0.64,0.4,0.8
0.001985,3.2,0.8,0.64,0.4,0.8
0.001986,3.2,0.8,0.64,0.4,0.8
0.001987,3.2,0.8,0.64,0.4,0.8
0.001988,3.2,0.8,0.64,0.4,0.8
0.001989,3.2,0.8,0.64,0.4,0.8
0.00199,3.2,0.8,0.64,0.4,0.8
0.001991,3.2,0.8,0.64,0.4,0.88
0.001992,3.2,0.8,0.64,0.4,0.88
0.001993,3.28,0.8,0.64,0.4,0.88
0.001994,3.28,0.8,0.64,0.4,0.88
0.001995,3.28,0.8,0.64,0.4,0.88
0.001996,3.28,0.8,0.64,0.4,0.88
0.001997,3.28,0.8,0.64,0.4,0.88
0.001998,3.28,0.8,0.64,0.4,0.88
0.001999,3.28,0.8,0.64,0.4,0.88
0.002,3.28,0.8,0.64,0.4,0.88
0.002001,3.28,0.8,0.64,0.4,0.88
0.002002,3.28,0.8,0.64,0.4,0.88
0.002003,3.28,0.8,0.64,0.4,0.88
0.002004,3.28,0.8,0.64,0.4,0.88
0.002005,3.36,0.8,0.64,0.4,0.88
0.002006,3.36,0.8,0.64,0.48,0.88
0.002007,3.36,0.8,0.64,0.48,0.88
0.002008,3.36,0.8,0.64,0.48,0.88
0.002009,3.36,0.8,0.64,0.48,0.88
0.00201,3.36,0.8,0.64,0.48,0.88
0.002011,3.36,0.8,0.72,0.48,0.88
0.002012,3.36,0.88,0.72,0.48,0.88
0.002013,3.36,0.88,0.72,0.48,0.88
0.002014,3.36,0.88,0.72,0.48,0.88
0.002015,3.36,0.88,0.72,0.48,0.88
0.002016,3.44,0.88,0.72,0.48,0.96
0.002017,3.44,0.88,0.72,0.48,0.96
0.002018,3.44,0.88,0.72,0.48,0.96
0.002019,3.44,0.88,0.72,0.48,0.96
0.00202,3.44,0.88,0.72,0.48,0.96
0.002021,3.44,0.88,0.72,0.48,0.96
0.002022,3.44,0.88,0.72,0.48,0.96
0.002023,3.44,0.88,0.72,0.48,0.96
0.002024,3.44,0.88,0.72,0.48,0.96
0.002025,3.44,0.88,0.72,0.48,0.96
0.002026,3.44,0.88,0.72,0.48,0.96
0.002027,3.52,0.88,0.72,0.48,0.96
0.002028,3.52,0.88,0.72,0.48,0.96
0.002029,3.52,0.88,0.72,0.48,0.96
0.00203,3.52,0.88,0.72,0.48,0.96
0.002031,3.52,0.88,0.72,0.48,1.04
0.002032,3.52,0.96,0.72,0.48,0.96
0.002033,3.52,0.96,0.72,0.48,0.96
0.002034,3.52,0.96,0.72,0.48,0.96
0.002035,3.52,0.96,0.72,0.48,1.04
0.002036,3.52,0.96,0.8,0.48,1.04
0.002037,3.52,0.96,0.72,0.48,1.04
0.002038,3.6,0.96,0.8,0.48,1.04
0.002039,3.6,0.96,0.8,0.48,1.04
0.00204,3.6,0.96,0.8,0.48,1.04
0.002041,3.6,0.96,0.8,0.48,1.04
0.002042,3.6,0.96,0.8,0.48,1.04
0.002043,3.6,0.96,0.8,0.48,1.04
0.002044,3.6,0.96,0.8,0.48,1.04
0.002045,3.6,0.96,0.8,0.48,1.04
0.002046,3.6,0.96,0.8,0.48,1.04
0.002047,3.6,0.96,0.8,0.48,1.04
0.002048,3.6,0.96,0.8,0.48,1.04
0.002049,3.68,0.96,0.8,0.48,1.04
0.00205,3.68,0.96,0.8,0.48,1.04
0.002051,3.68,0.96,0.8,0.48,1.04
0.002052,3.68,0.96,0.8,0.56,1.04
0.002053,3.68,0.96,0.8,0.56,1.04
0.002054,3.68,0.96,0.8,0.56,1.04
0.002055,3.68,0.96,0.8,0.56,1.04
0.002056,3.68,0.96,0.8,0.56,1.04
0.002057,3.68,0.96,0.8,0.56,1.04
0.002058,3.68,0.96,0.8,0.56,1.04
0.002059,3.68,1.04,0.8,0.56,1.04
0.00206,3.76,1.04,0.8,0.56,1.04
0.002061,3.76,1.04,0.8,0.56,1.12
0.002062,3.76,1.04,0.8,0.56,1.12
0.002063,3.76,1.04,0.8,0.56,1.12
0.002064,3.76,1.04,0.8,0.56,1.12
0.002065,3.76,1.04,0.88,0.56,1.12
0.002066,3.76,1.04,0.88,0.56,1.12
0.002067,3.76,1.04,0.8,0.56,1.12
0.002068,3.76,1.04,0.8,0.56,1.12
0.002069,3.76,1.04,0.88,0.56,1.12
0.00207,3.76,1.04,0.88,0.56,1.12
0.002071,3.76,1.04,0.88,0.56,1.12
0.002072,3.76,1.04,0.88,0.56,1.12
0.002073,3.76,1.04,0.88,0.56,1.12
0.002074,3.76,1.04,0.88,0.56,1.12
0.002075,3.84,1.04,0.88,0.56,1.2
0.002076,3.84,1.04,0.88,0.56,1.2
0.002077,3.84,1.04,0.88,0.56,1.2
0.002078,3.84,1.04,0.88,0.56,1.2
0.002079,3.84,1.04,0.88,0.56,1.2
0.00208,3.84,1.12,0.88,0.56,1.2
0.002081,3.84,1.12,0.88,0.56,1.2
0.002082,3.84,1.12,0.88,0.56,1.2
0.002083,3.84,1.12,0.88,0.56,1.2
0.002084,3.84,1.12,0.88,0.56,1.2
0.002085,3.84,1.12,0.88,0.56,1.2
0.002086,3.84,1.12,0.88,0.56,1.2
0.002087,3.92,1.12,0.88,0.56,1.2
0.002088,3.92,1.12,0.88,0.64,1.2
0.002089,3.92,1.12,0.88,0.64,1.2
0.00209,3.92,1.12,0.88,0.64,1.2
0.002091,3.92,1.12,0.96,0.64,1.2
0.002092,3.92,1.12,0.96,0.64,1.2
0.002093,3.92,1.12,0.96,0.64,1.2
0.002094,3.92,1.12,0.96,0.64,1.2
0.002095,3.92,1.12,0.96,0.64,1.2
0.002096,3.92,1.12,0.96,0.64,1.2
0.002097,3.92,1.12,0.96,0.64,1.2
0.002098,4,1.12,0.96,0.64,1.2
0.002099,4,1.12,0.96,0.64,1.2
0.0021,4,1.12,0.96,0.64,1.2
0.002101,4,1.12,0.96,0.64,1.2
0.002102,4,1.12,0.96,0.64,1.2
0.002103,4,1.12,0.96,0.64,1.2
0.002104,4,1.12,0.96,0.64,1.2
0.002105,4,1.12,0.96,0.64,1.2
0.002106,4,1.12,0.96,0.64,1.2
0.002107,4,1.2,0.96,0.64,1.2
0.002108,4,1.2,0.96,0.64,1.28
0.002109,4.08,1.2,0.96,0.64,1.28
0.00211,4.08,1.2,0.96,0.64,1.28
0.002111,4.08,1.2,0.96,0.64,1.28
0.002112,4.08,1.2,0.96,0.64,1.28
0.002113,4.08,1.2,0.96,0.64,1.28
0.002114,4.08,1.2,0.96,0.64,1.28
0.002115,4.08,1.2,0.96,0.64,1.28
0.002116,4.08,1.2,0.96,0.64,1.28
0.002117,4.08,1.2,0.96,0.72,1.28
0.002118,4.08,1.2,0.96,0.72,1.28
0.002119,4.08,1.2,0.96,0.72,1.28
0.00212,4.08,1.2,0.96,0.72,1.28
0.002121,4.16,1.2,0.96,0.72,1.28
0.002122,4.16,1.28,0.96,0.72,1.28
0.002123,4.16,1.28,0.96,0.72,1.28
0.002124,4.16,1.28,0.96,0.72,1.36
0.002125,4.16,1.28,1.04,0.72,1.28
0.002126,4.16,1.28,1.04,0.72,1.36
0.002127,4.16,1.28,1.04,0.72,1.36
0.002128,4.16,1.28,1.04,0.72,1.36
0.002129,4.16,1.28,1.04,0.72,1.36
0.00213,4.16,1.28,1.04,0.72,1.36
0.002131,4.16,1.28,1.04,0.72,1.36
0.002132,4.24,1.28,1.04,0.72,1.36
0.002133,4.24,1.28,1.04,0.72,1.36
0.002134,4.24,1.28,1.04,0.72,1.36
0.002135,4.24,1.28,1.04,0.72,1.36
0.002136,4.24,1.28,1.04,0.72,1.36
0.002137,4.24,1.28,1.04,0.72,1.36
0.002138,4.24,1.28,1.04,0.72,1.36
0.002139,4.24,1.28,1.04,0.72,1.36
0.00214,4.24,1.28,1.04,0.72,1.36
0.002141,4.24,1.28,1.04,0.72,1.36
0.002142,4.24,1.28,1.04,0.72,1.36
0.002143,4.24,1.28,1.12,0.72,1.36
0.002144,4.24,1.28,1.12,0.72,1.36
0.002145,4.24,1.28,1.12,0.72,1.36
0.002146,4.24,1.28,1.12,0.72,1.36
0.002147,4.32,1.28,1.12,0.72,1.36
0.002148,4.32,1.28,1.12,0.72,1.36
0.002149,4.32,1.28,1.12,0.72,1.36
0.00215,4.32,1.28,1.12,0.72,1.36
0.002151,4.32,1.28,1.12,0.72,1.36
0.002152,4.32,1.28,1.12,0.72,1.36
0.002153,4.32,1.28,1.12,0.72,1.36
0.002154,4.32,1.28,1.12,0.72,1.36
0.002155,4.32,1.28,1.12,0.8,1.44
0.002156,4.32,1.36,1.12,0.8,1.44
0.002157,4.32,1.36,1.12,0.8,1.44
0.002158,4.32,1.36,1.12,0.8,1.44
0.002159,4.4,1.36,1.12,0.8,1.44
0.00216,4.4,1.36,1.12,0.8,1.44
0.002161,4.4,1.36,1.12,0.8,1.44
0.002162,4.4,1.36,1.12,0.8,1.44
0.002163,4.4,1.36,1.12,0.8,1.44
0.002164,4.4,1.36,1.12,0.8,1.44
0.002165,4.4,1.36,1.12,0.8,1.44
0.002166,4.4,1.36,1.12,0.8,1.44
0.002167,4.4,1.36,1.12,0.8,1.44
0.002168,4.4,1.36,1.12,0.8,1.44
0.002169,4.4,1.36,1.12,0.8,1.44
0.00217,4.48,1.36,1.12,0.8,1.44
0.002171,4.48,1.36,1.12,0.8,1.44
0.002172,4.48,1.36,1.12,0.8,1.44
0.002173,4.48,1.36,1.12,0.8,1.44
0.002174,4.48,1.36,1.12,0.8,1.44
0.002175,4.48,1.36,1.12,0.8,1.44
0.002176,4.48,1.36,1.2,0.8,1.44
0.002177,4.48,1.36,1.2,0.8,1.44
0.002178,4.48,1.36,1.2,0.8,1.52
0.002179,4.48,1.44,1.2,0.8,1.52
0.00218,4.48,1.44,1.2,0.8,1.52
0.002181,4.48,1.44,1.2,0.8,1.52
0.002182,4.56,1.44,1.2,0.8,1.52
0.002183,4.56,1.44,1.2,0.8,1.52
0.002184,4.56,1.44,1.2,0.8,1.52
0.002185,4.56,1.44,1.2,0.8,1.52
0.002186,4.56,1.44,1.2,0.8,1.52
0.002187,4.56,1.44,1.2,0.8,1.52
0.002188,4.56,1.44,1.2,0.8,1.52
0.002189,4.56,1.44,1.2,0.8,1.52
0.00219,4.56,1.44,1.2,0.8,1.52
0.002191,4.56,1.44,1.2,0.8,1.52
0.002192,4.56,1.44,1.2,0.8,1.52
0.002193,4.64,1.44,1.2,0.8,1.52
0.002194,4.64,1.44,1.2,0.8,1.52
0.002195,4.64,1.44,1.2,0.8,1.52
0.002196,4.64,1.44,1.2,0.88,1.52
0.002197,4.64,1.44,1.2,0.88,1.52
0.002198,4.64,1.44,1.2,0.88,1.52
0.002199,4.64,1.44,1.2,0.88,1.52
0.0022,4.64,1.44,1.2,0.88,1.52
0.002201,4.64,1.44,1.2,0.88,1.52
0.002202,4.64,1.44,1.2,0.88,1.52
0.002203,4.64,1.44,1.2,0.88,1.52
0.002204,4.72,1.44,1.2,0.88,1.6
0.002205,4.72,1.44,1.2,0.88,1.6
0.002206,4.72,1.44,1.2,0.88,1.6
0.002207,4.72,1.52,1.2,0.88,1.6
0.002208,4.72,1.52,1.28,0.88,1.6
0.002209,4.72,1.52,1.28,0.88,1.6
0.00221,4.72,1.52,1.28,0.88,1.6
0.002211,4.72,1.52,1.28,0.88,1.6
0.002212,4.72,1.52,1.28,0.88,1.6
0.002213,4.72,1.52,1.28,0.88,1.6
0.002214,4.72,1.52,1.28,0.88,1.6
0.002215,4.72,1.52,1.28,0.88,1.6
0.002216,4.8,1.52,1.28,0.88,1.6
0.002217,4.8,1.52,1.28,0.88,1.6
0.002218,4.8,1.52,1.28,0.88,1.6
0.002219,4.8,1.52,1.28,0.88,1.6
0.00222,4.8,1.52,1.28,0.88,1.6
0.002221,4.8,1.52,1.28,0.88,1.6
0.002222,4.8,1.52,1.28,0.88,1.68
0.002223,4.8,1.52,1.28,0.88,1.68
0.002224,4.8,1.52,1.28,0.88,1.68
0.002225,4.8,1.52,1.28,0.88,1.68
0.002226,4.8,1.52,1.28,0.88,1.68
0.002227,4.8,1.52,1.28,0.88,1.68
0.002228,4.88,1.52,1.28,0.88,1.68
0.002229,4.88,1.6,1.28,0.88,1.68
0.00223,4.88,1.6,1.28,0.88,1.68
0.002231,4.88,1.6,1.28,0.88,1.68
0.002232,4.88,1.6,1.28,0.88,1.68
0.002233,4.88,1.6,1.36,0.88,1.68
0.002234,4.88,1.6,1.36,0.88,1.68
0.002235,4.88,1.6,1.36,0.88,1.68
0.002236,4.88,1.6,1.36,0.88,1.68
0.002237,4.88,1.6,1.36,0.88,1.68
0.002238,4.88,1.6,1.36,0.88,1.68
0.002239,4.88,1.6,1.36,0.88,1.68
0.00224,4.96,1.6,1.36,0.88,1.68
0.002241,4.96,1.6,1.36,0.88,1.68
0.002242,4.96,1.6,1.36,0.88,1.68
0.002243,4.96,1.6,1.36,0.88,1.68
0.002244,4.96,1.6,1.36,0.88,1.68
0.002245,4.96,1.6,1.36,0.88,1.68
0.002246,4.96,1.6,1.36,0.96,1.68
0.002247,4.96,1.6,1.36,0.96,1.68
0.002248,4.96,1.6,1.36,0.96,1.68
0.002249,4.96,1.6,1.36,0.96,1.68
0.00225,4.96,1.6,1.36,0.96,1.68
0.002251,5.04,1.6,1.36,0.96,1.68
0.002252,5.04,1.6,1.36,0.96,1.68
0.002253,5.04,1.6,1.36,0.96,1.76
0.002254,5.04,1.6,1.36,0.96,1.76
0.002255,5.04,1.6,1.36,0.96,1.76
0.002256,5.04,1.68,1.36,0.96,1.76
0.002257,5.04,1.68,1.36,0.96,1.76
0.002258,5.04,1.68,1.36,0.96,1.76
0.002259,5.04,1.68,1.36,0.96,1.76
0.00226,5.04,1.68,1.36,0.96,1.76
0.002261,5.04,1.68,1.36,0.96,1.76
0.002262,5.04,1.68,1.36,0.96,1.76
0.002263,5.12,1.68,1.36,0.96,1.76
0.002264,5.12,1.68,1.36,0.96,1.76
0.002265,5.12,1.68,1.44,0.96,1.76
0.002266,5.12,1.68,1.44,0.96,1.76
0.002267,5.12,1.68,1.44,0.96,1.76
0.002268,5.12,1.68,1.44,0.96,1.76
0.002269,5.12,1.68,1.44,0.96,1.76
0.00227,5.12,1.68,1.44,0.96,1.76
0.002271,5.12,1.68,1.44,0.96,1.84
0.002272,5.12,1.68,1.44,0.96,1.84
0.002273,5.12,1.68,1.44,0.96,1.84
0.002274,5.12,1.68,1.44,0.96,1.84
0.002275,5.2,1.68,1.44,0.96,1.84
0.002276,5.2,1.68,1.44,0.96,1.84
0.002277,5.2,1.68,1.44,0.96,1.84
0.002278,5.2,1.68,1.44,0.96,1.84
0.002279,5.2,1.68,1.44,0.96,1.84
0.00228,5.2,1.68,1.44,0.96,1.84
0.002281,5.2,1.68,1.44,1.04,1.84
0.002282,5.2,1.76,1.44,0.96,1.84
0.002283,5.2,1.76,1.44,1.04,1.84
0.002284,5.2,1.76,1.44,1.04,1.84
0.002285,5.2,1.76,1.44,1.04,1.84
0.002286,5.28,1.76,1.44,1.04,1.84
0.002287,5.28,1.76,1.44,1.04,1.84
0.002288,5.28,1.76,1.44,1.04,1.84
0.002289,5.28,1.76,1.44,1.04,1.84
0.00229,5.28,1.76,1.52,1.04,1.84
0.002291,5.28,1.76,1.52,1.04,1.84
0.002292,5.28,1.76,1.52,1.04,1.84
0.002293,5.28,1.76,1.52,1.04,1.84
0.002294,5.28,1.76,1.52,1.04,1.84
0.002295,5.28,1.76,1.52,1.04,1.84
0.002296,5.28,1.76,1.52,1.04,1.84
0.002297,5.28,1.76,1.52,1.04,1.84
0.002298,5.36,1.76,1.52,1.04,1.84
0.002299,5.36,1.76,1.52,1.04,1.84
0.0023,5.36,1.76,1.52,1.04,1.92
0.002301,5.36,1.76,1.52,1.04,1.92
0.002302,5.36,1.76,1.52,1.04,1.92
0.002303,5.36,1.76,1.52,1.04,1.92
0.002304,5.36,1.76,1.52,1.04,1.92
0.002305,5.36,1.76,1.52,1.04,1.92
0.002306,5.36,1.84,1.52,1.04,1.92
0.002307,5.36,1.84,1.52,1.04,1.92
0.002308,5.36,1.84,1.52,1.04,1.92
0.002309,5.36,1.84,1.52,1.12,1.92
0.00231,5.36,1.84,1.52,1.12,1.92
0.002311,5.36,1.84,1.52,1.12,1.92
0.002312,5.36,1.84,1.52,1.12,1.92
0.002313,5.36,1.84,1.52,1.12,1.92
0.002314,5.44,1.84,1.52,1.12,1.92
0.002315,5.44,1.84,1.52,1.12,1.92
0.002316,5.44,1.84,1.52,1.12,1.92
0.002317,5.44,1.84,1.52,1.12,1.92
0.002318,5.44,1.84,1.52,1.12,1.92
0.002319,5.44,1.84,1.52,1.12,1.92
0.00232,5.44,1.84,1.52,1.12,1.92
0.002321,5.44,1.84,1.52,1.12,2
0.002322,5.44,1.84,1.52,1.12,2
0.002323,5.44,1.84,1.52,1.12,2
0.002324,5.44,1.84,1.52,1.12,2
0.002325,5.44,1.84,1.52,1.12,2
0.002326,5.44,1.84,1.52,1.12,2
0.002327,5.52,1.84,1.6,1.12,2
0.002328,5.52,1.84,1.6,1.12,2
0.002329,5.52,1.84,1.6,1.12,2
0.00233,5.52,1.84,1.6,1.12,2
0.002331,5.52,1.84,1.6,1.12,2
0.002332,5.52,1.92,1.6,1.12,2
0.002333,5.52,1.92,1.6,1.12,2
0.002334,5.52,1.92,1.6,1.12,2
0.002335,5.52,1.92,1.6,1.12,2
0.002336,5.52,1.92,1.6,1.12,2
0.002337,5.52,1.92,1.6,1.12,2
0.002338,5.52,1.92,1.6,1.12,2
0.002339,5.52,1.92,1.6,1.12,2
0.00234,5.52,1.92,1.6,1.12,2
0.002341,5.52,1.92,1.6,1.12,2
0.002342,5.52,1.92,1.6,1.12,2
0.002343,5.6,1.92,1.6,1.12,2
0.002344,5.6,1.92,1.6,1.12,2
0.002345,5.6,1.92,1.6,1.12,2
0.002346,5.6,1.92,1.6,1.12,2.08
0.002347,5.6,1.92,1.6,1.12,2.08
0.002348,5.6,1.92,1.6,1.12,2.08
0.002349,5.6,1.92,1.6,1.12,2.08
0.00235,5.6,1.92,1.68,1.12,2.08
0.002351,5.6,2,1.68,1.12,2.08
0.002352,5.6,1.92,1.68,1.12,2.08
0.002353,5.6,1.92,1.68,1.12,2.08
0.002354,5.6,1.92,1.68,1.12,2.08
0.002355,5.68,1.92,1.68,1.12,2.08
0.002356,5.68,1.92,1.68,1.12,2.08
0.002357,5.68,1.92,1.68,1.2,2.08
0.002358,5.68,1.92,1.68,1.2,2.08
0.002359,5.68,1.92,1.68,1.2,2.08
0.00236,5.68,2,1.68,1.2,2.08
0.002361,5.68,1.92,1.68,1.2,2.08
0.002362,5.68,1.92,1.68,1.2,2.08
0.002363,5.68,2,1.68,1.2,2.08
0.002364,5.68,2,1.68,1.2,2.08
0.002365,5.68,2,1.68,1.2,2.08
0.002366,5.68,2,1.68,1.2,2.08
0.002367,5.68,2,1.68,1.2,2.08
0.002368,5.76,2,1.68,1.2,2.08
0.002369,5.76,2,1.68,1.2,2.16
0.00237,5.76,2,1.68,1.2,2.16
0.002371,5.76,2,1.68,1.2,2.16
0.002372,5.76,2,1.68,1.2,2.16
0.002373,5.76,2,1.68,1.2,2.16
0.002374,5.76,2,1.68,1.2,2.16
0.002375,5.76,2,1.68,1.2,2.16
0.002376,5.76,2,1.68,1.2,2.16
0.002377,5.76,2,1.68,1.2,2.16
0.002378,5.76,2,1.68,1.2,2.16
0.002379,5.84,2,1.68,1.2,2.16
0.00238,5.84,2.08,1.68,1.2,2.16
0.002381,5.84,2.08,1.68,1.2,2.16
0.002382,5.84,2.08,1.68,1.2,2.16
0.002383,5.84,2.08,1.76,1.2,2.16
0.002384,5.84,2.08,1.76,1.2,2.16
0.002385,5.84,2.08,1.76,1.2,2.16
0.002386,5.84,2.08,1.76,1.2,2.16
0.002387,5.84,2.08,1.76,1.2,2.16
0.002388,5.84,2.08,1.76,1.2,2.16
0.002389,5.84,2.08,1.76,1.2,2.16
0.00239,5.84,2.08,1.76,1.2,2.16
0.002391,5.84,2.08,1.76,1.2,2.16
0.002392,5.92,2.08,1.76,1.2,2.24
0.002393,5.92,2.08,1.76,1.28,2.24
0.002394,5.92,2.08,1.76,1.28,2.24
0.002395,5.92,2.08,1.76,1.28,2.24
0.002396,5.92,2.08,1.76,1.28,2.24
0.002397,5.92,2.08,1.76,1.28,2.24
0.002398,5.92,2.08,1.76,1.28,2.24
0.002399,5.92,2.08,1.76,1.28,2.24
0.0024,5.92,2.08,1.76,1.28,2.24
0.002401,5.92,2.08,1.76,1.28,2.24
0.002402,5.92,2.08,1.76,1.28,2.24
0.002403,5.92,2.08,1.76,1.28,2.24
0.002404,6,2.08,1.76,1.28,2.24
0.002405,6,2.08,1.76,1.28,2.24
0.002406,6,2.08,1.76,1.28,2.24
0.002407,6,2.08,1.76,1.28,2.24
0.002408,6,2.08,1.76,1.28,2.24
0.002409,6,2.16,1.76,1.28,2.24
0.00241,6,2.16,1.76,1.28,2.24
0.002411,6,2.16,1.76,1.28,2.24
0.002412,6,2.16,1.76,1.28,2.24
0.002413,6,2.16,1.84,1.28,2.24
0.002414,6,2.16,1.84,1.28,2.24
0.002415,6,2.16,1.84,1.28,2.24
0.002416,6,2.16,1.84,1.28,2.24
0.002417,6,2.16,1.84,1.28,2.32
0.002418,6,2.16,1.84,1.28,2.32
0.002419,6,2.16,1.84,1.28,2.32
0.00242,6.08,2.16,1.84,1.28,2.32
0.002421,6.08,2.16,1.84,1.28,2.32
0.002422,6.08,2.16,1.84,1.28,2.32
0.002423,6.08,2.16,1.84,1.28,2.32
0.002424,6.08,2.16,1.84,1.28,2.32
0.002425,6.08,2.16,1.84,1.28,2.32
0.002426,6.08,2.16,1.84,1.28,2.32
0.002427,6.08,2.16,1.84,1.28,2.32
0.002428,6.08,2.16,1.84,1.28,2.32
0.002429,6.08,2.16,1.84,1.28,2.32
0.00243,6.08,2.16,1.84,1.28,2.32
0.002431,6.08,2.24,1.84,1.36,2.32
0.002432,6.08,2.24,1.84,1.36,2.32
0.002433,6.16,2.24,1.84,1.36,2.32
0.002434,6.16,2.24,1.84,1.36,2.32
0.002435,6.16,2.24,1.84,1.36,2.32
0.002436,6.16,2.24,1.84,1.36,2.32
0.002437,6.16,2.24,1.84,1.36,2.32
0.002438,6.16,2.24,1.84,1.36,2.32
0.002439,6.16,2.24,1.84,1.36,2.32
0.00244,6.16,2.24,1.84,1.36,2.32
0.002441,6.16,2.24,1.84,1.36,2.4
0.002442,6.16,2.24,1.84,1.36,2.4
0.002443,6.16,2.24,1.84,1.36,2.4
0.002444,6.16,2.24,1.92,1.36,2.4
0.002445,6.16,2.24,1.92,1.36,2.4
0.002446,6.24,2.24,1.92,1.36,2.4
0.002447,6.24,2.24,1.92,1.36,2.4
0.002448,6.24,2.24,1.92,1.36,2.4
0.002449,6.24,2.24,1.92,1.36,2.4
0.00245,6.24,2.24,1.92,1.36,2.4
0.002451,6.24,2.24,1.92,1.36,2.4
0.002452,6.24,2.24,1.92,1.36,2.4
0.002453,6.24,2.24,1.92,1.36,2.4
0.002454,6.24,2.24,1.92,1.36,2.4
0.002455,6.24,2.24,1.92,1.36,2.4
0.002456,6.24,2.24,1.92,1.36,2.4
0.002457,6.24,2.24,1.92,1.36,2.4
0.002458,6.24,2.24,1.92,1.36,2.4
0.002459,6.32,2.24,1.92,1.36,2.4
0.00246,6.32,2.32,1.92,1.36,2.4
0.002461,6.32,2.32,1.92,1.36,2.4
0.002462,6.32,2.32,1.92,1.36,2.4
0.002463,6.32,2.32,1.92,1.36,2.4
0.002464,6.32,2.32,1.92,1.36,2.4
0.002465,6.32,2.32,1.92,1.36,2.4
0.002466,6.32,2.32,1.92,1.36,2.4
0.002467,6.32,2.32,1.92,1.36,2.48
0.002468,6.32,2.32,1.92,1.36,2.48
0.002469,6.32,2.32,1.92,1.36,2.48
0.00247,6.32,2.32,1.92,1.36,2.48
0.002471,6.32,2.32,1.92,1.36,2.48
0.002472,6.4,2.32,1.92,1.44,2.48
0.002473,6.4,2.32,2,1.44,2.48
0.002474,6.4,2.32,1.92,1.44,2.48
0.002475,6.4,2.32,2,1.44,2.48
0.002476,6.4,2.32,2,1.44,2.48
0.002477,6.4,2.4,2,1.44,2.48
0.002478,6.4,2.32,2,1.44,2.48
0.002479,6.4,2.4,2,1.44,2.48
0.00248,6.4,2.4,2,1.44,2.48
0.002481,6.4,2.4,2,1.44,2.48
0.002482,6.4,2.4,2,1.44,2.48
0.002483,6.4,2.4,2,1.44,2.48
0.002484,6.4,2.4,2,1.44,2.48
0.002485,6.48,2.4,2,1.44,2.48
0.002486,6.48,2.4,2,1.44,2.48
0.002487,6.48,2.4,2,1.44,2.48
0.002488,6.48,2.4,2,1.44,2.56
0.002489,6.48,2.4,2,1.44,2.56
0.00249,6.48,2.4,2,1.44,2.56
0.002491,6.48,2.4,2,1.44,2.56
0.002492,6.48,2.4,2,1.44,2.56
0.002493,6.48,2.4,2,1.44,2.56
0.002494,6.48,2.4,2,1.44,2.56
0.002495,6.48,2.4,2,1.44,2.56
0.002496,6.48,2.4,2,1.44,2.56
0.002497,6.48,2.4,2,1.44,2.56
0.002498,6.56,2.4,2,1.44,2.56
0.002499,6.56,2.4,2,1.44,2.56
0.0025,6.56,2.4,2,1.44,2.56
0.002501,6.56,2.4,2,1.44,2.56
0.002502,6.56,2.4,2.08,1.44,2.56
0.002503,6.56,2.4,2.08,1.44,2.56
0.002504,6.56,2.4,2.08,1.44,2.56
0.002505,6.56,2.4,2.08,1.44,2.56
0.002506,6.56,2.4,2.08,1.52,2.56
0.002507,6.56,2.4,2.08,1.52,2.56
0.002508,6.56,2.4,2.08,1.44,2.56
0.002509,6.56,2.4,2.08,1.52,2.56
0.00251,6.56,2.4,2.08,1.52,2.56
0.002511,6.64,2.4,2.08,1.52,2.56
0.002512,6.64,2.4,2.08,1.52,2.56
0.002513,6.64,2.4,2.08,1.52,2.64
0.002514,6.64,2.4,2.08,1.52,2.64
0.002515,6.64,2.48,2.08,1.52,2.64
0.002516,6.64,2.48,2.08,1.52,2.64
0.002517,6.64,2.48,2.08,1.52,2.64
0.002518,6.64,2.48,2.08,1.52,2.64
0.002519,6.64,2.48,2.08,1.52,2.64
0.00252,6.64,2.48,2.08,1.52,2.64
0.002521,6.64,2.48,2.08,1.52,2.64
0.002522,6.64,2.48,2.08,1.52,2.64
0.002523,6.64,2.48,2.08,1.52,2.64
0.002524,6.72,2.48,2.08,1.52,2.64
0.002525,6.72,2.48,2.08,1.52,2.64
0.002526,6.72,2.48,2.08,1.52,2.64
0.002527,6.72,2.48,2.08,1.52,2.64
0.002528,6.72,2.48,2.08,1.52,2.64
0.002529,6.72,2.56,2.08,1.52,2.64
0.00253,6.72,2.56,2.08,1.52,2.64
0.002531,6.72,2.56,2.08,1.52,2.64
0.002532,6.72,2.56,2.08,1.52,2.64
0.002533,6.72,2.56,2.08,1.52,2.64
0.002534,6.72,2.56,2.08,1.52,2.64
0.002535,6.72,2.56,2.08,1.52,2.64
0.002536,6.72,2.56,2.16,1.52,2.64
0.002537,6.72,2.56,2.08,1.52,2.64
0.002538,6.8,2.56,2.16,1.52,2.64
0.002539,6.8,2.56,2.16,1.52,2.64
0.00254,6.8,2.56,2.16,1.52,2.64
0.002541,6.8,2.56,2.16,1.52,2.64
0.002542,6.8,2.56,2.16,1.52,2.72
0.002543,6.8,2.56,2.16,1.52,2.72
0.002544,6.8,2.56,2.16,1.52,2.72
0.002545,6.8,2.56,2.16,1.52,2.72
0.002546,6.8,2.56,2.16,1.52,2.72
0.002547,6.8,2.56,2.16,1.52,2.72
0.002548,6.8,2.56,2.16,1.52,2.72
0.002549,6.8,2.56,2.16,1.52,2.72
0.00255,6.8,2.56,2.16,1.52,2.72
0.002551,6.8,2.56,2.16,1.52,2.72
0.002552,6.8,2.56,2.16,1.52,2.72
0.002553,6.8,2.56,2.16,1.52,2.72
0.002554,6.8,2.56,2.16,1.52,2.72
0.002555,6.8,2.56,2.16,1.6,2.72
0.002556,6.8,2.56,2.16,1.6,2.72
0.002557,6.8,2.56,2.16,1.52,2.72
0.002558,6.8,2.56,2.16,1.6,2.72
0.002559,6.8,2.56,2.16,1.6,2.72
0.00256,6.88,2.56,2.16,1.6,2.72
0.002561,6.88,2.64,2.16,1.6,2.72
0.002562,6.88,2.64,2.16,1.6,2.72
0.002563,6.88,2.64,2.16,1.6,2.72
0.002564,6.88,2.64,2.24,1.6,2.8
0.002565,6.88,2.64,2.24,1.6,2.8
0.002566,6.88,2.64,2.24,1.6,2.8
0.002567,6.88,2.64,2.24,1.6,2.8
0.002568,6.88,2.64,2.24,1.6,2.8
0.002569,6.88,2.64,2.24,1.6,2.8
0.00257,6.88,2.64,2.24,1.6,2.8
0.002571,6.88,2.64,2.24,1.6,2.8
0.002572,6.88,2.64,2.24,1.6,2.8
0.002573,6.88,2.64,2.24,1.6,2.8
0.002574,6.96,2.64,2.24,1.6,2.8
0.002575,6.96,2.64,2.24,1.6,2.8
0.002576,6.96,2.64,2.24,1.6,2.8
0.002577,6.96,2.64,2.24,1.6,2.8
0.002578,6.96,2.64,2.24,1.6,2.8
0.002579,6.96,2.64,2.24,1.6,2.8
0.00258,6.96,2.64,2.24,1.6,2.8
0.002581,6.96,2.64,2.24,1.6,2.8
0.002582,6.96,2.64,2.24,1.6,2.8
0.002583,6.96,2.64,2.24,1.6,2.8
0.002584,6.96,2.64,2.24,1.6,2.8
0.002585,6.96,2.64,2.24,1.6,2.8
0.002586,6.96,2.64,2.24,1.6,2.8
0.002587,7.04,2.64,2.24,1.6,2.8
0.002588,7.04,2.64,2.24,1.6,2.8
0.002589,7.04,2.72,2.24,1.6,2.8
0.00259,7.04,2.72,2.24,1.6,2.8
0.002591,7.04,2.72,2.24,1.6,2.8
0.002592,7.04,2.72,2.24,1.6,2.8
0.002593,7.04,2.72,2.24,1.6,2.88
0.002594,7.04,2.72,2.24,1.6,2.88
0.002595,7.04,2.72,2.24,1.6,2.88
0.002596,7.04,2.72,2.24,1.68,2.88
0.002597,7.04,2.72,2.24,1.6,2.88
0.002598,7.04,2.72,2.32,1.6,2.88
0.002599,7.04,2.72,2.32,1.68,2.88
0.0026,7.12,2.72,2.32,1.68,2.88
0.002601,7.12,2.72,2.32,1.68,2.88
0.002602,7.12,2.72,2.32,1.68,2.88
0.002603,7.12,2.72,2.32,1.68,2.88
0.002604,7.12,2.72,2.32,1.68,2.88
0.002605,7.12,2.72,2.32,1.68,2.88
0.002606,7.12,2.72,2.32,1.68,2.88
0.002607,7.12,2.72,2.32,1.68,2.88
0.002608,7.12,2.72,2.32,1.68,2.88
0.002609,7.12,2.72,2.32,1.68,2.88
0.00261,7.12,2.72,2.32,1.68,2.88
0.002611,7.12,2.72,2.32,1.68,2.88
0.002612,7.12,2.72,2.32,1.68,2.88
0.002613,7.12,2.72,2.32,1.68,2.88
0.002614,7.12,2.72,2.32,1.68,2.96
0.002615,7.2,2.72,2.32,1.68,2.88
0.002616,7.2,2.72,2.32,1.68,2.88
0.002617,7.2,2.8,2.32,1.68,2.88
0.002618,7.2,2.8,2.32,1.68,2.96
0.002619,7.2,2.8,2.32,1.68,2.96
0.00262,7.2,2.8,2.32,1.68,2.96
0.002621,7.2,2.8,2.32,1.68,2.96
0.002622,7.2,2.8,2.32,1.68,2.96
0.002623,7.2,2.8,2.32,1.68,2.96
0.002624,7.2,2.8,2.32,1.68,2.96
0.002625,7.2,2.8,2.32,1.68,2.96
0.002626,7.2,2.8,2.32,1.68,2.96
0.002627,7.2,2.8,2.32,1.68,2.96
0.002628,7.28,2.8,2.4,1.68,2.96
0.002629,7.28,2.8,2.4,1.68,2.96
0.00263,7.28,2.8,2.32,1.68,2.96
0.002631,7.28,2.8,2.4,1.68,2.96
0.002632,7.28,2.8,2.4,1.68,2.96
0.002633,7.28,2.8,2.4,1.68,2.96
0.002634,7.28,2.8,2.4,1.68,2.96
0.002635,7.28,2.8,2.4,1.68,2.96
0.002636,7.28,2.8,2.4,1.68,2.96
0.002637,7.28,2.8,2.4,1.68,2.96
0.002638,7.28,2.8,2.4,1.68,3.04
0.002639,7.28,2.8,2.4,1.68,3.04
0.00264,7.28,2.8,2.4,1.68,3.04
0.002641,7.28,2.88,2.4,1.76,3.04
0.002642,7.28,2.88,2.4,1.76,3.04
0.002643,7.36,2.88,2.4,1.76,3.04
0.002644,7.36,2.88,2.4,1.76,3.04
0.002645,7.36,2.88,2.4,1.76,3.04
0.002646,7.36,2.88,2.4,1.76,3.04
0.002647,7.36,2.88,2.4,1.76,3.04
0.002648,7.36,2.88,2.4,1.76,3.04
0.002649,7.36,2.88,2.4,1.76,3.04
0.00265,7.36,2.88,2.4,1.76,3.04
0.002651,7.36,2.88,2.4,1.76,3.04
0.002652,7.36,2.88,2.4,1.76,3.04
0.002653,7.36,2.88,2.4,1.76,3.04
0.002654,7.36,2.88,2.4,1.76,3.04
0.002655,7.36,2.88,2.4,1.76,3.04
0.002656,7.36,2.88,2.4,1.76,3.04
0.002657,7.44,2.88,2.4,1.76,3.04
0.002658,7.44,2.88,2.4,1.76,3.04
0.002659,7.44,2.88,2.48,1.76,3.04
0.00266,7.44,2.88,2.48,1.76,3.04
0.002661,7.44,2.88,2.48,1.76,3.04
0.002662,7.44,2.88,2.48,1.76,3.04
0.002663,7.44,2.88,2.48,1.76,3.04
0.002664,7.44,2.88,2.48,1.76,3.04
0.002665,7.44,2.88,2.48,1.76,3.04
0.002666,7.44,2.88,2.48,1.76,3.04
0.002667,7.44,2.88,2.48,1.76,3.04
0.002668,7.44,2.88,2.48,1.76,3.04
0.002669,7.44,2.96,2.48,1.76,3.04
0.00267,7.44,2.96,2.48,1.76,3.04
0.002671,7.52,2.96,2.48,1.76,3.04
0.002672,7.52,2.96,2.48,1.76,3.12
0.002673,7.52,2.96,2.48,1.76,3.12
0.002674,7.52,2.96,2.48,1.76,3.12
0.002675,7.52,2.96,2.48,1.76,3.12
0.002676,7.52,2.96,2.48,1.76,3.12
0.002677,7.52,2.96,2.48,1.76,3.12
0.002678,7.52,2.96,2.48,1.76,3.12
0.002679,7.52,2.96,2.48,1.76,3.12
0.00268,7.52,2.96,2.48,1.76,3.12
0.002681,7.52,2.96,2.48,1.76,3.12
0.002682,7.52,2.96,2.48,1.76,3.12
0.002683,7.52,2.96,2.48,1.76,3.12
0.002684,7.52,2.96,2.48,1.76,3.12
0.002685,7.6,2.96,2.48,1.76,3.2
0.002686,7.6,2.96,2.48,1.84,3.2
0.002687,7.6,2.96,2.48,1.84,3.2
0.002688,7.6,2.96,2.48,1.84,3.2
0.002689,7.6,2.96,2.48,1.84,3.2
0.00269,7.6,2.96,2.48,1.84,3.2
0.002691,7.6,2.96,2.48,1.84,3.2
0.002692,7.6,2.96,2.48,1.84,3.2
0.002693,7.6,2.96,2.48,1.84,3.2
0.002694,7.6,2.96,2.56,1.84,3.2
0.002695,7.6,2.96,2.56,1.84,3.2
0.002696,7.6,2.96,2.56,1.84,3.2
0.002697,7.6,2.96,2.56,1.84,3.2
0.002698,7.6,2.96,2.56,1.84,3.2
0.002699,7.68,3.04,2.56,1.84,3.2
0.0027,7.68,3.04,2.56,1.84,3.2
0.002701,7.68,3.04,2.56,1.84,3.2
0.002702,7.68,3.04,2.56,1.84,3.2
0.002703,7.68,3.04,2.56,1.84,3.2
0.002704,7.68,3.04,2.56,1.84,3.2
0.002705,7.68,3.04,2.56,1.84,3.2
0.002706,7.68,3.04,2.56,1.84,3.2
0.002707,7.68,3.04,2.56,1.84,3.2
0.002708,7.68,3.04,2.56,1.84,3.2
0.002709,7.68,3.04,2.56,1.84,3.2